file	script	entry	raw_id	status	calls	pc	offset	opcode	time	sprite	visible	stopped	hit_animation_type	rng_seed	rng_draws
ascii.anm	0	0	4294967269	BOUNDED_PREFIX	600	2	4056	23	0	133	0	1	0	UNAVAILABLE	UNAVAILABLE
ascii.anm	1	0	4294967270	BOUNDED_PREFIX	600	2	4252	23	0	134	0	1	0	UNAVAILABLE	UNAVAILABLE
ascii.anm	2	0	4294967271	BOUNDED_PREFIX	600	2	4448	23	0	135	0	1	0	UNAVAILABLE	UNAVAILABLE
ascii.anm	3	0	4294967272	BOUNDED_PREFIX	600	2	4664	23	0	130	0	1	0	UNAVAILABLE	UNAVAILABLE
ascii.anm	4	0	4294967273	COMPLETED	1	2	4852	2	0	136	1	0	0	UNAVAILABLE	UNAVAILABLE
ascii.anm	5	0	4294967274	BOUNDED_PREFIX	600	4	4912	23	0	155	0	1	0	UNAVAILABLE	UNAVAILABLE
ascii.anm	6	0	4294967275	BOUNDED_PREFIX	600	6	5172	23	0	153	0	1	0	UNAVAILABLE	UNAVAILABLE
ascii.anm	7	0	4294967276	BOUNDED_PREFIX	600	5	5384	23	0	154	0	1	0	UNAVAILABLE	UNAVAILABLE
ascii.anm	8	0	4294967277	BOUNDED_PREFIX	600	3	5568	23	0	152	0	1	0	UNAVAILABLE	UNAVAILABLE
ascii.anm	9	0	4294967278	BOUNDED_PREFIX	600	4	5808	4	60	156	1	0	0	UNAVAILABLE	UNAVAILABLE
ascii.anm	10	0	4294967279	BOUNDED_PREFIX	600	4	5880	23	0	157	0	1	0	UNAVAILABLE	UNAVAILABLE
ascii.anm	11	0	4294967280	BOUNDED_PREFIX	600	5	6072	34	60	159	1	0	0	UNAVAILABLE	UNAVAILABLE
ascii.anm	12	2	4294967281	BOUNDED_PREFIX	600	3	271792	23	0	268	0	1	0	UNAVAILABLE	UNAVAILABLE
ascii.anm	13	2	4294967282	BOUNDED_PREFIX	600	3	271988	23	0	269	0	1	0	UNAVAILABLE	UNAVAILABLE
ascii.anm	14	2	4294967283	BOUNDED_PREFIX	600	3	272184	23	0	270	0	1	0	UNAVAILABLE	UNAVAILABLE
ascii.anm	15	2	4294967284	BOUNDED_PREFIX	600	3	272380	23	0	271	0	1	0	UNAVAILABLE	UNAVAILABLE
ascii.anm	16	2	4294967285	BOUNDED_PREFIX	600	3	272576	23	0	272	0	1	0	UNAVAILABLE	UNAVAILABLE
ascii.anm	17	2	4294967286	BOUNDED_PREFIX	600	3	272772	23	0	275	0	1	0	UNAVAILABLE	UNAVAILABLE
ascii.anm	18	2	4294967287	BOUNDED_PREFIX	600	3	272968	23	0	276	0	1	0	UNAVAILABLE	UNAVAILABLE
ascii.anm	19	2	4294967288	BOUNDED_PREFIX	600	6	273204	20	20	283	1	1	0	UNAVAILABLE	UNAVAILABLE
ascii.anm	20	2	4294967289	BOUNDED_PREFIX	600	6	273344	20	20	290	1	1	0	UNAVAILABLE	UNAVAILABLE
ascii.anm	21	2	4294967290	BOUNDED_PREFIX	600	6	273484	20	20	289	1	1	0	UNAVAILABLE	UNAVAILABLE
ascii.anm	22	2	4294967291	BOUNDED_PREFIX	600	3	273584	23	0	273	0	1	0	UNAVAILABLE	UNAVAILABLE
ascii.anm	23	2	4294967292	BOUNDED_PREFIX	600	3	273780	23	0	275	0	1	0	UNAVAILABLE	UNAVAILABLE
ascii.anm	24	2	4294967293	BOUNDED_PREFIX	600	3	273976	23	0	276	0	1	0	UNAVAILABLE	UNAVAILABLE
ascii.anm	25	2	4294967294	BOUNDED_PREFIX	600	6	274212	20	80	283	1	1	0	UNAVAILABLE	UNAVAILABLE
ascii.anm	26	2	4294967295	BOUNDED_PREFIX	600	3	274308	4	600	282	1	0	0	UNAVAILABLE	UNAVAILABLE
capture.anm	0	0	4294967291	BOUNDED_PREFIX	600	6	276	20	30	0	1	1	0	UNAVAILABLE	UNAVAILABLE
capture.anm	1	0	4294967292	BOUNDED_PREFIX	600	13	580	20	40	1	1	1	0	UNAVAILABLE	UNAVAILABLE
capture.anm	2	0	4294967293	BOUNDED_PREFIX	600	14	884	23	41	1	0	1	0	UNAVAILABLE	UNAVAILABLE
capture.anm	3	0	4294967294	COMPLETED	62	5	1008	1	61	2	0	0	0	UNAVAILABLE	UNAVAILABLE
capture.anm	4	0	4294967295	COMPLETED	62	5	1112	1	61	2	0	0	0	UNAVAILABLE	UNAVAILABLE
eff01.anm	0	0	4294967262	BOUNDED_PREFIX	600	6	208	4	1	0	1	0	0	UNAVAILABLE	UNAVAILABLE
eff01.anm	1	1	4294967263	BOUNDED_PREFIX	600	6	131528	4	1	1	1	0	0	UNAVAILABLE	UNAVAILABLE
eff02.anm	0	0	4294967264	BOUNDED_PREFIX	600	7	220	4	1	0	1	0	0	UNAVAILABLE	UNAVAILABLE
eff02.anm	1	1	4294967265	BOUNDED_PREFIX	600	7	131552	4	1	1	1	0	0	UNAVAILABLE	UNAVAILABLE
eff03.anm	0	0	4294967266	BOUNDED_PREFIX	600	6	212	4	600	0	1	0	0	UNAVAILABLE	UNAVAILABLE
eff03.anm	1	1	4294967267	BOUNDED_PREFIX	600	7	131544	4	1	1	1	0	0	UNAVAILABLE	UNAVAILABLE
eff04a.anm	0	0	4294967268	BOUNDED_PREFIX	600	6	212	4	600	0	1	0	0	UNAVAILABLE	UNAVAILABLE
eff04a.anm	1	1	4294967269	BOUNDED_PREFIX	600	6	131548	4	600	1	1	0	0	UNAVAILABLE	UNAVAILABLE
eff04b.anm	0	0	4294967270	BOUNDED_PREFIX	600	6	212	4	600	0	1	0	0	UNAVAILABLE	UNAVAILABLE
eff04b.anm	1	1	4294967271	BOUNDED_PREFIX	600	6	131532	4	1	1	1	0	0	UNAVAILABLE	UNAVAILABLE
eff05.anm	0	0	4294967272	BOUNDED_PREFIX	600	7	236	4	600	0	1	0	0	UNAVAILABLE	UNAVAILABLE
eff05.anm	1	1	4294967273	BOUNDED_PREFIX	600	7	524848	4	600	1	1	0	0	UNAVAILABLE	UNAVAILABLE
eff06.anm	0	0	4294967274	BOUNDED_PREFIX	600	7	236	4	600	0	1	0	0	UNAVAILABLE	UNAVAILABLE
eff06.anm	1	1	4294967275	BOUNDED_PREFIX	600	7	524848	4	600	1	1	0	0	UNAVAILABLE	UNAVAILABLE
eff06.anm	2	2	4294967276	BOUNDED_PREFIX	600	6	656216	4	1	2	1	0	0	UNAVAILABLE	UNAVAILABLE
eff06.anm	3	3	4294967277	BOUNDED_PREFIX	600	6	787540	4	600	3	1	0	0	UNAVAILABLE	UNAVAILABLE
eff07.anm	0	0	4294967278	BOUNDED_PREFIX	600	7	236	4	600	0	1	0	0	UNAVAILABLE	UNAVAILABLE
eff07.anm	1	1	4294967279	BOUNDED_PREFIX	600	7	524848	4	600	1	1	0	0	UNAVAILABLE	UNAVAILABLE
eff07.anm	2	2	4294967280	BOUNDED_PREFIX	600	6	656216	4	1	2	1	0	0	UNAVAILABLE	UNAVAILABLE
eff07.anm	3	3	4294967281	BOUNDED_PREFIX	600	5	787524	4	600	3	1	0	0	UNAVAILABLE	UNAVAILABLE
eff08.anm	0	0	4294967282	BOUNDED_PREFIX	600	6	212	4	600	0	1	0	0	UNAVAILABLE	UNAVAILABLE
eff08.anm	1	1	4294967283	BOUNDED_PREFIX	600	7	131544	4	1	1	1	0	0	UNAVAILABLE	UNAVAILABLE
eff08.anm	2	2	4294967284	BOUNDED_PREFIX	600	5	262852	4	600	2	1	0	0	UNAVAILABLE	UNAVAILABLE
eff08.anm	3	3	4294967285	BOUNDED_PREFIX	600	7	787416	4	600	3	1	0	0	UNAVAILABLE	UNAVAILABLE
eff09al.anm	0	0	4294967290	BOUNDED_PREFIX	600	6	208	4	1	0	1	0	0	UNAVAILABLE	UNAVAILABLE
eff09al.anm	1	1	4294967291	BOUNDED_PREFIX	600	7	131556	4	600	1	1	0	0	UNAVAILABLE	UNAVAILABLE
eff09rm.anm	0	0	4294967292	BOUNDED_PREFIX	600	11	296	4	600	0	1	0	0	UNAVAILABLE	UNAVAILABLE
eff09rm.anm	1	1	4294967293	BOUNDED_PREFIX	600	7	131708	4	1	1	1	0	0	UNAVAILABLE	UNAVAILABLE
eff09sk.anm	0	0	4294967286	BOUNDED_PREFIX	600	11	296	4	600	0	1	0	0	UNAVAILABLE	UNAVAILABLE
eff09sk.anm	1	1	4294967287	BOUNDED_PREFIX	600	10	131764	4	600	1	1	0	0	UNAVAILABLE	UNAVAILABLE
eff09yk.anm	0	0	0	BOUNDED_PREFIX	600	12	288	4	600	0	1	0	0	UNAVAILABLE	UNAVAILABLE
eff09yk.anm	1	1	1	BOUNDED_PREFIX	600	6	131684	4	600	1	1	0	0	UNAVAILABLE	UNAVAILABLE
eff09ym.anm	0	0	4294967288	BOUNDED_PREFIX	600	11	272	4	600	0	1	0	0	UNAVAILABLE	UNAVAILABLE
eff09ym.anm	1	1	4294967289	BOUNDED_PREFIX	600	14	131812	4	300	1	1	0	0	UNAVAILABLE	UNAVAILABLE
eff09yy.anm	0	0	4294967294	BOUNDED_PREFIX	600	6	208	4	1	0	1	0	0	UNAVAILABLE	UNAVAILABLE
eff09yy.anm	1	1	4294967295	BOUNDED_PREFIX	600	6	131532	4	600	1	1	0	0	UNAVAILABLE	UNAVAILABLE
enemy.anm	0	0	0	BOUNDED_PREFIX	600	2	4696	3	8	1	1	0	0	UNAVAILABLE	UNAVAILABLE
enemy.anm	1	0	1	COMPLETED	25	4	4792	2	24	4	1	0	0	UNAVAILABLE	UNAVAILABLE
enemy.anm	2	0	2	COMPLETED	25	5	4864	2	24	4	1	0	0	UNAVAILABLE	UNAVAILABLE
enemy.anm	3	0	3	BOUNDED_PREFIX	600	8	4976	4	40	3	1	0	0	UNAVAILABLE	UNAVAILABLE
enemy.anm	4	0	4	BOUNDED_PREFIX	600	9	5104	4	40	3	1	0	0	UNAVAILABLE	UNAVAILABLE
enemy.anm	5	0	5	BOUNDED_PREFIX	600	7	5232	3	24	0	1	0	0	UNAVAILABLE	UNAVAILABLE
enemy.anm	6	0	6	BOUNDED_PREFIX	600	2	5316	3	8	9	1	0	0	UNAVAILABLE	UNAVAILABLE
enemy.anm	7	0	7	COMPLETED	25	4	5412	2	24	12	1	0	0	UNAVAILABLE	UNAVAILABLE
enemy.anm	8	0	8	COMPLETED	25	5	5484	2	24	12	1	0	0	UNAVAILABLE	UNAVAILABLE
enemy.anm	9	0	9	BOUNDED_PREFIX	600	8	5596	4	40	11	1	0	0	UNAVAILABLE	UNAVAILABLE
enemy.anm	10	0	10	BOUNDED_PREFIX	600	9	5724	4	40	11	1	0	0	UNAVAILABLE	UNAVAILABLE
enemy.anm	11	0	11	BOUNDED_PREFIX	600	7	5852	3	24	8	1	0	0	UNAVAILABLE	UNAVAILABLE
enemy.anm	12	0	12	BOUNDED_PREFIX	600	2	5936	3	8	17	1	0	0	UNAVAILABLE	UNAVAILABLE
enemy.anm	13	0	13	COMPLETED	25	4	6032	2	24	20	1	0	0	UNAVAILABLE	UNAVAILABLE
enemy.anm	14	0	14	COMPLETED	25	5	6104	2	24	20	1	0	0	UNAVAILABLE	UNAVAILABLE
enemy.anm	15	0	15	BOUNDED_PREFIX	600	8	6216	4	40	19	1	0	0	UNAVAILABLE	UNAVAILABLE
enemy.anm	16	0	16	BOUNDED_PREFIX	600	9	6344	4	40	19	1	0	0	UNAVAILABLE	UNAVAILABLE
enemy.anm	17	0	17	BOUNDED_PREFIX	600	7	6472	3	24	16	1	0	0	UNAVAILABLE	UNAVAILABLE
enemy.anm	18	0	18	BOUNDED_PREFIX	600	2	6556	3	8	25	1	0	0	UNAVAILABLE	UNAVAILABLE
enemy.anm	19	0	19	COMPLETED	25	4	6652	2	24	28	1	0	0	UNAVAILABLE	UNAVAILABLE
enemy.anm	20	0	20	COMPLETED	25	5	6724	2	24	28	1	0	0	UNAVAILABLE	UNAVAILABLE
enemy.anm	21	0	21	BOUNDED_PREFIX	600	8	6836	4	40	27	1	0	0	UNAVAILABLE	UNAVAILABLE
enemy.anm	22	0	22	BOUNDED_PREFIX	600	9	6964	4	40	27	1	0	0	UNAVAILABLE	UNAVAILABLE
enemy.anm	23	0	23	BOUNDED_PREFIX	600	7	7092	3	24	24	1	0	0	UNAVAILABLE	UNAVAILABLE
enemy.anm	24	0	24	BOUNDED_PREFIX	600	2	7176	3	8	33	1	0	0	UNAVAILABLE	UNAVAILABLE
enemy.anm	25	0	25	COMPLETED	25	4	7272	2	24	36	1	0	0	UNAVAILABLE	UNAVAILABLE
enemy.anm	26	0	26	COMPLETED	25	5	7344	2	24	36	1	0	0	UNAVAILABLE	UNAVAILABLE
enemy.anm	27	0	27	BOUNDED_PREFIX	600	8	7456	4	40	35	1	0	0	UNAVAILABLE	UNAVAILABLE
enemy.anm	28	0	28	BOUNDED_PREFIX	600	9	7584	4	40	35	1	0	0	UNAVAILABLE	UNAVAILABLE
enemy.anm	29	0	29	BOUNDED_PREFIX	600	7	7712	3	24	32	1	0	0	UNAVAILABLE	UNAVAILABLE
enemy.anm	30	0	30	BOUNDED_PREFIX	600	2	7796	3	8	41	1	0	0	UNAVAILABLE	UNAVAILABLE
enemy.anm	31	0	31	COMPLETED	25	4	7892	2	24	44	1	0	0	UNAVAILABLE	UNAVAILABLE
enemy.anm	32	0	32	COMPLETED	25	5	7964	2	24	44	1	0	0	UNAVAILABLE	UNAVAILABLE
enemy.anm	33	0	33	BOUNDED_PREFIX	600	8	8076	4	40	43	1	0	0	UNAVAILABLE	UNAVAILABLE
enemy.anm	34	0	34	BOUNDED_PREFIX	600	9	8204	4	40	43	1	0	0	UNAVAILABLE	UNAVAILABLE
enemy.anm	35	0	35	BOUNDED_PREFIX	600	7	8332	3	24	40	1	0	0	UNAVAILABLE	UNAVAILABLE
enemy.anm	36	0	36	BOUNDED_PREFIX	600	2	8416	3	8	49	1	0	0	UNAVAILABLE	UNAVAILABLE
enemy.anm	37	0	37	COMPLETED	25	4	8512	2	24	52	1	0	0	UNAVAILABLE	UNAVAILABLE
enemy.anm	38	0	38	COMPLETED	25	5	8584	2	24	52	1	0	0	UNAVAILABLE	UNAVAILABLE
enemy.anm	39	0	39	BOUNDED_PREFIX	600	8	8696	4	40	51	1	0	0	UNAVAILABLE	UNAVAILABLE
enemy.anm	40	0	40	BOUNDED_PREFIX	600	9	8824	4	40	51	1	0	0	UNAVAILABLE	UNAVAILABLE
enemy.anm	41	0	41	BOUNDED_PREFIX	600	7	8952	3	24	48	1	0	0	UNAVAILABLE	UNAVAILABLE
enemy.anm	42	0	42	BOUNDED_PREFIX	600	2	9036	3	8	57	1	0	0	UNAVAILABLE	UNAVAILABLE
enemy.anm	43	0	43	COMPLETED	25	4	9132	2	24	60	1	0	0	UNAVAILABLE	UNAVAILABLE
enemy.anm	44	0	44	COMPLETED	25	5	9204	2	24	60	1	0	0	UNAVAILABLE	UNAVAILABLE
enemy.anm	45	0	45	BOUNDED_PREFIX	600	8	9316	4	40	59	1	0	0	UNAVAILABLE	UNAVAILABLE
enemy.anm	46	0	46	BOUNDED_PREFIX	600	9	9444	4	40	59	1	0	0	UNAVAILABLE	UNAVAILABLE
enemy.anm	47	0	47	BOUNDED_PREFIX	600	7	9572	3	24	56	1	0	0	UNAVAILABLE	UNAVAILABLE
enemy.anm	48	0	48	BOUNDED_PREFIX	600	4	9704	4	60	68	1	0	0	UNAVAILABLE	UNAVAILABLE
enemy.anm	49	0	49	BOUNDED_PREFIX	600	2	9760	2	600	64	1	0	0	UNAVAILABLE	UNAVAILABLE
enemy.anm	50	0	50	BOUNDED_PREFIX	600	2	9808	2	600	65	1	0	0	UNAVAILABLE	UNAVAILABLE
enemy.anm	51	0	51	BOUNDED_PREFIX	600	2	9856	2	600	66	1	0	0	UNAVAILABLE	UNAVAILABLE
enemy.anm	52	0	52	BOUNDED_PREFIX	600	2	9904	2	600	67	1	0	0	UNAVAILABLE	UNAVAILABLE
enemy.anm	53	0	53	BOUNDED_PREFIX	600	4	9968	3	8	72	1	0	0	UNAVAILABLE	UNAVAILABLE
enemy.anm	54	0	54	BOUNDED_PREFIX	600	4	10088	3	8	80	1	0	0	UNAVAILABLE	UNAVAILABLE
enemy.anm	55	0	55	BOUNDED_PREFIX	600	4	10208	3	8	88	1	0	0	UNAVAILABLE	UNAVAILABLE
enemy.anm	56	0	56	BOUNDED_PREFIX	600	4	10328	3	8	96	1	0	0	UNAVAILABLE	UNAVAILABLE
enemy.anm	57	0	57	BOUNDED_PREFIX	600	3	10436	3	8	102	1	0	0	UNAVAILABLE	UNAVAILABLE
enemy.anm	58	0	58	BOUNDED_PREFIX	600	3	10520	3	8	106	1	0	0	UNAVAILABLE	UNAVAILABLE
enemy.anm	59	0	59	BOUNDED_PREFIX	600	3	10604	3	8	110	1	0	0	UNAVAILABLE	UNAVAILABLE
enemy.anm	60	0	60	BOUNDED_PREFIX	600	3	10688	3	8	114	1	0	0	UNAVAILABLE	UNAVAILABLE
enemy.anm	61	0	61	BOUNDED_PREFIX	600	2	10768	2	600	117	1	0	0	UNAVAILABLE	UNAVAILABLE
enemy.anm	62	0	62	BOUNDED_PREFIX	600	2	10816	2	600	118	1	0	0	UNAVAILABLE	UNAVAILABLE
enemy.anm	63	0	63	BOUNDED_PREFIX	600	2	10864	2	600	119	1	0	0	UNAVAILABLE	UNAVAILABLE
enemy.anm	64	0	64	BOUNDED_PREFIX	600	2	10912	2	600	120	1	0	0	UNAVAILABLE	UNAVAILABLE
enemy.anm	65	0	65	BOUNDED_PREFIX	600	2	10960	2	600	117	1	0	0	UNAVAILABLE	UNAVAILABLE
enemy.anm	66	0	66	BOUNDED_PREFIX	600	2	11008	2	600	118	1	0	0	UNAVAILABLE	UNAVAILABLE
enemy.anm	67	0	67	BOUNDED_PREFIX	600	2	11056	2	600	119	1	0	0	UNAVAILABLE	UNAVAILABLE
enemy.anm	68	0	68	BOUNDED_PREFIX	600	2	11104	2	600	120	1	0	0	UNAVAILABLE	UNAVAILABLE
enemy.anm	69	0	69	BOUNDED_PREFIX	600	2	11152	2	600	121	1	0	0	UNAVAILABLE	UNAVAILABLE
enemy.anm	70	0	70	BOUNDED_PREFIX	600	2	11200	2	600	122	1	0	0	UNAVAILABLE	UNAVAILABLE
enemy.anm	71	0	71	BOUNDED_PREFIX	600	2	11248	2	600	123	1	0	0	UNAVAILABLE	UNAVAILABLE
enemy.anm	72	0	72	BOUNDED_PREFIX	600	2	11296	2	600	124	1	0	0	UNAVAILABLE	UNAVAILABLE
enemy.anm	73	0	73	BOUNDED_PREFIX	600	2	11344	2	600	121	1	0	0	UNAVAILABLE	UNAVAILABLE
enemy.anm	74	0	74	BOUNDED_PREFIX	600	2	11392	2	600	122	1	0	0	UNAVAILABLE	UNAVAILABLE
enemy.anm	75	0	75	BOUNDED_PREFIX	600	2	11440	2	600	123	1	0	0	UNAVAILABLE	UNAVAILABLE
enemy.anm	76	0	76	BOUNDED_PREFIX	600	2	11488	2	600	124	1	0	0	UNAVAILABLE	UNAVAILABLE
enemy.anm	77	0	77	BOUNDED_PREFIX	600	2	11528	3	8	126	1	0	0	UNAVAILABLE	UNAVAILABLE
enemy.anm	78	0	78	COMPLETED	25	4	11624	2	24	129	1	0	0	UNAVAILABLE	UNAVAILABLE
enemy.anm	79	0	79	COMPLETED	25	5	11696	2	24	129	1	0	0	UNAVAILABLE	UNAVAILABLE
enemy.anm	80	0	80	BOUNDED_PREFIX	600	8	11808	4	40	128	1	0	0	UNAVAILABLE	UNAVAILABLE
enemy.anm	81	0	81	BOUNDED_PREFIX	600	9	11936	4	40	128	1	0	0	UNAVAILABLE	UNAVAILABLE
enemy.anm	82	0	82	BOUNDED_PREFIX	600	7	12064	3	24	125	1	0	0	UNAVAILABLE	UNAVAILABLE
enemy.anm	83	0	83	BOUNDED_PREFIX	600	2	12148	3	8	134	1	0	0	UNAVAILABLE	UNAVAILABLE
enemy.anm	84	0	84	COMPLETED	25	4	12244	2	24	137	1	0	0	UNAVAILABLE	UNAVAILABLE
enemy.anm	85	0	85	COMPLETED	25	5	12316	2	24	137	1	0	0	UNAVAILABLE	UNAVAILABLE
enemy.anm	86	0	86	BOUNDED_PREFIX	600	8	12428	4	40	136	1	0	0	UNAVAILABLE	UNAVAILABLE
enemy.anm	87	0	87	BOUNDED_PREFIX	600	9	12556	4	40	136	1	0	0	UNAVAILABLE	UNAVAILABLE
enemy.anm	88	0	88	BOUNDED_PREFIX	600	7	12684	3	24	133	1	0	0	UNAVAILABLE	UNAVAILABLE
enemy.anm	89	0	89	BOUNDED_PREFIX	600	2	12768	3	8	142	1	0	0	UNAVAILABLE	UNAVAILABLE
enemy.anm	90	0	90	COMPLETED	25	4	12864	2	24	145	1	0	0	UNAVAILABLE	UNAVAILABLE
enemy.anm	91	0	91	COMPLETED	25	5	12936	2	24	145	1	0	0	UNAVAILABLE	UNAVAILABLE
enemy.anm	92	0	92	BOUNDED_PREFIX	600	8	13048	4	40	144	1	0	0	UNAVAILABLE	UNAVAILABLE
enemy.anm	93	0	93	BOUNDED_PREFIX	600	9	13176	4	40	144	1	0	0	UNAVAILABLE	UNAVAILABLE
enemy.anm	94	0	94	BOUNDED_PREFIX	600	7	13304	3	24	141	1	0	0	UNAVAILABLE	UNAVAILABLE
enemy.anm	95	0	95	BOUNDED_PREFIX	600	2	13388	3	8	150	1	0	0	UNAVAILABLE	UNAVAILABLE
enemy.anm	96	0	96	COMPLETED	25	4	13484	2	24	153	1	0	0	UNAVAILABLE	UNAVAILABLE
enemy.anm	97	0	97	COMPLETED	25	5	13556	2	24	153	1	0	0	UNAVAILABLE	UNAVAILABLE
enemy.anm	98	0	98	BOUNDED_PREFIX	600	8	13668	4	40	152	1	0	0	UNAVAILABLE	UNAVAILABLE
enemy.anm	99	0	99	BOUNDED_PREFIX	600	9	13796	4	40	152	1	0	0	UNAVAILABLE	UNAVAILABLE
enemy.anm	100	0	100	BOUNDED_PREFIX	600	7	13924	3	24	149	1	0	0	UNAVAILABLE	UNAVAILABLE
etama.anm	0	0	4294967146	COMPLETED	1	1	4340	2	0	0	1	0	0	UNAVAILABLE	UNAVAILABLE
etama.anm	1	0	4294967147	COMPLETED	1	1	4368	2	0	16	1	0	0	UNAVAILABLE	UNAVAILABLE
etama.anm	2	0	4294967148	COMPLETED	1	2	4408	2	0	32	1	0	0	UNAVAILABLE	UNAVAILABLE
etama.anm	3	0	4294967149	COMPLETED	1	1	4436	2	0	48	1	0	0	UNAVAILABLE	UNAVAILABLE
etama.anm	4	0	4294967150	COMPLETED	1	2	4476	2	0	64	1	0	0	UNAVAILABLE	UNAVAILABLE
etama.anm	5	0	4294967151	COMPLETED	1	2	4516	2	0	80	1	0	0	UNAVAILABLE	UNAVAILABLE
etama.anm	6	0	4294967152	COMPLETED	1	2	4556	2	0	96	1	0	0	UNAVAILABLE	UNAVAILABLE
etama.anm	7	0	4294967153	COMPLETED	1	1	4584	2	0	112	1	0	0	UNAVAILABLE	UNAVAILABLE
etama.anm	8	0	4294967154	COMPLETED	1	2	4624	2	0	120	1	0	0	UNAVAILABLE	UNAVAILABLE
etama.anm	9	0	4294967155	COMPLETED	1	2	4664	2	0	128	1	0	0	UNAVAILABLE	UNAVAILABLE
etama.anm	10	0	4294967156	COMPLETED	1	2	4704	2	0	152	1	0	0	UNAVAILABLE	UNAVAILABLE
etama.anm	11	0	4294967157	COMPLETED	1	2	4744	2	0	48	1	0	0	UNAVAILABLE	UNAVAILABLE
etama.anm	12	0	4294967158	COMPLETED	1	1	4772	2	0	152	1	0	0	UNAVAILABLE	UNAVAILABLE
etama.anm	13	0	4294967159	COMPLETED	1	1	4800	2	0	48	1	0	0	UNAVAILABLE	UNAVAILABLE
etama.anm	14	0	4294967160	COMPLETED	1	2	4840	2	0	96	1	0	0	UNAVAILABLE	UNAVAILABLE
etama.anm	15	0	4294967161	COMPLETED	13	3	4900	1	12	136	0	0	0	UNAVAILABLE	UNAVAILABLE
etama.anm	16	0	4294967162	COMPLETED	13	4	4976	1	12	136	0	0	0	UNAVAILABLE	UNAVAILABLE
etama.anm	17	0	4294967163	COMPLETED	13	4	5052	1	12	136	0	0	0	UNAVAILABLE	UNAVAILABLE
etama.anm	18	0	4294967164	COMPLETED	11	5	5148	1	10	146	0	0	0	UNAVAILABLE	UNAVAILABLE
etama.anm	19	0	4294967165	COMPLETED	16	5	5248	1	15	146	0	0	0	UNAVAILABLE	UNAVAILABLE
etama.anm	20	0	4294967166	COMPLETED	31	5	5348	1	30	146	0	0	0	UNAVAILABLE	UNAVAILABLE
etama.anm	21	0	4294967167	COMPLETED	11	5	5448	1	10	146	0	0	0	UNAVAILABLE	UNAVAILABLE
etama.anm	22	0	4294967168	COMPLETED	16	5	5548	1	15	146	0	0	0	UNAVAILABLE	UNAVAILABLE
etama.anm	23	0	4294967169	COMPLETED	31	5	5648	1	30	146	0	0	0	UNAVAILABLE	UNAVAILABLE
etama.anm	24	0	4294967170	COMPLETED	31	5	5828	1	30	146	0	0	0	UNAVAILABLE	UNAVAILABLE
etama.anm	25	1	4294967171	COMPLETED	1	2	138732	2	0	168	1	0	0	UNAVAILABLE	UNAVAILABLE
etama.anm	26	1	4294967172	COMPLETED	17	4	138804	1	16	168	0	0	0	UNAVAILABLE	UNAVAILABLE
etama.anm	27	1	4294967173	COMPLETED	25	6	138904	1	24	168	0	0	0	UNAVAILABLE	UNAVAILABLE
etama.anm	28	1	4294967174	COMPLETED	21	5	138992	1	20	192	0	0	0	UNAVAILABLE	UNAVAILABLE
etama.anm	29	1	4294967175	COMPLETED	21	7	139112	1	20	194	0	0	0	UNAVAILABLE	UNAVAILABLE
etama.anm	30	1	4294967176	COMPLETED	41	6	139212	1	40	214	0	0	0	UNAVAILABLE	UNAVAILABLE
etama.anm	31	1	4294967177	COMPLETED	41	6	139312	1	40	195	0	0	0	UNAVAILABLE	UNAVAILABLE
etama.anm	32	1	4294967178	REQUIRES_CONTEXT	1	5	139392	60	0	-1	0	0	0	UNAVAILABLE	UNAVAILABLE
etama.anm	33	1	4294967179	REQUIRES_CONTEXT	1	5	139596	60	0	-1	0	0	0	UNAVAILABLE	UNAVAILABLE
etama.anm	34	1	4294967180	REQUIRES_CONTEXT	1	5	139804	60	0	-1	0	0	0	UNAVAILABLE	UNAVAILABLE
etama.anm	35	1	4294967181	BOUNDED_PREFIX	600	6	140060	4	600	196	1	0	0	UNAVAILABLE	UNAVAILABLE
etama.anm	36	1	4294967182	COMPLETED	31	7	140188	1	30	198	0	0	0	UNAVAILABLE	UNAVAILABLE
etama.anm	37	1	4294967183	COMPLETED	31	7	140308	1	30	202	0	0	0	UNAVAILABLE	UNAVAILABLE
etama.anm	38	1	4294967184	COMPLETED	31	7	140428	1	30	206	0	0	0	UNAVAILABLE	UNAVAILABLE
etama.anm	39	1	4294967185	COMPLETED	31	7	140548	1	30	210	0	0	0	UNAVAILABLE	UNAVAILABLE
etama.anm	40	1	4294967186	COMPLETED	31	8	140680	1	30	198	0	0	0	UNAVAILABLE	UNAVAILABLE
etama.anm	41	1	4294967187	COMPLETED	31	8	140812	1	30	202	0	0	0	UNAVAILABLE	UNAVAILABLE
etama.anm	42	1	4294967188	COMPLETED	31	8	140944	1	30	206	0	0	0	UNAVAILABLE	UNAVAILABLE
etama.anm	43	1	4294967189	COMPLETED	31	8	141076	1	30	210	0	0	0	UNAVAILABLE	UNAVAILABLE
etama.anm	44	1	4294967190	COMPLETED	41	6	141176	1	40	214	0	0	0	UNAVAILABLE	UNAVAILABLE
etama.anm	45	1	4294967191	BOUNDED_PREFIX	600	6	141276	15	120	215	1	0	0	UNAVAILABLE	UNAVAILABLE
etama.anm	46	1	4294967192	COMPLETED	121	7	141428	1	120	198	0	0	0	UNAVAILABLE	UNAVAILABLE
etama.anm	47	1	4294967193	COMPLETED	141	8	141556	1	140	193	0	0	0	UNAVAILABLE	UNAVAILABLE
etama.anm	48	1	4294967194	BOUNDED_PREFIX	600	13	141800	20	0	197	1	1	0	UNAVAILABLE	UNAVAILABLE
etama.anm	49	1	4294967195	BOUNDED_PREFIX	600	13	142268	20	0	197	1	1	0	UNAVAILABLE	UNAVAILABLE
etama.anm	50	1	4294967196	BOUNDED_PREFIX	600	13	142736	20	0	197	1	1	0	UNAVAILABLE	UNAVAILABLE
etama.anm	51	1	4294967197	COMPLETED	301	8	143088	1	300	216	0	0	0	UNAVAILABLE	UNAVAILABLE
etama.anm	52	1	4294967198	REQUIRES_CONTEXT	1	4	143152	60	0	-1	0	0	0	UNAVAILABLE	UNAVAILABLE
etama.anm	53	1	4294967199	REQUIRES_CONTEXT	1	4	143368	60	0	-1	0	0	0	UNAVAILABLE	UNAVAILABLE
etama.anm	54	1	4294967200	REQUIRES_CONTEXT	1	3	143628	60	0	-1	0	0	0	UNAVAILABLE	UNAVAILABLE
etama.anm	55	1	4294967201	COMPLETED	11	7	143884	1	10	218	0	0	0	UNAVAILABLE	UNAVAILABLE
etama.anm	56	1	4294967202	COMPLETED	41	6	143984	1	40	214	0	0	0	UNAVAILABLE	UNAVAILABLE
etama.anm	57	1	4294967203	COMPLETED	11	6	144096	1	10	193	0	0	0	UNAVAILABLE	UNAVAILABLE
etama.anm	58	1	4294967204	COMPLETED	11	7	144220	1	10	193	0	0	0	UNAVAILABLE	UNAVAILABLE
etama.anm	59	1	4294967205	COMPLETED	11	7	144344	1	10	193	0	0	0	UNAVAILABLE	UNAVAILABLE
etama.anm	60	1	4294967206	COMPLETED	11	7	144468	1	10	193	0	0	0	UNAVAILABLE	UNAVAILABLE
etama.anm	61	1	4294967207	COMPLETED	1	1	144496	2	0	172	1	0	0	UNAVAILABLE	UNAVAILABLE
etama.anm	62	1	4294967208	COMPLETED	1	1	144524	2	0	173	1	0	0	UNAVAILABLE	UNAVAILABLE
etama.anm	63	1	4294967209	COMPLETED	1	1	144552	2	0	174	1	0	0	UNAVAILABLE	UNAVAILABLE
etama.anm	64	1	4294967210	COMPLETED	1	1	144580	2	0	175	1	0	0	UNAVAILABLE	UNAVAILABLE
etama.anm	65	1	4294967211	COMPLETED	1	1	144608	2	0	176	1	0	0	UNAVAILABLE	UNAVAILABLE
etama.anm	66	1	4294967212	COMPLETED	1	1	144636	2	0	177	1	0	0	UNAVAILABLE	UNAVAILABLE
etama.anm	67	1	4294967213	COMPLETED	1	2	144676	2	0	178	1	0	0	UNAVAILABLE	UNAVAILABLE
etama.anm	68	1	4294967214	COMPLETED	51	3	144752	2	50	179	1	0	0	UNAVAILABLE	UNAVAILABLE
etama.anm	69	1	4294967215	COMPLETED	1	1	144780	2	0	180	1	0	0	UNAVAILABLE	UNAVAILABLE
etama.anm	70	1	4294967216	COMPLETED	1	3	145000	2	0	179	1	0	0	UNAVAILABLE	UNAVAILABLE
etama.anm	71	1	4294967217	REQUIRES_CONTEXT	1	2	145040	60	0	-1	0	0	0	UNAVAILABLE	UNAVAILABLE
etama.anm	72	1	4294967218	REQUIRES_CONTEXT	1	2	145332	60	0	-1	0	0	0	UNAVAILABLE	UNAVAILABLE
etama.anm	73	1	4294967219	REQUIRES_CONTEXT	1	2	145648	60	0	-1	0	0	0	UNAVAILABLE	UNAVAILABLE
etama.anm	74	1	4294967220	REQUIRES_CONTEXT	1	2	146016	60	0	-1	0	0	0	UNAVAILABLE	UNAVAILABLE
etama.anm	75	1	4294967221	COMPLETED	73	8	146488	1	72	219	0	0	0	UNAVAILABLE	UNAVAILABLE
etama.anm	76	2	4294967222	BOUNDED_PREFIX	600	6	278176	0	10	221	1	0	0	UNAVAILABLE	UNAVAILABLE
etama.anm	77	2	4294967223	BOUNDED_PREFIX	600	6	278304	0	10	223	1	0	0	UNAVAILABLE	UNAVAILABLE
etama.anm	78	2	4294967224	BOUNDED_PREFIX	600	6	278432	0	10	226	1	0	0	UNAVAILABLE	UNAVAILABLE
etama.anm	79	2	4294967225	BOUNDED_PREFIX	600	2	278488	0	10	222	1	0	0	UNAVAILABLE	UNAVAILABLE
etama.anm	80	2	4294967226	BOUNDED_PREFIX	600	6	278616	0	10	221	1	0	0	UNAVAILABLE	UNAVAILABLE
etama.anm	81	2	4294967227	REQUIRES_CONTEXT	1	5	278732	60	0	-1	0	0	0	UNAVAILABLE	UNAVAILABLE
etama.anm	82	2	4294967228	COMPLETED	351	14	279168	1	4	221	0	0	0	UNAVAILABLE	UNAVAILABLE
etama.anm	83	2	4294967229	COMPLETED	81	5	279260	1	80	224	0	0	0	UNAVAILABLE	UNAVAILABLE
etama.anm	84	2	4294967230	COMPLETED	24	4	279332	1	23	225	0	0	0	UNAVAILABLE	UNAVAILABLE
etama.anm	85	2	4294967231	COMPLETED	61	3	279392	1	60	222	0	0	0	UNAVAILABLE	UNAVAILABLE
etama.anm	86	2	4294967232	COMPLETED	31	8	279552	1	30	224	0	0	0	UNAVAILABLE	UNAVAILABLE
etama.anm	87	2	4294967233	COMPLETED	31	11	279756	1	30	224	0	0	0	UNAVAILABLE	UNAVAILABLE
etama.anm	88	2	4294967234	COMPLETED	141	7	279880	1	140	225	0	0	0	UNAVAILABLE	UNAVAILABLE
etama.anm	89	2	4294967235	COMPLETED	141	7	280004	1	140	225	0	0	0	UNAVAILABLE	UNAVAILABLE
etama.anm	90	2	4294967236	COMPLETED	141	7	280128	1	140	225	0	0	0	UNAVAILABLE	UNAVAILABLE
etama.anm	91	2	4294967237	COMPLETED	141	7	280252	1	140	225	0	0	0	UNAVAILABLE	UNAVAILABLE
etama.anm	92	2	4294967238	COMPLETED	221	7	280376	1	220	225	0	0	0	UNAVAILABLE	UNAVAILABLE
etama.anm	93	2	4294967239	COMPLETED	221	7	280500	1	220	225	0	0	0	UNAVAILABLE	UNAVAILABLE
etama.anm	94	2	4294967240	COMPLETED	221	7	280624	1	220	225	0	0	0	UNAVAILABLE	UNAVAILABLE
etama.anm	95	2	4294967241	COMPLETED	221	7	280748	1	220	225	0	0	0	UNAVAILABLE	UNAVAILABLE
etama.anm	96	2	4294967242	BOUNDED_PREFIX	600	11	280948	4	600	225	1	0	0	UNAVAILABLE	UNAVAILABLE
etama.anm	97	2	4294967243	BOUNDED_PREFIX	600	11	281156	4	600	225	1	0	0	UNAVAILABLE	UNAVAILABLE
etama.anm	98	2	4294967244	BOUNDED_PREFIX	600	11	281364	4	600	225	1	0	0	UNAVAILABLE	UNAVAILABLE
etama.anm	99	2	4294967245	BOUNDED_PREFIX	600	11	281572	4	600	225	1	0	0	UNAVAILABLE	UNAVAILABLE
etama.anm	100	2	4294967246	BOUNDED_PREFIX	600	12	281800	4	600	225	1	0	0	UNAVAILABLE	UNAVAILABLE
etama.anm	101	2	4294967247	BOUNDED_PREFIX	600	12	282028	4	600	225	1	0	0	UNAVAILABLE	UNAVAILABLE
etama.anm	102	2	4294967248	COMPLETED	111	9	282192	1	110	227	0	0	0	UNAVAILABLE	UNAVAILABLE
etama.anm	103	2	4294967249	COMPLETED	111	9	282348	1	110	227	0	0	0	UNAVAILABLE	UNAVAILABLE
etama.anm	104	3	4294967250	COMPLETED	34	7	315384	1	1	228	0	0	0	UNAVAILABLE	UNAVAILABLE
etama.anm	105	4	4294967251	BOUNDED_PREFIX	600	1	446628	4	600	229	1	0	0	UNAVAILABLE	UNAVAILABLE
etama.anm	106	5	4294967252	COMPLETED	1	2	482228	2	0	230	1	0	0	UNAVAILABLE	UNAVAILABLE
etama.anm	107	5	4294967253	BOUNDED_PREFIX	600	2	482276	2	600	246	1	0	0	UNAVAILABLE	UNAVAILABLE
etama.anm	108	5	4294967254	BOUNDED_PREFIX	600	2	482324	2	600	246	1	0	0	UNAVAILABLE	UNAVAILABLE
etama.anm	109	5	4294967255	BOUNDED_PREFIX	600	2	482372	2	600	262	1	0	0	UNAVAILABLE	UNAVAILABLE
etama.anm	110	5	4294967256	BOUNDED_PREFIX	600	2	482420	2	600	262	1	0	0	UNAVAILABLE	UNAVAILABLE
etama.anm	111	5	4294967257	BOUNDED_PREFIX	600	2	482460	2	600	270	1	0	0	UNAVAILABLE	UNAVAILABLE
etama.anm	112	5	4294967258	COMPLETED	1	2	482500	2	0	302	1	0	0	UNAVAILABLE	UNAVAILABLE
etama.anm	113	5	4294967259	COMPLETED	1	2	482540	2	0	318	1	0	0	UNAVAILABLE	UNAVAILABLE
etama.anm	114	5	4294967260	BOUNDED_PREFIX	600	6	482628	4	12	329	1	0	0	UNAVAILABLE	UNAVAILABLE
etama.anm	115	5	4294967261	BOUNDED_PREFIX	600	2	482676	2	600	330	1	0	0	UNAVAILABLE	UNAVAILABLE
face_al00.anm	0	0	4294967151	COMPLETED	151	7	272	1	150	0	0	0	0	UNAVAILABLE	UNAVAILABLE
face_al00.anm	1	1	4294967152	BOUNDED_PREFIX	600	4	524772	23	0	2	0	1	0	UNAVAILABLE	UNAVAILABLE
face_al00.anm	2	2	4294967153	BOUNDED_PREFIX	600	4	656484	23	0	3	0	1	0	UNAVAILABLE	UNAVAILABLE
face_al00.anm	3	3	4294967154	BOUNDED_PREFIX	600	4	788196	23	0	4	0	1	0	UNAVAILABLE	UNAVAILABLE
face_al00.anm	4	4	4294967155	BOUNDED_PREFIX	600	4	919908	23	0	5	0	1	0	UNAVAILABLE	UNAVAILABLE
face_al00.anm	5	5	4294967156	BOUNDED_PREFIX	600	4	1051620	23	0	6	0	1	0	UNAVAILABLE	UNAVAILABLE
face_al00.anm	6	6	4294967157	BOUNDED_PREFIX	600	4	1183332	23	0	7	0	1	0	UNAVAILABLE	UNAVAILABLE
face_al00.anm	7	7	4294967158	BOUNDED_PREFIX	600	4	1315044	23	0	8	0	1	0	UNAVAILABLE	UNAVAILABLE
face_al00.anm	8	8	4294967159	BOUNDED_PREFIX	600	4	1446756	23	0	9	0	1	0	UNAVAILABLE	UNAVAILABLE
face_alsp.anm	0	0	4294967284	COMPLETED	151	7	248	1	150	0	0	0	0	UNAVAILABLE	UNAVAILABLE
face_cdbg.anm	0	0	4294967120	COMPLETED	151	14	404	1	2	0	0	0	0	UNAVAILABLE	UNAVAILABLE
face_cdbg.anm	1	0	4294967121	COMPLETED	151	13	636	1	2	0	0	0	0	UNAVAILABLE	UNAVAILABLE
face_cdbg.anm	2	0	4294967122	COMPLETED	151	14	892	1	22	0	0	0	0	UNAVAILABLE	UNAVAILABLE
face_cdbg.anm	3	0	4294967123	COMPLETED	151	13	1136	1	22	0	0	0	0	UNAVAILABLE	UNAVAILABLE
face_mr00.anm	0	0	4294967142	COMPLETED	151	7	272	1	150	0	0	0	0	UNAVAILABLE	UNAVAILABLE
face_mr00.anm	1	1	4294967143	BOUNDED_PREFIX	600	4	524788	23	0	2	0	1	0	UNAVAILABLE	UNAVAILABLE
face_mr00.anm	2	2	4294967144	BOUNDED_PREFIX	600	4	656516	23	0	3	0	1	0	UNAVAILABLE	UNAVAILABLE
face_mr00.anm	3	3	4294967145	BOUNDED_PREFIX	600	4	788244	23	0	4	0	1	0	UNAVAILABLE	UNAVAILABLE
face_mr00.anm	4	4	4294967146	BOUNDED_PREFIX	600	4	919972	23	0	5	0	1	0	UNAVAILABLE	UNAVAILABLE
face_mr00.anm	5	5	4294967147	BOUNDED_PREFIX	600	4	1051700	23	0	6	0	1	0	UNAVAILABLE	UNAVAILABLE
face_mr00.anm	6	6	4294967148	BOUNDED_PREFIX	600	4	1183428	23	0	7	0	1	0	UNAVAILABLE	UNAVAILABLE
face_mr00.anm	7	7	4294967149	BOUNDED_PREFIX	600	4	1315156	23	0	8	0	1	0	UNAVAILABLE	UNAVAILABLE
face_mr00.anm	8	8	4294967150	BOUNDED_PREFIX	600	4	1446884	23	0	9	0	1	0	UNAVAILABLE	UNAVAILABLE
face_rm00.anm	0	0	4294967124	COMPLETED	151	7	272	1	150	0	0	0	0	UNAVAILABLE	UNAVAILABLE
face_rm00.anm	1	1	4294967125	BOUNDED_PREFIX	600	4	524772	23	0	2	0	1	0	UNAVAILABLE	UNAVAILABLE
face_rm00.anm	2	2	4294967126	BOUNDED_PREFIX	600	4	656484	23	0	3	0	1	0	UNAVAILABLE	UNAVAILABLE
face_rm00.anm	3	3	4294967127	BOUNDED_PREFIX	600	4	788196	23	0	4	0	1	0	UNAVAILABLE	UNAVAILABLE
face_rm00.anm	4	4	4294967128	BOUNDED_PREFIX	600	4	919908	23	0	5	0	1	0	UNAVAILABLE	UNAVAILABLE
face_rm00.anm	5	5	4294967129	BOUNDED_PREFIX	600	4	1051620	23	0	6	0	1	0	UNAVAILABLE	UNAVAILABLE
face_rm00.anm	6	6	4294967130	BOUNDED_PREFIX	600	4	1183332	23	0	7	0	1	0	UNAVAILABLE	UNAVAILABLE
face_rm00.anm	7	7	4294967131	BOUNDED_PREFIX	600	4	1315044	23	0	8	0	1	0	UNAVAILABLE	UNAVAILABLE
face_rm00.anm	8	8	4294967132	BOUNDED_PREFIX	600	4	1446756	23	0	9	0	1	0	UNAVAILABLE	UNAVAILABLE
face_rs00.anm	0	0	4294967169	COMPLETED	151	7	272	1	150	0	0	0	0	UNAVAILABLE	UNAVAILABLE
face_rs00.anm	1	1	4294967170	BOUNDED_PREFIX	600	4	524788	23	0	2	0	1	0	UNAVAILABLE	UNAVAILABLE
face_rs00.anm	2	2	4294967171	BOUNDED_PREFIX	600	4	656516	23	0	3	0	1	0	UNAVAILABLE	UNAVAILABLE
face_rs00.anm	3	3	4294967172	BOUNDED_PREFIX	600	4	788244	23	0	4	0	1	0	UNAVAILABLE	UNAVAILABLE
face_rs00.anm	4	4	4294967173	BOUNDED_PREFIX	600	4	919972	23	0	5	0	1	0	UNAVAILABLE	UNAVAILABLE
face_rs00.anm	5	5	4294967174	BOUNDED_PREFIX	600	4	1051700	23	0	6	0	1	0	UNAVAILABLE	UNAVAILABLE
face_rs00.anm	6	6	4294967175	BOUNDED_PREFIX	600	4	1183428	23	0	7	0	1	0	UNAVAILABLE	UNAVAILABLE
face_rs00.anm	7	7	4294967176	BOUNDED_PREFIX	600	4	1315156	23	0	8	0	1	0	UNAVAILABLE	UNAVAILABLE
face_rs00.anm	8	8	4294967177	BOUNDED_PREFIX	600	4	1446884	23	0	9	0	1	0	UNAVAILABLE	UNAVAILABLE
face_rssp.anm	0	0	4294967286	COMPLETED	151	7	248	1	150	0	0	0	0	UNAVAILABLE	UNAVAILABLE
face_sk00.anm	0	0	4294967160	COMPLETED	151	7	272	1	150	0	0	0	0	UNAVAILABLE	UNAVAILABLE
face_sk00.anm	1	1	4294967161	BOUNDED_PREFIX	600	4	524788	23	0	2	0	1	0	UNAVAILABLE	UNAVAILABLE
face_sk00.anm	2	2	4294967162	BOUNDED_PREFIX	600	4	656516	23	0	3	0	1	0	UNAVAILABLE	UNAVAILABLE
face_sk00.anm	3	3	4294967163	BOUNDED_PREFIX	600	4	788244	23	0	4	0	1	0	UNAVAILABLE	UNAVAILABLE
face_sk00.anm	4	4	4294967164	BOUNDED_PREFIX	600	4	919972	23	0	5	0	1	0	UNAVAILABLE	UNAVAILABLE
face_sk00.anm	5	5	4294967165	BOUNDED_PREFIX	600	4	1051700	23	0	6	0	1	0	UNAVAILABLE	UNAVAILABLE
face_sk00.anm	6	6	4294967166	BOUNDED_PREFIX	600	4	1183428	23	0	7	0	1	0	UNAVAILABLE	UNAVAILABLE
face_sk00.anm	7	7	4294967167	BOUNDED_PREFIX	600	4	1315156	23	0	8	0	1	0	UNAVAILABLE	UNAVAILABLE
face_sk00.anm	8	8	4294967168	BOUNDED_PREFIX	600	4	1446884	23	0	9	0	1	0	UNAVAILABLE	UNAVAILABLE
face_sksp.anm	0	0	4294967285	COMPLETED	151	7	264	1	150	0	0	0	0	UNAVAILABLE	UNAVAILABLE
face_st01.anm	0	0	4294967196	COMPLETED	151	7	248	1	150	0	0	0	0	UNAVAILABLE	UNAVAILABLE
face_st01.anm	1	1	4294967197	COMPLETED	381	6	524804	1	380	1	0	0	0	UNAVAILABLE	UNAVAILABLE
face_st01.anm	2	2	4294967198	BOUNDED_PREFIX	600	4	557784	23	0	2	0	1	0	UNAVAILABLE	UNAVAILABLE
face_st01.anm	3	3	4294967199	BOUNDED_PREFIX	600	4	689540	23	0	3	0	1	0	UNAVAILABLE	UNAVAILABLE
face_st01.anm	4	4	4294967200	BOUNDED_PREFIX	600	4	821344	23	0	6	0	1	0	UNAVAILABLE	UNAVAILABLE
face_st01sp.anm	0	0	4294967272	COMPLETED	151	7	248	1	150	0	0	0	0	UNAVAILABLE	UNAVAILABLE
face_st02.anm	0	0	4294967201	COMPLETED	151	7	248	1	150	0	0	0	0	UNAVAILABLE	UNAVAILABLE
face_st02.anm	1	1	4294967202	COMPLETED	381	6	524804	1	380	1	0	0	0	UNAVAILABLE	UNAVAILABLE
face_st02.anm	2	2	4294967203	BOUNDED_PREFIX	600	4	557784	23	0	2	0	1	0	UNAVAILABLE	UNAVAILABLE
face_st02.anm	3	3	4294967204	BOUNDED_PREFIX	600	4	689540	23	0	3	0	1	0	UNAVAILABLE	UNAVAILABLE
face_st02.anm	4	4	4294967205	BOUNDED_PREFIX	600	4	821296	23	0	6	0	1	0	UNAVAILABLE	UNAVAILABLE
face_st02.anm	5	5	4294967206	BOUNDED_PREFIX	600	4	953028	23	0	9	0	1	0	UNAVAILABLE	UNAVAILABLE
face_st02sp.anm	0	0	4294967273	COMPLETED	151	7	248	1	150	0	0	0	0	UNAVAILABLE	UNAVAILABLE
face_st03.anm	0	0	4294967207	COMPLETED	151	7	248	1	150	0	0	0	0	UNAVAILABLE	UNAVAILABLE
face_st03.anm	1	1	4294967208	COMPLETED	381	6	524804	1	380	1	0	0	0	UNAVAILABLE	UNAVAILABLE
face_st03.anm	2	2	4294967209	BOUNDED_PREFIX	600	4	557784	23	0	2	0	1	0	UNAVAILABLE	UNAVAILABLE
face_st03.anm	3	3	4294967210	BOUNDED_PREFIX	600	4	689540	23	0	3	0	1	0	UNAVAILABLE	UNAVAILABLE
face_st03.anm	4	4	4294967211	BOUNDED_PREFIX	600	4	821272	23	0	6	0	1	0	UNAVAILABLE	UNAVAILABLE
face_st03.anm	5	5	4294967212	BOUNDED_PREFIX	600	4	952980	23	0	8	0	1	0	UNAVAILABLE	UNAVAILABLE
face_st03.anm	6	6	4294967213	BOUNDED_PREFIX	600	4	1084688	23	0	9	0	1	0	UNAVAILABLE	UNAVAILABLE
face_st03.anm	7	7	4294967214	BOUNDED_PREFIX	600	4	1216396	23	0	10	0	1	0	UNAVAILABLE	UNAVAILABLE
face_st03sp.anm	0	0	4294967274	COMPLETED	151	7	248	1	150	0	0	0	0	UNAVAILABLE	UNAVAILABLE
face_st04a.anm	0	0	4294967215	COMPLETED	151	7	248	1	150	0	0	0	0	UNAVAILABLE	UNAVAILABLE
face_st04a.anm	1	1	4294967216	COMPLETED	381	6	524804	1	380	1	0	0	0	UNAVAILABLE	UNAVAILABLE
face_st04a.anm	2	2	4294967217	BOUNDED_PREFIX	600	4	557800	23	0	2	0	1	0	UNAVAILABLE	UNAVAILABLE
face_st04a.anm	3	3	4294967218	BOUNDED_PREFIX	600	4	689548	23	0	3	0	1	0	UNAVAILABLE	UNAVAILABLE
face_st04a.anm	4	4	4294967219	BOUNDED_PREFIX	600	4	821272	23	0	5	0	1	0	UNAVAILABLE	UNAVAILABLE
face_st04a.anm	5	5	4294967220	BOUNDED_PREFIX	600	4	952996	23	0	6	0	1	0	UNAVAILABLE	UNAVAILABLE
face_st04a.anm	6	6	4294967221	BOUNDED_PREFIX	600	4	1084768	23	0	7	0	1	0	UNAVAILABLE	UNAVAILABLE
face_st04a.anm	7	7	4294967222	BOUNDED_PREFIX	600	4	1216492	23	0	10	0	1	0	UNAVAILABLE	UNAVAILABLE
face_st04asp.anm	0	0	4294967275	COMPLETED	151	7	248	1	150	0	0	0	0	UNAVAILABLE	UNAVAILABLE
face_st04b.anm	0	0	4294967223	COMPLETED	151	7	248	1	150	0	0	0	0	UNAVAILABLE	UNAVAILABLE
face_st04b.anm	1	1	4294967224	COMPLETED	381	6	524804	1	380	1	0	0	0	UNAVAILABLE	UNAVAILABLE
face_st04b.anm	2	2	4294967225	BOUNDED_PREFIX	600	4	557800	23	0	2	0	1	0	UNAVAILABLE	UNAVAILABLE
face_st04b.anm	3	3	4294967226	BOUNDED_PREFIX	600	4	689548	23	0	3	0	1	0	UNAVAILABLE	UNAVAILABLE
face_st04b.anm	4	4	4294967227	BOUNDED_PREFIX	600	4	821272	23	0	5	0	1	0	UNAVAILABLE	UNAVAILABLE
face_st04b.anm	5	5	4294967228	BOUNDED_PREFIX	600	4	952996	23	0	6	0	1	0	UNAVAILABLE	UNAVAILABLE
face_st04b.anm	6	6	4294967229	BOUNDED_PREFIX	600	4	1084720	23	0	7	0	1	0	UNAVAILABLE	UNAVAILABLE
face_st04b.anm	7	7	4294967230	BOUNDED_PREFIX	600	4	1216468	23	0	8	0	1	0	UNAVAILABLE	UNAVAILABLE
face_st04b.anm	8	8	4294967231	BOUNDED_PREFIX	600	4	1348192	23	0	10	0	1	0	UNAVAILABLE	UNAVAILABLE
face_st04bsp.anm	0	0	4294967276	COMPLETED	151	7	248	1	150	0	0	0	0	UNAVAILABLE	UNAVAILABLE
face_st05.anm	0	0	4294967232	COMPLETED	151	7	248	1	150	0	0	0	0	UNAVAILABLE	UNAVAILABLE
face_st05.anm	1	1	4294967233	COMPLETED	381	6	524804	1	380	1	0	0	0	UNAVAILABLE	UNAVAILABLE
face_st05.anm	2	2	4294967234	BOUNDED_PREFIX	600	4	557832	23	0	2	0	1	0	UNAVAILABLE	UNAVAILABLE
face_st05.anm	3	3	4294967235	BOUNDED_PREFIX	600	4	820612	23	0	5	0	1	0	UNAVAILABLE	UNAVAILABLE
face_st05.anm	4	4	4294967236	BOUNDED_PREFIX	600	4	1083392	23	0	6	0	1	0	UNAVAILABLE	UNAVAILABLE
face_st05.anm	5	5	4294967237	BOUNDED_PREFIX	600	4	1346220	23	0	7	0	1	0	UNAVAILABLE	UNAVAILABLE
face_st05.anm	6	6	4294967238	BOUNDED_PREFIX	600	4	1609072	23	0	10	0	1	0	UNAVAILABLE	UNAVAILABLE
face_st05b.anm	0	0	4294967239	BOUNDED_PREFIX	600	4	484	23	0	0	0	1	0	UNAVAILABLE	UNAVAILABLE
face_st05b.anm	1	0	4294967240	BOUNDED_PREFIX	600	4	976	23	0	0	0	1	0	UNAVAILABLE	UNAVAILABLE
face_st05b.anm	2	0	4294967241	BOUNDED_PREFIX	600	4	1468	23	0	0	0	1	0	UNAVAILABLE	UNAVAILABLE
face_st05b.anm	3	0	4294967242	BOUNDED_PREFIX	600	4	1960	23	0	0	0	1	0	UNAVAILABLE	UNAVAILABLE
face_st05b.anm	4	0	4294967243	BOUNDED_PREFIX	600	4	2452	23	0	0	0	1	0	UNAVAILABLE	UNAVAILABLE
face_st05b.anm	5	0	4294967244	BOUNDED_PREFIX	600	4	2944	23	0	0	0	1	0	UNAVAILABLE	UNAVAILABLE
face_st05msp.anm	0	0	4294967278	COMPLETED	151	7	248	1	150	0	0	0	0	UNAVAILABLE	UNAVAILABLE
face_st05sp.anm	0	0	4294967277	COMPLETED	151	7	248	1	150	0	0	0	0	UNAVAILABLE	UNAVAILABLE
face_st06.anm	0	0	4294967245	COMPLETED	151	7	248	1	150	0	0	0	0	UNAVAILABLE	UNAVAILABLE
face_st06.anm	1	1	4294967246	COMPLETED	381	6	1049092	1	380	1	0	0	0	UNAVAILABLE	UNAVAILABLE
face_st06.anm	2	2	4294967247	BOUNDED_PREFIX	600	4	1082096	23	0	2	0	1	0	UNAVAILABLE	UNAVAILABLE
face_st06.anm	3	3	4294967248	BOUNDED_PREFIX	600	4	1344876	23	0	4	0	1	0	UNAVAILABLE	UNAVAILABLE
face_st06.anm	4	4	4294967249	BOUNDED_PREFIX	600	4	1607656	23	0	5	0	1	0	UNAVAILABLE	UNAVAILABLE
face_st06.anm	5	5	4294967250	BOUNDED_PREFIX	600	4	1870436	23	0	6	0	1	0	UNAVAILABLE	UNAVAILABLE
face_st06.anm	6	6	4294967251	BOUNDED_PREFIX	600	4	2133384	23	0	7	0	1	0	UNAVAILABLE	UNAVAILABLE
face_st06sp.anm	0	0	4294967279	COMPLETED	151	7	248	1	150	0	0	0	0	UNAVAILABLE	UNAVAILABLE
face_st07.anm	0	0	4294967252	COMPLETED	151	7	248	1	150	0	0	0	0	UNAVAILABLE	UNAVAILABLE
face_st07.anm	1	1	4294967253	COMPLETED	381	6	1049092	1	380	1	0	0	0	UNAVAILABLE	UNAVAILABLE
face_st07.anm	2	2	4294967254	BOUNDED_PREFIX	600	4	1082072	23	0	2	0	1	0	UNAVAILABLE	UNAVAILABLE
face_st07.anm	3	3	4294967255	BOUNDED_PREFIX	600	4	1344876	23	0	3	0	1	0	UNAVAILABLE	UNAVAILABLE
face_st07.anm	4	4	4294967256	BOUNDED_PREFIX	600	4	1607680	23	0	5	0	1	0	UNAVAILABLE	UNAVAILABLE
face_st07.anm	5	5	4294967257	BOUNDED_PREFIX	600	4	1870628	23	0	7	0	1	0	UNAVAILABLE	UNAVAILABLE
face_st07sp.anm	0	0	4294967280	COMPLETED	151	7	248	1	150	0	0	0	0	UNAVAILABLE	UNAVAILABLE
face_st08.anm	0	0	4294967261	COMPLETED	151	7	248	1	150	0	0	0	0	UNAVAILABLE	UNAVAILABLE
face_st08.anm	1	1	4294967262	COMPLETED	381	6	1049092	1	380	1	0	0	0	UNAVAILABLE	UNAVAILABLE
face_st08.anm	2	2	4294967263	BOUNDED_PREFIX	600	4	1082072	23	0	2	0	1	0	UNAVAILABLE	UNAVAILABLE
face_st08.anm	3	3	4294967264	BOUNDED_PREFIX	600	4	1344876	23	0	3	0	1	0	UNAVAILABLE	UNAVAILABLE
face_st08.anm	4	4	4294967265	BOUNDED_PREFIX	600	4	1607656	23	0	5	0	1	0	UNAVAILABLE	UNAVAILABLE
face_st08.anm	5	5	4294967266	BOUNDED_PREFIX	600	4	1870436	23	0	6	0	1	0	UNAVAILABLE	UNAVAILABLE
face_st08.anm	6	6	4294967267	BOUNDED_PREFIX	600	4	2133264	23	0	7	0	1	0	UNAVAILABLE	UNAVAILABLE
face_st08.anm	7	7	4294967268	BOUNDED_PREFIX	600	4	2396140	23	0	10	0	1	0	UNAVAILABLE	UNAVAILABLE
face_st08m.anm	0	0	4294967269	COMPLETED	151	7	248	1	150	0	0	0	0	UNAVAILABLE	UNAVAILABLE
face_st08m.anm	1	1	4294967270	COMPLETED	381	6	524804	1	380	1	0	0	0	UNAVAILABLE	UNAVAILABLE
face_st08m.anm	2	2	4294967271	BOUNDED_PREFIX	600	4	558088	23	0	2	0	1	0	UNAVAILABLE	UNAVAILABLE
face_st08msp.anm	0	0	4294967282	COMPLETED	151	7	248	1	150	0	0	0	0	UNAVAILABLE	UNAVAILABLE
face_st08sp.anm	0	0	4294967281	COMPLETED	151	7	248	1	150	0	0	0	0	UNAVAILABLE	UNAVAILABLE
face_yk00.anm	0	0	4294967133	COMPLETED	151	7	272	1	150	0	0	0	0	UNAVAILABLE	UNAVAILABLE
face_yk00.anm	1	1	4294967134	BOUNDED_PREFIX	600	4	524788	23	0	2	0	1	0	UNAVAILABLE	UNAVAILABLE
face_yk00.anm	2	2	4294967135	BOUNDED_PREFIX	600	4	656516	23	0	3	0	1	0	UNAVAILABLE	UNAVAILABLE
face_yk00.anm	3	3	4294967136	BOUNDED_PREFIX	600	4	788244	23	0	4	0	1	0	UNAVAILABLE	UNAVAILABLE
face_yk00.anm	4	4	4294967137	BOUNDED_PREFIX	600	4	919972	23	0	5	0	1	0	UNAVAILABLE	UNAVAILABLE
face_yk00.anm	5	5	4294967138	BOUNDED_PREFIX	600	4	1051700	23	0	6	0	1	0	UNAVAILABLE	UNAVAILABLE
face_yk00.anm	6	6	4294967139	BOUNDED_PREFIX	600	4	1183428	23	0	7	0	1	0	UNAVAILABLE	UNAVAILABLE
face_yk00.anm	7	7	4294967140	BOUNDED_PREFIX	600	4	1315156	23	0	8	0	1	0	UNAVAILABLE	UNAVAILABLE
face_yk00.anm	8	8	4294967141	BOUNDED_PREFIX	600	4	1446884	23	0	9	0	1	0	UNAVAILABLE	UNAVAILABLE
face_yksp.anm	0	0	4294967283	COMPLETED	151	7	248	1	150	0	0	0	0	UNAVAILABLE	UNAVAILABLE
face_ym00.anm	0	0	4294967178	COMPLETED	151	7	272	1	150	0	0	0	0	UNAVAILABLE	UNAVAILABLE
face_ym00.anm	1	1	4294967179	BOUNDED_PREFIX	600	4	524772	23	0	2	0	1	0	UNAVAILABLE	UNAVAILABLE
face_ym00.anm	2	2	4294967180	BOUNDED_PREFIX	600	4	656484	23	0	3	0	1	0	UNAVAILABLE	UNAVAILABLE
face_ym00.anm	3	3	4294967181	BOUNDED_PREFIX	600	4	788196	23	0	4	0	1	0	UNAVAILABLE	UNAVAILABLE
face_ym00.anm	4	4	4294967182	BOUNDED_PREFIX	600	4	919908	23	0	5	0	1	0	UNAVAILABLE	UNAVAILABLE
face_ym00.anm	5	5	4294967183	BOUNDED_PREFIX	600	4	1051620	23	0	6	0	1	0	UNAVAILABLE	UNAVAILABLE
face_ym00.anm	6	6	4294967184	BOUNDED_PREFIX	600	4	1183332	23	0	7	0	1	0	UNAVAILABLE	UNAVAILABLE
face_ym00.anm	7	7	4294967185	BOUNDED_PREFIX	600	4	1315044	23	0	8	0	1	0	UNAVAILABLE	UNAVAILABLE
face_ym00.anm	8	8	4294967186	BOUNDED_PREFIX	600	4	1446756	23	0	9	0	1	0	UNAVAILABLE	UNAVAILABLE
face_ymsp.anm	0	0	4294967287	COMPLETED	151	7	248	1	150	0	0	0	0	UNAVAILABLE	UNAVAILABLE
face_yy00.anm	0	0	4294967187	COMPLETED	151	7	272	1	150	0	0	0	0	UNAVAILABLE	UNAVAILABLE
face_yy00.anm	1	1	4294967188	BOUNDED_PREFIX	600	4	524788	23	0	2	0	1	0	UNAVAILABLE	UNAVAILABLE
face_yy00.anm	2	2	4294967189	BOUNDED_PREFIX	600	4	656516	23	0	3	0	1	0	UNAVAILABLE	UNAVAILABLE
face_yy00.anm	3	3	4294967190	BOUNDED_PREFIX	600	4	788244	23	0	4	0	1	0	UNAVAILABLE	UNAVAILABLE
face_yy00.anm	4	4	4294967191	BOUNDED_PREFIX	600	4	919972	23	0	5	0	1	0	UNAVAILABLE	UNAVAILABLE
face_yy00.anm	5	5	4294967192	BOUNDED_PREFIX	600	4	1051700	23	0	6	0	1	0	UNAVAILABLE	UNAVAILABLE
face_yy00.anm	6	6	4294967193	BOUNDED_PREFIX	600	4	1183428	23	0	7	0	1	0	UNAVAILABLE	UNAVAILABLE
face_yy00.anm	7	7	4294967194	BOUNDED_PREFIX	600	4	1315156	23	0	8	0	1	0	UNAVAILABLE	UNAVAILABLE
face_yy00.anm	8	8	4294967195	BOUNDED_PREFIX	600	4	1446884	23	0	9	0	1	0	UNAVAILABLE	UNAVAILABLE
face_yysp.anm	0	0	4294967288	COMPLETED	151	7	248	1	150	0	0	0	0	UNAVAILABLE	UNAVAILABLE
front.anm	0	0	4294967269	COMPLETED	181	6	692	2	180	0	1	0	0	UNAVAILABLE	UNAVAILABLE
front.anm	1	0	4294967270	COMPLETED	181	7	824	2	180	1	1	0	0	UNAVAILABLE	UNAVAILABLE
front.anm	2	0	4294967271	COMPLETED	61	7	948	2	60	2	1	0	0	UNAVAILABLE	UNAVAILABLE
front.anm	3	0	4294967272	COMPLETED	69	7	1072	2	68	3	1	0	0	UNAVAILABLE	UNAVAILABLE
front.anm	4	0	4294967273	COMPLETED	77	7	1196	2	76	4	1	0	0	UNAVAILABLE	UNAVAILABLE
front.anm	5	0	4294967274	COMPLETED	85	7	1320	2	84	5	1	0	0	UNAVAILABLE	UNAVAILABLE
front.anm	6	0	4294967275	COMPLETED	93	7	1444	2	92	6	1	0	0	UNAVAILABLE	UNAVAILABLE
front.anm	7	0	4294967276	COMPLETED	101	7	1568	2	100	7	1	0	0	UNAVAILABLE	UNAVAILABLE
front.anm	8	0	4294967277	COMPLETED	109	7	1692	2	108	8	1	0	0	UNAVAILABLE	UNAVAILABLE
front.anm	9	0	4294967278	COMPLETED	117	7	1816	2	116	9	1	0	0	UNAVAILABLE	UNAVAILABLE
front.anm	10	0	4294967279	COMPLETED	1	2	1852	2	0	11	1	0	0	UNAVAILABLE	UNAVAILABLE
front.anm	11	0	4294967280	COMPLETED	1	2	1888	2	0	12	1	0	0	UNAVAILABLE	UNAVAILABLE
front.anm	12	0	4294967281	BOUNDED_PREFIX	600	5	1968	23	0	10	0	1	0	UNAVAILABLE	UNAVAILABLE
front.anm	13	0	4294967282	COMPLETED	201	2	2140	2	200	13	1	0	0	UNAVAILABLE	UNAVAILABLE
front.anm	14	0	4294967283	COMPLETED	1	2	2176	2	0	14	1	0	0	UNAVAILABLE	UNAVAILABLE
front.anm	15	0	4294967284	COMPLETED	1	2	2212	2	0	15	1	0	0	UNAVAILABLE	UNAVAILABLE
loading00.anm	0	0	4294967285	BOUNDED_PREFIX	600	3	168	20	0	0	1	1	0	UNAVAILABLE	UNAVAILABLE
loading00a.anm	0	0	4294967290	BOUNDED_PREFIX	600	3	168	20	0	0	1	1	0	UNAVAILABLE	UNAVAILABLE
loading00h.anm	0	0	4294967289	BOUNDED_PREFIX	600	3	168	20	0	0	1	1	0	UNAVAILABLE	UNAVAILABLE
loading01.anm	0	0	4294967286	BOUNDED_PREFIX	600	3	168	20	0	0	1	1	0	UNAVAILABLE	UNAVAILABLE
loading01a.anm	0	0	4294967292	BOUNDED_PREFIX	600	3	168	20	0	0	1	1	0	UNAVAILABLE	UNAVAILABLE
loading01h.anm	0	0	4294967291	BOUNDED_PREFIX	600	3	168	20	0	0	1	1	0	UNAVAILABLE	UNAVAILABLE
loading02.anm	0	0	4294967287	BOUNDED_PREFIX	600	3	168	20	0	0	1	1	0	UNAVAILABLE	UNAVAILABLE
loading02a.anm	0	0	4294967294	BOUNDED_PREFIX	600	3	168	20	0	0	1	1	0	UNAVAILABLE	UNAVAILABLE
loading02h.anm	0	0	4294967293	BOUNDED_PREFIX	600	3	168	20	0	0	1	1	0	UNAVAILABLE	UNAVAILABLE
loading03.anm	0	0	4294967288	BOUNDED_PREFIX	600	3	168	20	0	0	1	1	0	UNAVAILABLE	UNAVAILABLE
loading03a.anm	0	0	0	BOUNDED_PREFIX	600	3	168	20	0	0	1	1	0	UNAVAILABLE	UNAVAILABLE
loading03h.anm	0	0	4294967295	BOUNDED_PREFIX	600	3	168	20	0	0	1	1	0	UNAVAILABLE	UNAVAILABLE
music00.anm	0	0	0	BOUNDED_PREFIX	600	4	192	20	30	0	1	1	0	UNAVAILABLE	UNAVAILABLE
music00.anm	1	1	1	BOUNDED_PREFIX	600	2	132404	23	0	1	0	1	0	UNAVAILABLE	UNAVAILABLE
music00.anm	2	1	2	BOUNDED_PREFIX	600	2	132620	23	0	2	0	1	0	UNAVAILABLE	UNAVAILABLE
music00.anm	3	1	3	BOUNDED_PREFIX	600	2	132836	23	0	3	0	1	0	UNAVAILABLE	UNAVAILABLE
music00.anm	4	1	4	BOUNDED_PREFIX	600	2	133052	23	0	4	0	1	0	UNAVAILABLE	UNAVAILABLE
music00.anm	5	1	5	BOUNDED_PREFIX	600	2	133268	23	0	5	0	1	0	UNAVAILABLE	UNAVAILABLE
music00.anm	6	1	6	BOUNDED_PREFIX	600	2	133484	23	0	6	0	1	0	UNAVAILABLE	UNAVAILABLE
music00.anm	7	1	7	BOUNDED_PREFIX	600	2	133700	23	0	7	0	1	0	UNAVAILABLE	UNAVAILABLE
music00.anm	8	1	8	BOUNDED_PREFIX	600	2	133916	23	0	8	0	1	0	UNAVAILABLE	UNAVAILABLE
music00.anm	9	1	9	BOUNDED_PREFIX	600	2	134132	23	0	9	0	1	0	UNAVAILABLE	UNAVAILABLE
music00.anm	10	1	10	BOUNDED_PREFIX	600	2	134348	23	0	10	0	1	0	UNAVAILABLE	UNAVAILABLE
music00.anm	11	1	11	BOUNDED_PREFIX	600	2	134564	23	0	11	0	1	0	UNAVAILABLE	UNAVAILABLE
music00.anm	12	1	12	BOUNDED_PREFIX	600	2	134780	23	0	12	0	1	0	UNAVAILABLE	UNAVAILABLE
music00.anm	13	1	13	BOUNDED_PREFIX	600	2	134996	23	0	13	0	1	0	UNAVAILABLE	UNAVAILABLE
music00.anm	14	1	14	BOUNDED_PREFIX	600	2	135212	23	0	14	0	1	0	UNAVAILABLE	UNAVAILABLE
music00.anm	15	1	15	BOUNDED_PREFIX	600	2	135428	23	0	15	0	1	0	UNAVAILABLE	UNAVAILABLE
music00.anm	16	1	16	BOUNDED_PREFIX	600	2	135644	23	0	16	0	1	0	UNAVAILABLE	UNAVAILABLE
music00.anm	17	1	17	BOUNDED_PREFIX	600	2	135860	23	0	17	0	1	0	UNAVAILABLE	UNAVAILABLE
music00.anm	18	1	18	BOUNDED_PREFIX	600	2	136076	23	0	18	0	1	0	UNAVAILABLE	UNAVAILABLE
music00.anm	19	1	19	BOUNDED_PREFIX	600	2	136292	23	0	19	0	1	0	UNAVAILABLE	UNAVAILABLE
music00.anm	20	1	20	BOUNDED_PREFIX	600	2	136508	23	0	20	0	1	0	UNAVAILABLE	UNAVAILABLE
music00.anm	21	1	21	BOUNDED_PREFIX	600	2	136724	23	0	21	0	1	0	UNAVAILABLE	UNAVAILABLE
music00.anm	22	1	22	BOUNDED_PREFIX	600	2	136940	23	0	22	0	1	0	UNAVAILABLE	UNAVAILABLE
music00.anm	23	1	23	BOUNDED_PREFIX	600	2	137156	23	0	23	0	1	0	UNAVAILABLE	UNAVAILABLE
music00.anm	24	1	24	BOUNDED_PREFIX	600	2	137372	23	0	24	0	1	0	UNAVAILABLE	UNAVAILABLE
music00.anm	25	1	25	BOUNDED_PREFIX	600	2	137588	23	0	25	0	1	0	UNAVAILABLE	UNAVAILABLE
music00.anm	26	1	26	BOUNDED_PREFIX	600	2	137804	23	0	26	0	1	0	UNAVAILABLE	UNAVAILABLE
music00.anm	27	1	27	BOUNDED_PREFIX	600	2	138020	23	0	27	0	1	0	UNAVAILABLE	UNAVAILABLE
music00.anm	28	1	28	BOUNDED_PREFIX	600	2	138236	23	0	28	0	1	0	UNAVAILABLE	UNAVAILABLE
music00.anm	29	1	29	BOUNDED_PREFIX	600	2	138452	23	0	29	0	1	0	UNAVAILABLE	UNAVAILABLE
music00.anm	30	1	30	BOUNDED_PREFIX	600	2	138668	23	0	30	0	1	0	UNAVAILABLE	UNAVAILABLE
nowloading.anm	0	0	0	BOUNDED_PREFIX	600	7	320	34	40	0	1	0	0	UNAVAILABLE	UNAVAILABLE
nowloading.anm	1	0	1	BOUNDED_PREFIX	600	8	556	34	60	1	1	0	0	UNAVAILABLE	UNAVAILABLE
nowloading.anm	2	0	2	BOUNDED_PREFIX	600	8	812	34	60	2	1	0	0	UNAVAILABLE	UNAVAILABLE
player00.anm	0	0	0	BOUNDED_PREFIX	600	4	1352	4	24	3	1	0	0	UNAVAILABLE	UNAVAILABLE
player00.anm	1	0	1	BOUNDED_PREFIX	600	7	1460	4	24	10	1	0	0	UNAVAILABLE	UNAVAILABLE
player00.anm	2	0	2	BOUNDED_PREFIX	600	8	1580	4	24	3	1	0	0	UNAVAILABLE	UNAVAILABLE
player00.anm	3	0	3	BOUNDED_PREFIX	600	8	1696	4	24	10	1	0	0	UNAVAILABLE	UNAVAILABLE
player00.anm	4	0	4	BOUNDED_PREFIX	600	9	1824	4	24	3	1	0	0	UNAVAILABLE	UNAVAILABLE
player00.anm	5	0	5	BOUNDED_PREFIX	600	4	1896	4	24	14	1	0	0	UNAVAILABLE	UNAVAILABLE
player00.anm	6	0	6	BOUNDED_PREFIX	600	7	2004	4	24	21	1	0	0	UNAVAILABLE	UNAVAILABLE
player00.anm	7	0	7	BOUNDED_PREFIX	600	8	2124	4	24	14	1	0	0	UNAVAILABLE	UNAVAILABLE
player00.anm	8	0	8	BOUNDED_PREFIX	600	8	2240	4	24	21	1	0	0	UNAVAILABLE	UNAVAILABLE
player00.anm	9	0	9	BOUNDED_PREFIX	600	9	2368	4	24	14	1	0	0	UNAVAILABLE	UNAVAILABLE
player00.anm	10	0	10	BOUNDED_PREFIX	600	5	2452	2	600	31	1	0	2	UNAVAILABLE	UNAVAILABLE
player00.anm	11	0	11	COMPLETED	31	6	2556	1	30	32	0	0	2	UNAVAILABLE	UNAVAILABLE
player00.anm	12	0	12	BOUNDED_PREFIX	600	5	2632	2	600	33	1	0	2	UNAVAILABLE	UNAVAILABLE
player00.anm	13	0	13	COMPLETED	31	7	2760	1	30	34	0	0	2	UNAVAILABLE	UNAVAILABLE
player00.anm	14	0	14	BOUNDED_PREFIX	600	5	2836	2	600	35	1	0	2	UNAVAILABLE	UNAVAILABLE
player00.anm	15	0	15	COMPLETED	11	7	2948	1	10	35	0	0	2	UNAVAILABLE	UNAVAILABLE
player00.anm	16	0	16	BOUNDED_PREFIX	600	5	3024	2	600	36	1	0	2	UNAVAILABLE	UNAVAILABLE
player00.anm	17	0	17	COMPLETED	11	7	3136	1	10	36	0	0	2	UNAVAILABLE	UNAVAILABLE
player00.anm	18	0	18	BOUNDED_PREFIX	600	10	3312	3	8	22	1	0	2	UNAVAILABLE	UNAVAILABLE
player00.anm	19	1	19	BOUNDED_PREFIX	600	9	135140	36	60	44	1	0	0	UNAVAILABLE	UNAVAILABLE
player00.anm	20	1	20	COMPLETED	21	6	135364	1	20	44	0	0	0	UNAVAILABLE	UNAVAILABLE
player00.anm	21	1	21	COMPLETED	151	7	135496	1	150	45	0	0	0	UNAVAILABLE	UNAVAILABLE
player00.anm	22	1	22	COMPLETED	151	9	135660	1	150	46	0	0	0	UNAVAILABLE	UNAVAILABLE
player01.anm	0	0	0	BOUNDED_PREFIX	600	4	1176	4	24	3	1	0	0	UNAVAILABLE	UNAVAILABLE
player01.anm	1	0	1	BOUNDED_PREFIX	600	7	1284	4	24	10	1	0	0	UNAVAILABLE	UNAVAILABLE
player01.anm	2	0	2	BOUNDED_PREFIX	600	8	1404	4	24	3	1	0	0	UNAVAILABLE	UNAVAILABLE
player01.anm	3	0	3	BOUNDED_PREFIX	600	8	1520	4	24	10	1	0	0	UNAVAILABLE	UNAVAILABLE
player01.anm	4	0	4	BOUNDED_PREFIX	600	9	1648	4	24	3	1	0	0	UNAVAILABLE	UNAVAILABLE
player01.anm	5	0	5	BOUNDED_PREFIX	600	4	1720	4	24	14	1	0	0	UNAVAILABLE	UNAVAILABLE
player01.anm	6	0	6	BOUNDED_PREFIX	600	7	1828	4	24	21	1	0	0	UNAVAILABLE	UNAVAILABLE
player01.anm	7	0	7	BOUNDED_PREFIX	600	8	1948	4	24	14	1	0	0	UNAVAILABLE	UNAVAILABLE
player01.anm	8	0	8	BOUNDED_PREFIX	600	8	2064	4	24	21	1	0	0	UNAVAILABLE	UNAVAILABLE
player01.anm	9	0	9	BOUNDED_PREFIX	600	9	2192	4	24	14	1	0	0	UNAVAILABLE	UNAVAILABLE
player01.anm	10	0	10	BOUNDED_PREFIX	600	5	2276	2	600	26	1	0	2	UNAVAILABLE	UNAVAILABLE
player01.anm	11	0	11	COMPLETED	31	8	2416	1	30	27	0	0	2	UNAVAILABLE	UNAVAILABLE
player01.anm	12	0	12	BOUNDED_PREFIX	600	5	2496	2	600	28	1	0	2	UNAVAILABLE	UNAVAILABLE
player01.anm	13	0	13	COMPLETED	21	9	2664	1	20	29	0	0	2	UNAVAILABLE	UNAVAILABLE
player01.anm	14	0	14	BOUNDED_PREFIX	600	5	2744	2	600	28	1	0	2	UNAVAILABLE	UNAVAILABLE
player01.anm	15	0	15	COMPLETED	21	9	2912	1	20	29	0	0	2	UNAVAILABLE	UNAVAILABLE
player01.anm	16	0	16	BOUNDED_PREFIX	600	5	2992	2	600	28	1	0	2	UNAVAILABLE	UNAVAILABLE
player01.anm	17	0	17	COMPLETED	21	9	3160	1	20	29	0	0	2	UNAVAILABLE	UNAVAILABLE
player01.anm	18	0	18	BOUNDED_PREFIX	600	5	3240	2	600	28	1	0	2	UNAVAILABLE	UNAVAILABLE
player01.anm	19	0	19	COMPLETED	21	9	3408	1	20	29	0	0	2	UNAVAILABLE	UNAVAILABLE
player01.anm	20	0	20	BOUNDED_PREFIX	600	5	3488	2	600	28	1	0	2	UNAVAILABLE	UNAVAILABLE
player01.anm	21	0	21	COMPLETED	21	9	3656	1	20	29	0	0	2	UNAVAILABLE	UNAVAILABLE
player01.anm	22	0	22	BOUNDED_PREFIX	600	5	3732	2	600	30	1	0	2	UNAVAILABLE	UNAVAILABLE
player01.anm	23	0	23	COMPLETED	31	8	3872	1	30	31	0	0	2	UNAVAILABLE	UNAVAILABLE
player01.anm	24	0	24	BOUNDED_PREFIX	600	8	3992	4	600	32	1	0	2	UNAVAILABLE	UNAVAILABLE
player01.anm	25	0	25	BOUNDED_PREFIX	600	8	4160	4	600	32	1	0	2	UNAVAILABLE	UNAVAILABLE
player01.anm	26	0	26	BOUNDED_PREFIX	600	8	4328	4	600	32	1	0	2	UNAVAILABLE	UNAVAILABLE
player01.anm	27	0	27	BOUNDED_PREFIX	600	8	4496	4	600	32	1	0	2	UNAVAILABLE	UNAVAILABLE
player01.anm	28	0	28	BOUNDED_PREFIX	600	8	4664	4	600	32	1	0	2	UNAVAILABLE	UNAVAILABLE
player01.anm	29	0	29	BOUNDED_PREFIX	600	10	4888	3	8	22	1	0	2	UNAVAILABLE	UNAVAILABLE
player01.anm	30	1	30	COMPLETED	311	10	136500	1	310	33	0	0	0	UNAVAILABLE	UNAVAILABLE
player01.anm	31	1	31	COMPLETED	311	10	136692	1	310	33	0	0	0	UNAVAILABLE	UNAVAILABLE
player01.anm	32	1	32	COMPLETED	311	10	136884	1	310	33	0	0	0	UNAVAILABLE	UNAVAILABLE
player01.anm	33	1	33	COMPLETED	311	10	137076	1	310	33	0	0	0	UNAVAILABLE	UNAVAILABLE
player01.anm	34	1	34	COMPLETED	311	10	137268	1	310	33	0	0	0	UNAVAILABLE	UNAVAILABLE
player01.anm	35	1	35	COMPLETED	361	10	137460	1	360	33	0	0	0	UNAVAILABLE	UNAVAILABLE
player01.anm	36	1	36	COMPLETED	361	10	137652	1	360	33	0	0	0	UNAVAILABLE	UNAVAILABLE
player01.anm	37	1	37	COMPLETED	361	10	137844	1	360	33	0	0	0	UNAVAILABLE	UNAVAILABLE
player01.anm	38	1	38	COMPLETED	361	10	138036	1	360	33	0	0	0	UNAVAILABLE	UNAVAILABLE
player01.anm	39	1	39	COMPLETED	361	10	138228	1	360	33	0	0	0	UNAVAILABLE	UNAVAILABLE
player02.anm	0	0	0	BOUNDED_PREFIX	600	4	944	4	24	3	1	0	0	UNAVAILABLE	UNAVAILABLE
player02.anm	1	0	1	BOUNDED_PREFIX	600	6	1040	3	17	10	1	0	0	UNAVAILABLE	UNAVAILABLE
player02.anm	2	0	2	BOUNDED_PREFIX	600	8	1172	4	24	3	1	0	0	UNAVAILABLE	UNAVAILABLE
player02.anm	3	0	3	BOUNDED_PREFIX	600	7	1276	3	17	10	1	0	0	UNAVAILABLE	UNAVAILABLE
player02.anm	4	0	4	BOUNDED_PREFIX	600	9	1416	4	24	3	1	0	0	UNAVAILABLE	UNAVAILABLE
player02.anm	5	0	5	BOUNDED_PREFIX	600	4	1488	4	24	14	1	0	0	UNAVAILABLE	UNAVAILABLE
player02.anm	6	0	6	BOUNDED_PREFIX	600	5	1572	4	24	19	1	0	0	UNAVAILABLE	UNAVAILABLE
player02.anm	7	0	7	BOUNDED_PREFIX	600	6	1668	4	24	14	1	0	0	UNAVAILABLE	UNAVAILABLE
player02.anm	8	0	8	BOUNDED_PREFIX	600	6	1760	4	24	19	1	0	0	UNAVAILABLE	UNAVAILABLE
player02.anm	9	0	9	BOUNDED_PREFIX	600	7	1864	4	24	14	1	0	0	UNAVAILABLE	UNAVAILABLE
player02.anm	10	0	10	BOUNDED_PREFIX	600	5	1948	2	600	21	1	0	2	UNAVAILABLE	UNAVAILABLE
player02.anm	11	0	11	COMPLETED	31	7	2068	1	30	21	0	0	2	UNAVAILABLE	UNAVAILABLE
player02.anm	12	0	12	BOUNDED_PREFIX	600	5	2144	2	600	22	1	0	2	UNAVAILABLE	UNAVAILABLE
player02.anm	13	0	13	COMPLETED	31	7	2264	1	30	22	0	0	2	UNAVAILABLE	UNAVAILABLE
player02.anm	14	0	14	BOUNDED_PREFIX	600	5	2340	2	600	23	1	0	2	UNAVAILABLE	UNAVAILABLE
player02.anm	15	0	15	COMPLETED	31	7	2460	1	30	23	0	0	2	UNAVAILABLE	UNAVAILABLE
player02.anm	16	0	16	BOUNDED_PREFIX	600	5	2536	2	600	24	1	0	2	UNAVAILABLE	UNAVAILABLE
player02.anm	17	0	17	COMPLETED	31	7	2656	1	30	24	0	0	2	UNAVAILABLE	UNAVAILABLE
player02.anm	18	0	18	BOUNDED_PREFIX	600	11	2856	2	600	23	1	0	2	UNAVAILABLE	UNAVAILABLE
player02.anm	19	0	19	COMPLETED	31	9	3012	1	30	23	0	0	2	UNAVAILABLE	UNAVAILABLE
player02.anm	20	0	20	BOUNDED_PREFIX	600	8	3140	2	600	24	1	0	2	UNAVAILABLE	UNAVAILABLE
player02.anm	21	0	21	COMPLETED	31	8	3272	1	30	24	0	0	2	UNAVAILABLE	UNAVAILABLE
player02.anm	22	0	22	BOUNDED_PREFIX	600	7	3384	2	600	21	1	0	2	UNAVAILABLE	UNAVAILABLE
player02.anm	23	0	23	COMPLETED	31	9	3532	1	30	21	0	0	2	UNAVAILABLE	UNAVAILABLE
player02.anm	24	0	24	BOUNDED_PREFIX	600	12	3744	4	200	20	1	0	2	UNAVAILABLE	UNAVAILABLE
player03.anm	0	0	0	BOUNDED_PREFIX	600	4	992	4	24	3	1	0	0	UNAVAILABLE	UNAVAILABLE
player03.anm	1	0	1	BOUNDED_PREFIX	600	2	1040	3	6	5	1	0	0	UNAVAILABLE	UNAVAILABLE
player03.anm	2	0	2	BOUNDED_PREFIX	600	6	1160	4	24	3	1	0	0	UNAVAILABLE	UNAVAILABLE
player03.anm	3	0	3	BOUNDED_PREFIX	600	3	1216	3	6	5	1	0	0	UNAVAILABLE	UNAVAILABLE
player03.anm	4	0	4	BOUNDED_PREFIX	600	7	1344	4	24	3	1	0	0	UNAVAILABLE	UNAVAILABLE
player03.anm	5	0	5	BOUNDED_PREFIX	600	4	1416	4	24	11	1	0	0	UNAVAILABLE	UNAVAILABLE
player03.anm	6	0	6	BOUNDED_PREFIX	600	2	1464	3	6	13	1	0	0	UNAVAILABLE	UNAVAILABLE
player03.anm	7	0	7	BOUNDED_PREFIX	600	5	1572	3	24	10	1	0	0	UNAVAILABLE	UNAVAILABLE
player03.anm	8	0	8	BOUNDED_PREFIX	600	3	1640	3	6	13	1	0	0	UNAVAILABLE	UNAVAILABLE
player03.anm	9	0	9	BOUNDED_PREFIX	600	6	1756	3	24	10	1	0	0	UNAVAILABLE	UNAVAILABLE
player03.anm	10	0	10	BOUNDED_PREFIX	600	5	1852	2	600	24	1	0	2	UNAVAILABLE	UNAVAILABLE
player03.anm	11	0	11	COMPLETED	31	8	2000	1	30	24	0	0	2	UNAVAILABLE	UNAVAILABLE
player03.anm	12	0	12	BOUNDED_PREFIX	600	5	2076	2	600	25	1	0	2	UNAVAILABLE	UNAVAILABLE
player03.anm	13	0	13	COMPLETED	31	7	2196	1	30	25	0	0	2	UNAVAILABLE	UNAVAILABLE
player03.anm	14	0	14	BOUNDED_PREFIX	600	5	2272	2	600	26	1	0	2	UNAVAILABLE	UNAVAILABLE
player03.anm	15	0	15	COMPLETED	31	7	2392	1	30	26	0	0	2	UNAVAILABLE	UNAVAILABLE
player03.anm	16	0	16	BOUNDED_PREFIX	600	5	2468	2	600	27	1	0	2	UNAVAILABLE	UNAVAILABLE
player03.anm	17	0	17	COMPLETED	31	7	2588	1	30	27	0	0	2	UNAVAILABLE	UNAVAILABLE
player03.anm	18	0	18	BOUNDED_PREFIX	600	6	2688	2	600	25	1	0	2	UNAVAILABLE	UNAVAILABLE
player03.anm	19	0	19	BOUNDED_PREFIX	600	6	2832	2	600	26	1	0	2	UNAVAILABLE	UNAVAILABLE
player03.anm	20	0	20	BOUNDED_PREFIX	600	6	2968	2	600	27	1	0	2	UNAVAILABLE	UNAVAILABLE
player03.anm	21	0	21	BOUNDED_PREFIX	600	15	3232	3	24	23	1	0	2	UNAVAILABLE	UNAVAILABLE
result00.anm	0	0	0	BOUNDED_PREFIX	600	3	1064	23	0	21	0	1	0	UNAVAILABLE	UNAVAILABLE
result00.anm	1	0	1	BOUNDED_PREFIX	600	3	1756	23	0	22	0	1	0	UNAVAILABLE	UNAVAILABLE
result00.anm	2	0	2	BOUNDED_PREFIX	600	3	2448	23	0	23	0	1	0	UNAVAILABLE	UNAVAILABLE
result00.anm	3	0	3	BOUNDED_PREFIX	600	3	3140	23	0	24	0	1	0	UNAVAILABLE	UNAVAILABLE
result00.anm	4	0	4	BOUNDED_PREFIX	600	3	3832	23	0	0	0	1	0	UNAVAILABLE	UNAVAILABLE
result00.anm	5	0	5	BOUNDED_PREFIX	600	3	4524	23	0	1	0	1	0	UNAVAILABLE	UNAVAILABLE
result00.anm	6	0	6	BOUNDED_PREFIX	600	3	5216	23	0	2	0	1	0	UNAVAILABLE	UNAVAILABLE
result00.anm	7	0	7	BOUNDED_PREFIX	600	3	5908	23	0	3	0	1	0	UNAVAILABLE	UNAVAILABLE
result00.anm	8	0	8	BOUNDED_PREFIX	600	3	6600	23	0	4	0	1	0	UNAVAILABLE	UNAVAILABLE
result00.anm	9	0	9	BOUNDED_PREFIX	600	3	7292	23	0	0	0	1	0	UNAVAILABLE	UNAVAILABLE
result00.anm	10	0	10	BOUNDED_PREFIX	600	3	7984	23	0	1	0	1	0	UNAVAILABLE	UNAVAILABLE
result00.anm	11	0	11	BOUNDED_PREFIX	600	3	8676	23	0	2	0	1	0	UNAVAILABLE	UNAVAILABLE
result00.anm	12	0	12	BOUNDED_PREFIX	600	3	9368	23	0	3	0	1	0	UNAVAILABLE	UNAVAILABLE
result00.anm	13	0	13	BOUNDED_PREFIX	600	3	10060	23	0	4	0	1	0	UNAVAILABLE	UNAVAILABLE
result00.anm	14	0	14	BOUNDED_PREFIX	600	3	10752	23	0	6	0	1	0	UNAVAILABLE	UNAVAILABLE
result00.anm	15	0	15	BOUNDED_PREFIX	600	3	11444	23	0	7	0	1	0	UNAVAILABLE	UNAVAILABLE
result00.anm	16	0	16	BOUNDED_PREFIX	600	3	12136	23	0	8	0	1	0	UNAVAILABLE	UNAVAILABLE
result00.anm	17	0	17	BOUNDED_PREFIX	600	3	12828	23	0	9	0	1	0	UNAVAILABLE	UNAVAILABLE
result00.anm	18	0	18	BOUNDED_PREFIX	600	3	13520	23	0	10	0	1	0	UNAVAILABLE	UNAVAILABLE
result00.anm	19	0	19	BOUNDED_PREFIX	600	3	14212	23	0	11	0	1	0	UNAVAILABLE	UNAVAILABLE
result00.anm	20	0	20	BOUNDED_PREFIX	600	3	14904	23	0	12	0	1	0	UNAVAILABLE	UNAVAILABLE
result00.anm	21	0	21	BOUNDED_PREFIX	600	3	15596	23	0	13	0	1	0	UNAVAILABLE	UNAVAILABLE
result00.anm	22	0	22	BOUNDED_PREFIX	600	3	16288	23	0	14	0	1	0	UNAVAILABLE	UNAVAILABLE
result00.anm	23	0	23	BOUNDED_PREFIX	600	3	16980	23	0	15	0	1	0	UNAVAILABLE	UNAVAILABLE
result00.anm	24	0	24	BOUNDED_PREFIX	600	3	17672	23	0	16	0	1	0	UNAVAILABLE	UNAVAILABLE
result00.anm	25	0	25	BOUNDED_PREFIX	600	3	18364	23	0	17	0	1	0	UNAVAILABLE	UNAVAILABLE
result00.anm	26	0	26	BOUNDED_PREFIX	600	3	19056	23	0	18	0	1	0	UNAVAILABLE	UNAVAILABLE
result00.anm	27	0	27	BOUNDED_PREFIX	600	3	19748	23	0	7	0	1	0	UNAVAILABLE	UNAVAILABLE
result00.anm	28	0	28	BOUNDED_PREFIX	600	3	20440	23	0	8	0	1	0	UNAVAILABLE	UNAVAILABLE
result00.anm	29	0	29	BOUNDED_PREFIX	600	3	21132	23	0	9	0	1	0	UNAVAILABLE	UNAVAILABLE
result00.anm	30	0	30	BOUNDED_PREFIX	600	3	21824	23	0	10	0	1	0	UNAVAILABLE	UNAVAILABLE
result00.anm	31	0	31	BOUNDED_PREFIX	600	3	22516	23	0	11	0	1	0	UNAVAILABLE	UNAVAILABLE
result00.anm	32	0	32	BOUNDED_PREFIX	600	3	23208	23	0	12	0	1	0	UNAVAILABLE	UNAVAILABLE
result00.anm	33	0	33	BOUNDED_PREFIX	600	3	23900	23	0	13	0	1	0	UNAVAILABLE	UNAVAILABLE
result00.anm	34	0	34	BOUNDED_PREFIX	600	3	24592	23	0	14	0	1	0	UNAVAILABLE	UNAVAILABLE
result00.anm	35	0	35	BOUNDED_PREFIX	600	3	25284	23	0	15	0	1	0	UNAVAILABLE	UNAVAILABLE
result00.anm	36	0	36	BOUNDED_PREFIX	600	3	25976	23	0	16	0	1	0	UNAVAILABLE	UNAVAILABLE
result00.anm	37	0	37	BOUNDED_PREFIX	600	3	26668	23	0	17	0	1	0	UNAVAILABLE	UNAVAILABLE
result00.anm	38	0	38	BOUNDED_PREFIX	600	3	27360	23	0	18	0	1	0	UNAVAILABLE	UNAVAILABLE
result00.anm	39	0	39	BOUNDED_PREFIX	600	3	28052	23	0	19	0	1	0	UNAVAILABLE	UNAVAILABLE
result00.anm	40	0	40	BOUNDED_PREFIX	600	3	28744	23	0	22	0	1	0	UNAVAILABLE	UNAVAILABLE
result00.anm	41	1	41	BOUNDED_PREFIX	600	3	553656	23	0	25	0	1	0	UNAVAILABLE	UNAVAILABLE
result00.anm	42	1	42	BOUNDED_PREFIX	600	3	553800	23	0	26	0	1	0	UNAVAILABLE	UNAVAILABLE
result00.anm	43	1	43	BOUNDED_PREFIX	600	3	553944	23	0	27	0	1	0	UNAVAILABLE	UNAVAILABLE
result00.anm	44	1	44	BOUNDED_PREFIX	600	3	554088	23	0	28	0	1	0	UNAVAILABLE	UNAVAILABLE
result00.anm	45	1	45	BOUNDED_PREFIX	600	3	554232	23	0	29	0	1	0	UNAVAILABLE	UNAVAILABLE
result00.anm	46	1	46	BOUNDED_PREFIX	600	3	554376	23	0	30	0	1	0	UNAVAILABLE	UNAVAILABLE
result00.anm	47	1	47	BOUNDED_PREFIX	600	3	554520	23	0	31	0	1	0	UNAVAILABLE	UNAVAILABLE
result00.anm	48	2	48	BOUNDED_PREFIX	600	3	686200	23	0	37	0	1	0	UNAVAILABLE	UNAVAILABLE
result00.anm	49	2	49	BOUNDED_PREFIX	600	3	686452	23	0	33	0	1	0	UNAVAILABLE	UNAVAILABLE
result00.anm	50	2	50	BOUNDED_PREFIX	600	3	686664	23	0	34	0	1	0	UNAVAILABLE	UNAVAILABLE
result00.anm	51	2	51	BOUNDED_PREFIX	600	3	686872	23	0	35	0	1	0	UNAVAILABLE	UNAVAILABLE
result00.anm	52	2	52	BOUNDED_PREFIX	600	3	687080	23	0	36	0	1	0	UNAVAILABLE	UNAVAILABLE
result00.anm	53	2	53	BOUNDED_PREFIX	600	3	687212	23	0	39	0	1	0	UNAVAILABLE	UNAVAILABLE
result00.anm	54	2	54	BOUNDED_PREFIX	600	3	687344	23	0	38	0	1	0	UNAVAILABLE	UNAVAILABLE
result00.anm	55	2	55	BOUNDED_PREFIX	600	2	687464	23	0	38	0	1	0	UNAVAILABLE	UNAVAILABLE
result00.anm	56	2	56	BOUNDED_PREFIX	600	2	687616	23	0	38	0	1	0	UNAVAILABLE	UNAVAILABLE
result00.anm	57	2	57	BOUNDED_PREFIX	600	2	687812	23	0	38	0	1	0	UNAVAILABLE	UNAVAILABLE
result00.anm	58	2	58	BOUNDED_PREFIX	600	2	688008	23	0	38	0	1	0	UNAVAILABLE	UNAVAILABLE
result00.anm	59	2	59	BOUNDED_PREFIX	600	2	688204	23	0	38	0	1	0	UNAVAILABLE	UNAVAILABLE
result00.anm	60	2	60	BOUNDED_PREFIX	600	2	688400	23	0	38	0	1	0	UNAVAILABLE	UNAVAILABLE
result00.anm	61	2	61	BOUNDED_PREFIX	600	2	688596	23	0	38	0	1	0	UNAVAILABLE	UNAVAILABLE
result00.anm	62	2	62	BOUNDED_PREFIX	600	2	688792	23	0	38	0	1	0	UNAVAILABLE	UNAVAILABLE
result00.anm	63	2	63	BOUNDED_PREFIX	600	2	688988	23	0	38	0	1	0	UNAVAILABLE	UNAVAILABLE
result00.anm	64	2	64	BOUNDED_PREFIX	600	2	689184	23	0	38	0	1	0	UNAVAILABLE	UNAVAILABLE
result00.anm	65	2	65	BOUNDED_PREFIX	600	2	689380	23	0	38	0	1	0	UNAVAILABLE	UNAVAILABLE
result00.anm	66	2	66	BOUNDED_PREFIX	600	2	689576	23	0	38	0	1	0	UNAVAILABLE	UNAVAILABLE
result00.anm	67	2	67	BOUNDED_PREFIX	600	2	689772	23	0	38	0	1	0	UNAVAILABLE	UNAVAILABLE
result00.anm	68	2	68	BOUNDED_PREFIX	600	2	689968	23	0	38	0	1	0	UNAVAILABLE	UNAVAILABLE
result00.anm	69	2	69	BOUNDED_PREFIX	600	2	690164	23	0	38	0	1	0	UNAVAILABLE	UNAVAILABLE
result00.anm	70	2	70	BOUNDED_PREFIX	600	2	690360	23	0	38	0	1	0	UNAVAILABLE	UNAVAILABLE
result00.anm	71	3	71	BOUNDED_PREFIX	600	3	821772	23	0	40	0	1	0	UNAVAILABLE	UNAVAILABLE
staff01.anm	0	0	0	COMPLETED	541	7	380	1	540	0	0	0	0	UNAVAILABLE	UNAVAILABLE
staff01.anm	1	0	1	BOUNDED_PREFIX	600	5	480	15	600	0	1	0	0	UNAVAILABLE	UNAVAILABLE
staff01.anm	2	0	2	BOUNDED_PREFIX	600	5	596	17	600	0	1	0	0	UNAVAILABLE	UNAVAILABLE
staff01.anm	3	0	3	BOUNDED_PREFIX	600	6	752	1	600	0	1	0	0	UNAVAILABLE	UNAVAILABLE
staff01.anm	4	0	4	COMPLETED	501	7	892	1	500	0	0	0	0	UNAVAILABLE	UNAVAILABLE
staff01.anm	5	0	5	BOUNDED_PREFIX	600	4	968	2	600	0	1	0	0	UNAVAILABLE	UNAVAILABLE
staff01.anm	6	0	6	BOUNDED_PREFIX	600	4	1044	2	600	0	1	0	0	UNAVAILABLE	UNAVAILABLE
staff01.anm	7	0	7	BOUNDED_PREFIX	600	4	1120	2	600	0	1	0	0	UNAVAILABLE	UNAVAILABLE
stg1bg.anm	0	0	0	COMPLETED	1	3	224	2	0	0	1	0	0	UNAVAILABLE	UNAVAILABLE
stg1bg.anm	1	0	1	COMPLETED	1	3	276	2	0	1	1	0	0	UNAVAILABLE	UNAVAILABLE
stg1bg.anm	2	0	2	COMPLETED	1	3	328	2	0	2	1	0	0	UNAVAILABLE	UNAVAILABLE
stg1enm.anm	0	0	0	BOUNDED_PREFIX	600	12	568	3	40	4	1	0	0	UNAVAILABLE	UNAVAILABLE
stg1enm.anm	1	0	1	COMPLETED	13	5	796	2	12	8	1	0	0	UNAVAILABLE	UNAVAILABLE
stg1enm.anm	2	0	2	COMPLETED	13	4	860	2	12	8	1	0	0	UNAVAILABLE	UNAVAILABLE
stg1enm.anm	3	0	3	BOUNDED_PREFIX	600	14	1056	3	40	1	1	0	0	UNAVAILABLE	UNAVAILABLE
stg1enm.anm	4	0	4	BOUNDED_PREFIX	600	13	1436	3	40	1	1	0	0	UNAVAILABLE	UNAVAILABLE
stg1enm.anm	5	0	5	BOUNDED_PREFIX	600	4	1708	32	40	10	1	0	0	UNAVAILABLE	UNAVAILABLE
stg1txt.anm	0	0	0	COMPLETED	551	7	408	1	550	1	0	0	0	UNAVAILABLE	UNAVAILABLE
stg1txt.anm	1	0	1	COMPLETED	551	7	560	1	550	0	0	0	0	UNAVAILABLE	UNAVAILABLE
stg1txt.anm	2	0	2	COMPLETED	431	6	684	1	430	2	0	0	0	UNAVAILABLE	UNAVAILABLE
stg1txt.anm	3	0	3	COMPLETED	461	6	804	1	460	3	0	0	0	UNAVAILABLE	UNAVAILABLE
stg2bg.anm	0	0	0	COMPLETED	1	3	224	2	0	0	1	0	0	UNAVAILABLE	UNAVAILABLE
stg2bg.anm	1	0	1	COMPLETED	1	3	276	2	0	1	1	0	0	UNAVAILABLE	UNAVAILABLE
stg2bg.anm	2	0	2	COMPLETED	1	3	328	2	0	2	1	0	0	UNAVAILABLE	UNAVAILABLE
stg2enm.anm	0	0	0	BOUNDED_PREFIX	600	8	544	3	24	1	1	0	0	UNAVAILABLE	UNAVAILABLE
stg2enm.anm	1	0	1	COMPLETED	13	5	772	2	12	7	1	0	0	UNAVAILABLE	UNAVAILABLE
stg2enm.anm	2	0	2	COMPLETED	13	4	836	2	12	7	1	0	0	UNAVAILABLE	UNAVAILABLE
stg2enm.anm	3	0	3	BOUNDED_PREFIX	600	10	984	3	24	2	1	0	0	UNAVAILABLE	UNAVAILABLE
stg2enm.anm	4	0	4	BOUNDED_PREFIX	600	9	1316	3	24	2	1	0	0	UNAVAILABLE	UNAVAILABLE
stg2enm.anm	5	0	5	BOUNDED_PREFIX	600	6	1612	32	40	11	1	0	0	UNAVAILABLE	UNAVAILABLE
stg2txt.anm	0	0	0	COMPLETED	551	7	408	1	550	1	0	0	0	UNAVAILABLE	UNAVAILABLE
stg2txt.anm	1	0	1	COMPLETED	551	7	560	1	550	0	0	0	0	UNAVAILABLE	UNAVAILABLE
stg2txt.anm	2	0	2	COMPLETED	431	6	684	1	430	2	0	0	0	UNAVAILABLE	UNAVAILABLE
stg2txt.anm	3	0	3	COMPLETED	461	6	804	1	460	3	0	0	0	UNAVAILABLE	UNAVAILABLE
stg3bg.anm	0	0	0	BOUNDED_PREFIX	600	5	240	0	600	0	1	0	0	UNAVAILABLE	UNAVAILABLE
stg3bg.anm	1	0	1	BOUNDED_PREFIX	600	8	944	33	600	1	1	0	0	UNAVAILABLE	UNAVAILABLE
stg3bg.anm	2	1	2	BOUNDED_PREFIX	600	7	525628	33	600	2	1	0	0	UNAVAILABLE	UNAVAILABLE
stg3bg.anm	3	1	3	BOUNDED_PREFIX	600	9	525960	5	1	3	1	0	0	UNAVAILABLE	UNAVAILABLE
stg3bg.anm	4	1	4	BOUNDED_PREFIX	600	6	526532	2	600	2	1	0	0	UNAVAILABLE	UNAVAILABLE
stg3bg.anm	5	1	5	BOUNDED_PREFIX	600	7	526636	4	1	3	1	0	0	UNAVAILABLE	UNAVAILABLE
stg3enm.anm	0	0	0	BOUNDED_PREFIX	600	10	568	3	40	3	1	0	0	UNAVAILABLE	UNAVAILABLE
stg3enm.anm	1	0	1	COMPLETED	13	5	772	2	12	7	1	0	0	UNAVAILABLE	UNAVAILABLE
stg3enm.anm	2	0	2	COMPLETED	13	4	836	2	12	7	1	0	0	UNAVAILABLE	UNAVAILABLE
stg3enm.anm	3	0	3	BOUNDED_PREFIX	600	10	984	3	24	2	1	0	0	UNAVAILABLE	UNAVAILABLE
stg3enm.anm	4	0	4	BOUNDED_PREFIX	600	9	1316	3	24	2	1	0	0	UNAVAILABLE	UNAVAILABLE
stg3enm.anm	5	0	5	BOUNDED_PREFIX	600	6	1612	32	40	11	1	0	0	UNAVAILABLE	UNAVAILABLE
stg3txt.anm	0	0	0	COMPLETED	551	7	408	1	550	1	0	0	0	UNAVAILABLE	UNAVAILABLE
stg3txt.anm	1	0	1	COMPLETED	551	7	560	1	550	0	0	0	0	UNAVAILABLE	UNAVAILABLE
stg3txt.anm	2	0	2	COMPLETED	431	6	684	1	430	2	0	0	0	UNAVAILABLE	UNAVAILABLE
stg3txt.anm	3	0	3	COMPLETED	461	6	804	1	460	3	0	0	0	UNAVAILABLE	UNAVAILABLE
stg4abg.anm	0	0	0	BOUNDED_PREFIX	600	3	256	4	600	0	1	0	0	UNAVAILABLE	UNAVAILABLE
stg4abg.anm	1	0	1	COMPLETED	1	3	324	2	0	1	1	0	0	UNAVAILABLE	UNAVAILABLE
stg4abg.anm	2	0	2	COMPLETED	1	3	376	2	0	2	1	0	0	UNAVAILABLE	UNAVAILABLE
stg4abg.anm	3	0	3	COMPLETED	1	3	428	2	0	3	1	0	0	UNAVAILABLE	UNAVAILABLE
stg4abg.anm	4	1	4	BOUNDED_PREFIX	600	4	524952	34	600	4	1	0	0	UNAVAILABLE	UNAVAILABLE
stg4abg.anm	5	1	5	BOUNDED_PREFIX	600	3	525044	34	600	4	1	0	0	UNAVAILABLE	UNAVAILABLE
stg4abg.anm	6	1	6	BOUNDED_PREFIX	600	6	525184	2	600	4	1	0	0	UNAVAILABLE	UNAVAILABLE
stg4abg.anm	7	1	7	BOUNDED_PREFIX	600	3	525244	2	600	4	1	0	0	UNAVAILABLE	UNAVAILABLE
stg4aenm.anm	0	0	0	BOUNDED_PREFIX	600	10	904	3	40	3	1	0	0	UNAVAILABLE	UNAVAILABLE
stg4aenm.anm	1	0	1	COMPLETED	13	5	1108	2	12	7	1	0	0	UNAVAILABLE	UNAVAILABLE
stg4aenm.anm	2	0	2	COMPLETED	13	4	1172	2	12	7	1	0	0	UNAVAILABLE	UNAVAILABLE
stg4aenm.anm	3	0	3	BOUNDED_PREFIX	600	11	1332	3	40	3	1	0	0	UNAVAILABLE	UNAVAILABLE
stg4aenm.anm	4	0	4	BOUNDED_PREFIX	600	10	1664	3	40	3	1	0	0	UNAVAILABLE	UNAVAILABLE
stg4aenm.anm	5	0	5	BOUNDED_PREFIX	600	4	1908	4	20	9	1	0	0	UNAVAILABLE	UNAVAILABLE
stg4aenm.anm	6	0	6	BOUNDED_PREFIX	600	11	2080	3	40	15	1	0	0	UNAVAILABLE	UNAVAILABLE
stg4aenm.anm	7	0	7	COMPLETED	13	6	2296	2	12	19	1	0	0	UNAVAILABLE	UNAVAILABLE
stg4aenm.anm	8	0	8	COMPLETED	13	5	2372	2	12	19	1	0	0	UNAVAILABLE	UNAVAILABLE
stg4aenm.anm	9	0	9	BOUNDED_PREFIX	600	12	2544	3	40	15	1	0	0	UNAVAILABLE	UNAVAILABLE
stg4aenm.anm	10	0	10	BOUNDED_PREFIX	600	11	2888	3	40	15	1	0	0	UNAVAILABLE	UNAVAILABLE
stg4aenm.anm	11	0	11	BOUNDED_PREFIX	600	5	3144	4	20	21	1	0	0	UNAVAILABLE	UNAVAILABLE
stg4atxt.anm	0	0	0	COMPLETED	551	7	408	1	550	1	0	0	0	UNAVAILABLE	UNAVAILABLE
stg4atxt.anm	1	0	1	COMPLETED	551	7	560	1	550	0	0	0	0	UNAVAILABLE	UNAVAILABLE
stg4atxt.anm	2	0	2	COMPLETED	431	6	684	1	430	2	0	0	0	UNAVAILABLE	UNAVAILABLE
stg4atxt.anm	3	0	3	COMPLETED	461	6	804	1	460	3	0	0	0	UNAVAILABLE	UNAVAILABLE
stg4benm.anm	0	0	0	BOUNDED_PREFIX	600	10	568	3	40	3	1	0	0	UNAVAILABLE	UNAVAILABLE
stg4benm.anm	1	0	1	COMPLETED	13	5	772	2	12	7	1	0	0	UNAVAILABLE	UNAVAILABLE
stg4benm.anm	2	0	2	COMPLETED	13	4	836	2	12	7	1	0	0	UNAVAILABLE	UNAVAILABLE
stg4benm.anm	3	0	3	BOUNDED_PREFIX	600	11	996	3	40	3	1	0	0	UNAVAILABLE	UNAVAILABLE
stg4benm.anm	4	0	4	BOUNDED_PREFIX	600	10	1328	3	40	3	1	0	0	UNAVAILABLE	UNAVAILABLE
stg4benm.anm	5	0	5	BOUNDED_PREFIX	600	2	1564	32	40	8	1	0	0	UNAVAILABLE	UNAVAILABLE
stg4benm.anm	6	1	6	COMPLETED	371	12	133196	1	370	12	0	0	0	UNAVAILABLE	UNAVAILABLE
stg4benm.anm	7	1	7	COMPLETED	371	12	133424	1	370	12	0	0	0	UNAVAILABLE	UNAVAILABLE
stg4benm.anm	8	1	8	COMPLETED	371	12	133652	1	370	12	0	0	0	UNAVAILABLE	UNAVAILABLE
stg4benm.anm	9	1	9	COMPLETED	371	12	133880	1	370	12	0	0	0	UNAVAILABLE	UNAVAILABLE
stg4benm.anm	10	1	10	COMPLETED	371	12	134108	1	370	12	0	0	0	UNAVAILABLE	UNAVAILABLE
stg4benm.anm	11	1	11	COMPLETED	371	12	134336	1	370	12	0	0	0	UNAVAILABLE	UNAVAILABLE
stg4benm.anm	12	1	12	COMPLETED	371	12	134564	1	370	12	0	0	0	UNAVAILABLE	UNAVAILABLE
stg4benm.anm	13	1	13	COMPLETED	371	12	134792	1	370	12	0	0	0	UNAVAILABLE	UNAVAILABLE
stg4benm.anm	14	1	14	COMPLETED	331	12	135020	1	330	12	0	0	0	UNAVAILABLE	UNAVAILABLE
stg4benm.anm	15	1	15	COMPLETED	331	12	135248	1	330	12	0	0	0	UNAVAILABLE	UNAVAILABLE
stg4benm.anm	16	1	16	COMPLETED	331	12	135476	1	330	12	0	0	0	UNAVAILABLE	UNAVAILABLE
stg4benm.anm	17	1	17	COMPLETED	331	12	135704	1	330	12	0	0	0	UNAVAILABLE	UNAVAILABLE
stg4benm.anm	18	1	18	COMPLETED	301	12	135932	1	300	12	0	0	0	UNAVAILABLE	UNAVAILABLE
stg4benm.anm	19	1	19	COMPLETED	301	12	136160	1	300	12	0	0	0	UNAVAILABLE	UNAVAILABLE
stg4benm.anm	20	1	20	COMPLETED	301	12	136388	1	300	12	0	0	0	UNAVAILABLE	UNAVAILABLE
stg4benm.anm	21	1	21	COMPLETED	301	12	136616	1	300	12	0	0	0	UNAVAILABLE	UNAVAILABLE
stg4benm.anm	22	1	22	COMPLETED	171	12	136844	1	170	12	0	0	0	UNAVAILABLE	UNAVAILABLE
stg4benm.anm	23	1	23	COMPLETED	171	12	137072	1	170	12	0	0	0	UNAVAILABLE	UNAVAILABLE
stg4benm.anm	24	1	24	COMPLETED	171	12	137300	1	170	12	0	0	0	UNAVAILABLE	UNAVAILABLE
stg4benm.anm	25	1	25	COMPLETED	171	12	137528	1	170	12	0	0	0	UNAVAILABLE	UNAVAILABLE
stg4btxt.anm	0	0	0	COMPLETED	551	7	408	1	550	1	0	0	0	UNAVAILABLE	UNAVAILABLE
stg4btxt.anm	1	0	1	COMPLETED	551	7	560	1	550	0	0	0	0	UNAVAILABLE	UNAVAILABLE
stg4btxt.anm	2	0	2	COMPLETED	431	6	684	1	430	2	0	0	0	UNAVAILABLE	UNAVAILABLE
stg4btxt.anm	3	0	3	COMPLETED	461	6	804	1	460	3	0	0	0	UNAVAILABLE	UNAVAILABLE
stg5bg.anm	0	0	0	COMPLETED	1	3	380	2	0	0	1	0	0	UNAVAILABLE	UNAVAILABLE
stg5bg.anm	1	0	1	COMPLETED	1	3	440	2	0	0	1	0	0	UNAVAILABLE	UNAVAILABLE
stg5bg.anm	2	0	2	COMPLETED	1	2	480	2	0	1	1	0	0	UNAVAILABLE	UNAVAILABLE
stg5bg.anm	3	0	3	BOUNDED_PREFIX	600	7	580	4	2	2	1	0	0	UNAVAILABLE	UNAVAILABLE
stg5bg.anm	4	0	4	COMPLETED	1	2	628	2	0	3	1	0	0	UNAVAILABLE	UNAVAILABLE
stg5bg.anm	5	0	5	COMPLETED	1	2	668	2	0	4	1	0	0	UNAVAILABLE	UNAVAILABLE
stg5bg.anm	6	0	6	COMPLETED	1	3	728	2	0	5	1	0	0	UNAVAILABLE	UNAVAILABLE
stg5bg.anm	7	0	7	COMPLETED	1	3	788	2	0	5	1	0	0	UNAVAILABLE	UNAVAILABLE
stg5bg.anm	8	0	8	BOUNDED_PREFIX	600	7	888	4	2	6	1	0	0	UNAVAILABLE	UNAVAILABLE
stg5enm.anm	0	0	0	BOUNDED_PREFIX	600	3	652	32	40	0	1	0	0	UNAVAILABLE	UNAVAILABLE
stg5enm.anm	1	0	1	COMPLETED	13	5	760	2	12	3	1	0	0	UNAVAILABLE	UNAVAILABLE
stg5enm.anm	2	0	2	COMPLETED	13	4	824	2	12	3	1	0	0	UNAVAILABLE	UNAVAILABLE
stg5enm.anm	3	0	3	BOUNDED_PREFIX	600	7	936	32	40	0	1	0	0	UNAVAILABLE	UNAVAILABLE
stg5enm.anm	4	0	4	BOUNDED_PREFIX	600	6	1076	32	40	0	1	0	0	UNAVAILABLE	UNAVAILABLE
stg5enm.anm	5	0	5	BOUNDED_PREFIX	600	7	1244	20	60	4	1	1	0	UNAVAILABLE	UNAVAILABLE
stg5enm.anm	6	0	6	BOUNDED_PREFIX	600	10	1396	3	40	8	1	0	0	UNAVAILABLE	UNAVAILABLE
stg5enm.anm	7	0	7	COMPLETED	13	5	1600	2	12	12	1	0	0	UNAVAILABLE	UNAVAILABLE
stg5enm.anm	8	0	8	COMPLETED	13	4	1664	2	12	12	1	0	0	UNAVAILABLE	UNAVAILABLE
stg5enm.anm	9	0	9	BOUNDED_PREFIX	600	10	1812	3	24	7	1	0	0	UNAVAILABLE	UNAVAILABLE
stg5enm.anm	10	0	10	BOUNDED_PREFIX	600	9	2144	3	24	7	1	0	0	UNAVAILABLE	UNAVAILABLE
stg5enm.anm	11	0	11	BOUNDED_PREFIX	600	6	2440	32	40	16	1	0	0	UNAVAILABLE	UNAVAILABLE
stg5enm.anm	12	1	12	BOUNDED_PREFIX	600	10	134148	3	40	20	1	0	0	UNAVAILABLE	UNAVAILABLE
stg5enm.anm	13	1	13	COMPLETED	13	5	134352	2	12	24	1	0	0	UNAVAILABLE	UNAVAILABLE
stg5enm.anm	14	1	14	COMPLETED	13	4	134416	2	12	24	1	0	0	UNAVAILABLE	UNAVAILABLE
stg5enm.anm	15	1	15	BOUNDED_PREFIX	600	10	134564	3	24	19	1	0	0	UNAVAILABLE	UNAVAILABLE
stg5enm.anm	16	1	16	BOUNDED_PREFIX	600	9	134896	3	24	19	1	0	0	UNAVAILABLE	UNAVAILABLE
stg5enm.anm	17	1	17	BOUNDED_PREFIX	600	6	135192	32	40	28	1	0	0	UNAVAILABLE	UNAVAILABLE
stg5txt.anm	0	0	0	BOUNDED_PREFIX	600	3	316	8	600	1	1	0	0	UNAVAILABLE	UNAVAILABLE
stg5txt.anm	1	0	1	BOUNDED_PREFIX	600	3	480	8	600	0	1	0	0	UNAVAILABLE	UNAVAILABLE
stg5txt.anm	2	0	2	BOUNDED_PREFIX	600	3	644	8	600	2	1	0	0	UNAVAILABLE	UNAVAILABLE
stg5txt.anm	3	0	3	COMPLETED	561	6	840	1	560	3	0	0	0	UNAVAILABLE	UNAVAILABLE
stg6bg.anm	0	0	0	COMPLETED	1	3	380	2	0	0	1	0	0	UNAVAILABLE	UNAVAILABLE
stg6bg.anm	1	0	1	COMPLETED	1	3	440	2	0	0	1	0	0	UNAVAILABLE	UNAVAILABLE
stg6bg.anm	2	0	2	COMPLETED	1	2	480	2	0	1	1	0	0	UNAVAILABLE	UNAVAILABLE
stg6bg.anm	3	0	3	BOUNDED_PREFIX	600	7	580	4	2	2	1	0	0	UNAVAILABLE	UNAVAILABLE
stg6bg.anm	4	0	4	COMPLETED	1	3	648	2	0	1	1	0	0	UNAVAILABLE	UNAVAILABLE
stg6bg.anm	5	0	5	COMPLETED	1	2	688	2	0	4	1	0	0	UNAVAILABLE	UNAVAILABLE
stg6bg.anm	6	0	6	COMPLETED	1	3	748	2	0	5	1	0	0	UNAVAILABLE	UNAVAILABLE
stg6bg.anm	7	0	7	COMPLETED	1	3	808	2	0	5	1	0	0	UNAVAILABLE	UNAVAILABLE
stg6bg.anm	8	0	8	BOUNDED_PREFIX	600	7	908	4	2	6	1	0	0	UNAVAILABLE	UNAVAILABLE
stg6bg.anm	9	1	9	BOUNDED_PREFIX	600	7	1049764	2	600	7	1	0	0	UNAVAILABLE	UNAVAILABLE
stg6bg.anm	10	1	10	COMPLETED	21	4	1049848	2	20	7	1	0	0	UNAVAILABLE	UNAVAILABLE
stg6bg.anm	11	1	11	BOUNDED_PREFIX	600	5	1049928	2	600	7	1	0	0	UNAVAILABLE	UNAVAILABLE
stg6bg.anm	12	2	12	COMPLETED	21	6	2098776	2	20	8	1	0	0	UNAVAILABLE	UNAVAILABLE
stg6bg.anm	13	2	13	COMPLETED	21	5	2098876	2	20	8	1	0	0	UNAVAILABLE	UNAVAILABLE
stg6bg.anm	14	3	14	COMPLETED	21	6	2361292	2	20	9	1	0	0	UNAVAILABLE	UNAVAILABLE
stg6bg.anm	15	3	15	COMPLETED	21	5	2361392	2	20	9	1	0	0	UNAVAILABLE	UNAVAILABLE
stg6bg.anm	16	4	16	COMPLETED	21	6	2623808	2	20	10	1	0	0	UNAVAILABLE	UNAVAILABLE
stg6bg.anm	17	4	17	COMPLETED	21	5	2623908	2	20	10	1	0	0	UNAVAILABLE	UNAVAILABLE
stg6enm.anm	0	0	0	BOUNDED_PREFIX	600	10	600	3	40	3	1	0	0	UNAVAILABLE	UNAVAILABLE
stg6enm.anm	1	0	1	COMPLETED	13	5	804	2	12	7	1	0	0	UNAVAILABLE	UNAVAILABLE
stg6enm.anm	2	0	2	COMPLETED	13	4	868	2	12	7	1	0	0	UNAVAILABLE	UNAVAILABLE
stg6enm.anm	3	0	3	BOUNDED_PREFIX	600	10	1016	3	24	2	1	0	0	UNAVAILABLE	UNAVAILABLE
stg6enm.anm	4	0	4	BOUNDED_PREFIX	600	9	1348	3	24	2	1	0	0	UNAVAILABLE	UNAVAILABLE
stg6enm.anm	5	0	5	BOUNDED_PREFIX	600	5	1616	4	40	11	1	0	0	UNAVAILABLE	UNAVAILABLE
stg6enm.anm	6	0	6	BOUNDED_PREFIX	600	7	1764	32	120	12	1	0	0	UNAVAILABLE	UNAVAILABLE
stg6txt.anm	0	0	0	BOUNDED_PREFIX	600	3	340	8	600	1	1	0	0	UNAVAILABLE	UNAVAILABLE
stg6txt.anm	1	0	1	BOUNDED_PREFIX	600	3	504	8	600	0	1	0	0	UNAVAILABLE	UNAVAILABLE
stg6txt.anm	2	0	2	BOUNDED_PREFIX	600	3	668	8	600	2	1	0	0	UNAVAILABLE	UNAVAILABLE
stg6txt.anm	3	0	3	COMPLETED	561	6	864	1	560	3	0	0	0	UNAVAILABLE	UNAVAILABLE
stg7bg.anm	0	0	0	COMPLETED	1	3	380	2	0	0	1	0	0	UNAVAILABLE	UNAVAILABLE
stg7bg.anm	1	0	1	COMPLETED	1	3	440	2	0	0	1	0	0	UNAVAILABLE	UNAVAILABLE
stg7bg.anm	2	0	2	COMPLETED	1	2	480	2	0	1	1	0	0	UNAVAILABLE	UNAVAILABLE
stg7bg.anm	3	0	3	BOUNDED_PREFIX	600	7	580	4	2	2	1	0	0	UNAVAILABLE	UNAVAILABLE
stg7bg.anm	4	0	4	COMPLETED	1	3	648	2	0	1	1	0	0	UNAVAILABLE	UNAVAILABLE
stg7bg.anm	5	0	5	COMPLETED	1	2	688	2	0	4	1	0	0	UNAVAILABLE	UNAVAILABLE
stg7bg.anm	6	0	6	COMPLETED	1	3	748	2	0	5	1	0	0	UNAVAILABLE	UNAVAILABLE
stg7bg.anm	7	0	7	COMPLETED	1	3	808	2	0	5	1	0	0	UNAVAILABLE	UNAVAILABLE
stg7bg.anm	8	0	8	BOUNDED_PREFIX	600	7	908	4	2	6	1	0	0	UNAVAILABLE	UNAVAILABLE
stg7bg.anm	9	1	9	BOUNDED_PREFIX	600	6	1049744	2	600	7	1	0	0	UNAVAILABLE	UNAVAILABLE
stg7bg.anm	10	1	10	BOUNDED_PREFIX	600	4	1049812	2	600	7	1	0	0	UNAVAILABLE	UNAVAILABLE
stg7bg.anm	11	2	11	BOUNDED_PREFIX	600	13	2098768	4	600	8	1	0	0	UNAVAILABLE	UNAVAILABLE
stg7bg.anm	12	3	12	BOUNDED_PREFIX	600	19	2230496	4	481	9	1	0	0	UNAVAILABLE	UNAVAILABLE
stg7enm.anm	0	0	0	BOUNDED_PREFIX	600	10	600	3	40	3	1	0	0	UNAVAILABLE	UNAVAILABLE
stg7enm.anm	1	0	1	COMPLETED	13	5	804	2	12	7	1	0	0	UNAVAILABLE	UNAVAILABLE
stg7enm.anm	2	0	2	COMPLETED	13	4	868	2	12	7	1	0	0	UNAVAILABLE	UNAVAILABLE
stg7enm.anm	3	0	3	BOUNDED_PREFIX	600	10	1016	3	24	2	1	0	0	UNAVAILABLE	UNAVAILABLE
stg7enm.anm	4	0	4	BOUNDED_PREFIX	600	9	1348	3	24	2	1	0	0	UNAVAILABLE	UNAVAILABLE
stg7enm.anm	5	0	5	BOUNDED_PREFIX	600	5	1616	4	40	11	1	0	0	UNAVAILABLE	UNAVAILABLE
stg7enm.anm	6	0	6	BOUNDED_PREFIX	600	7	1764	32	120	12	1	0	0	UNAVAILABLE	UNAVAILABLE
stg7enm.anm	7	1	7	BOUNDED_PREFIX	600	10	133472	3	40	16	1	0	0	UNAVAILABLE	UNAVAILABLE
stg7enm.anm	8	1	8	COMPLETED	13	5	133676	2	12	20	1	0	0	UNAVAILABLE	UNAVAILABLE
stg7enm.anm	9	1	9	COMPLETED	13	4	133740	2	12	20	1	0	0	UNAVAILABLE	UNAVAILABLE
stg7enm.anm	10	1	10	BOUNDED_PREFIX	600	10	133888	3	24	15	1	0	0	UNAVAILABLE	UNAVAILABLE
stg7enm.anm	11	1	11	BOUNDED_PREFIX	600	9	134220	3	24	15	1	0	0	UNAVAILABLE	UNAVAILABLE
stg7enm.anm	12	1	12	BOUNDED_PREFIX	600	5	134488	4	40	24	1	0	0	UNAVAILABLE	UNAVAILABLE
stg7txt.anm	0	0	0	BOUNDED_PREFIX	600	3	340	8	600	1	1	0	0	UNAVAILABLE	UNAVAILABLE
stg7txt.anm	1	0	1	BOUNDED_PREFIX	600	3	504	8	600	0	1	0	0	UNAVAILABLE	UNAVAILABLE
stg7txt.anm	2	0	2	BOUNDED_PREFIX	600	3	668	8	600	2	1	0	0	UNAVAILABLE	UNAVAILABLE
stg7txt.anm	3	0	3	COMPLETED	561	6	864	1	560	3	0	0	0	UNAVAILABLE	UNAVAILABLE
stg8bg.anm	0	0	0	BOUNDED_PREFIX	600	3	256	4	600	0	1	0	0	UNAVAILABLE	UNAVAILABLE
stg8bg.anm	1	0	1	COMPLETED	1	3	324	2	0	1	1	0	0	UNAVAILABLE	UNAVAILABLE
stg8bg.anm	2	0	2	COMPLETED	1	3	376	2	0	2	1	0	0	UNAVAILABLE	UNAVAILABLE
stg8bg.anm	3	0	3	COMPLETED	1	3	428	2	0	3	1	0	0	UNAVAILABLE	UNAVAILABLE
stg8bg.anm	4	1	4	BOUNDED_PREFIX	600	4	524952	34	600	4	1	0	0	UNAVAILABLE	UNAVAILABLE
stg8bg.anm	5	1	5	BOUNDED_PREFIX	600	3	525044	34	600	4	1	0	0	UNAVAILABLE	UNAVAILABLE
stg8bg.anm	6	1	6	BOUNDED_PREFIX	600	5	525164	2	600	4	1	0	0	UNAVAILABLE	UNAVAILABLE
stg8bg.anm	7	1	7	BOUNDED_PREFIX	600	3	525224	2	600	4	1	0	0	UNAVAILABLE	UNAVAILABLE
stg8enm.anm	0	0	0	BOUNDED_PREFIX	600	10	568	3	40	3	1	0	0	UNAVAILABLE	UNAVAILABLE
stg8enm.anm	1	0	1	COMPLETED	13	5	772	2	12	7	1	0	0	UNAVAILABLE	UNAVAILABLE
stg8enm.anm	2	0	2	COMPLETED	13	4	836	2	12	7	1	0	0	UNAVAILABLE	UNAVAILABLE
stg8enm.anm	3	0	3	BOUNDED_PREFIX	600	11	996	3	40	3	1	0	0	UNAVAILABLE	UNAVAILABLE
stg8enm.anm	4	0	4	BOUNDED_PREFIX	600	10	1328	3	40	3	1	0	0	UNAVAILABLE	UNAVAILABLE
stg8enm.anm	5	0	5	BOUNDED_PREFIX	600	4	1572	4	600	11	1	0	0	UNAVAILABLE	UNAVAILABLE
stg8enm.anm	6	1	6	BOUNDED_PREFIX	600	10	133260	3	40	15	1	0	0	UNAVAILABLE	UNAVAILABLE
stg8enm.anm	7	1	7	COMPLETED	13	5	133464	2	12	19	1	0	0	UNAVAILABLE	UNAVAILABLE
stg8enm.anm	8	1	8	COMPLETED	13	4	133528	2	12	19	1	0	0	UNAVAILABLE	UNAVAILABLE
stg8enm.anm	9	1	9	BOUNDED_PREFIX	600	11	133688	3	40	15	1	0	0	UNAVAILABLE	UNAVAILABLE
stg8enm.anm	10	1	10	BOUNDED_PREFIX	600	10	134020	3	40	15	1	0	0	UNAVAILABLE	UNAVAILABLE
stg8enm.anm	11	1	11	BOUNDED_PREFIX	600	4	134264	4	600	23	1	0	0	UNAVAILABLE	UNAVAILABLE
stg8enm.anm	12	1	12	BOUNDED_PREFIX	600	5	134356	4	600	23	1	0	0	UNAVAILABLE	UNAVAILABLE
stg8enm.anm	13	2	13	BOUNDED_PREFIX	600	5	265720	4	600	24	1	0	0	UNAVAILABLE	UNAVAILABLE
stg8enm.anm	14	2	14	BOUNDED_PREFIX	600	9	265892	4	48	24	1	0	0	UNAVAILABLE	UNAVAILABLE
stg8enm.anm	15	2	15	BOUNDED_PREFIX	600	1	265928	4	600	24	1	0	0	UNAVAILABLE	UNAVAILABLE
stg8enm.anm	16	2	16	BOUNDED_PREFIX	600	6	266048	4	2	24	1	0	0	UNAVAILABLE	UNAVAILABLE
stg8enm.anm	17	2	17	BOUNDED_PREFIX	600	9	266220	4	48	24	1	0	0	UNAVAILABLE	UNAVAILABLE
stg8enm.anm	18	2	18	BOUNDED_PREFIX	600	11	266420	4	94	24	1	0	0	UNAVAILABLE	UNAVAILABLE
stg8txt.anm	0	0	0	COMPLETED	551	7	432	1	550	1	0	0	0	UNAVAILABLE	UNAVAILABLE
stg8txt.anm	1	0	1	COMPLETED	551	7	584	1	550	0	0	0	0	UNAVAILABLE	UNAVAILABLE
stg8txt.anm	2	0	2	COMPLETED	431	6	708	1	430	2	0	0	0	UNAVAILABLE	UNAVAILABLE
stg8txt.anm	3	0	3	COMPLETED	461	6	828	1	460	3	0	0	0	UNAVAILABLE	UNAVAILABLE
stgenm_al.anm	0	0	0	BOUNDED_PREFIX	600	10	592	3	40	3	1	0	0	UNAVAILABLE	UNAVAILABLE
stgenm_al.anm	1	0	1	COMPLETED	17	6	808	2	16	8	1	0	0	UNAVAILABLE	UNAVAILABLE
stgenm_al.anm	2	0	2	COMPLETED	17	5	884	2	16	8	1	0	0	UNAVAILABLE	UNAVAILABLE
stgenm_al.anm	3	0	3	BOUNDED_PREFIX	600	12	1056	3	40	3	1	0	0	UNAVAILABLE	UNAVAILABLE
stgenm_al.anm	4	0	4	BOUNDED_PREFIX	600	11	1400	3	40	3	1	0	0	UNAVAILABLE	UNAVAILABLE
stgenm_al.anm	5	0	5	BOUNDED_PREFIX	600	4	1644	4	20	10	1	0	0	UNAVAILABLE	UNAVAILABLE
stgenm_rm.anm	0	0	0	BOUNDED_PREFIX	600	3	268	32	40	0	1	0	0	UNAVAILABLE	UNAVAILABLE
stgenm_rm.anm	1	0	1	COMPLETED	5	3	352	2	4	2	1	0	0	UNAVAILABLE	UNAVAILABLE
stgenm_rm.anm	2	0	2	COMPLETED	5	2	392	2	4	2	1	0	0	UNAVAILABLE	UNAVAILABLE
stgenm_rm.anm	3	0	3	BOUNDED_PREFIX	600	6	492	32	40	0	1	0	0	UNAVAILABLE	UNAVAILABLE
stgenm_rm.anm	4	0	4	BOUNDED_PREFIX	600	5	620	32	40	0	1	0	0	UNAVAILABLE	UNAVAILABLE
stgenm_rm.anm	5	0	5	BOUNDED_PREFIX	600	1	684	4	4	0	1	0	0	UNAVAILABLE	UNAVAILABLE
stgenm_sk.anm	0	0	0	BOUNDED_PREFIX	600	10	568	3	40	3	1	0	0	UNAVAILABLE	UNAVAILABLE
stgenm_sk.anm	1	0	1	COMPLETED	13	5	772	2	12	7	1	0	0	UNAVAILABLE	UNAVAILABLE
stgenm_sk.anm	2	0	2	COMPLETED	13	4	836	2	12	7	1	0	0	UNAVAILABLE	UNAVAILABLE
stgenm_sk.anm	3	0	3	BOUNDED_PREFIX	600	11	996	3	40	3	1	0	0	UNAVAILABLE	UNAVAILABLE
stgenm_sk.anm	4	0	4	BOUNDED_PREFIX	600	10	1328	3	40	3	1	0	0	UNAVAILABLE	UNAVAILABLE
stgenm_sk.anm	5	0	5	BOUNDED_PREFIX	600	4	1572	4	20	9	1	0	0	UNAVAILABLE	UNAVAILABLE
stgenm_yk.anm	0	0	0	BOUNDED_PREFIX	600	3	756	1	600	9	1	0	0	UNAVAILABLE	UNAVAILABLE
stgenm_yk.anm	1	0	1	BOUNDED_PREFIX	600	5	848	1	600	9	1	0	0	UNAVAILABLE	UNAVAILABLE
stgenm_yk.anm	2	0	2	BOUNDED_PREFIX	600	3	916	32	24	0	1	0	0	UNAVAILABLE	UNAVAILABLE
stgenm_yk.anm	3	0	3	BOUNDED_PREFIX	600	6	1052	4	600	8	1	0	0	UNAVAILABLE	UNAVAILABLE
stgenm_yk.anm	4	0	4	BOUNDED_PREFIX	600	6	1160	4	600	5	1	0	0	UNAVAILABLE	UNAVAILABLE
stgenm_yk.anm	5	0	5	BOUNDED_PREFIX	600	7	1300	32	24	0	1	0	0	UNAVAILABLE	UNAVAILABLE
stgenm_yk.anm	6	0	6	BOUNDED_PREFIX	600	7	1468	32	24	0	1	0	0	UNAVAILABLE	UNAVAILABLE
stgenm_yk.anm	7	0	7	BOUNDED_PREFIX	600	8	1660	4	72	2	1	0	0	UNAVAILABLE	UNAVAILABLE
stgenm_yk.anm	8	0	8	BOUNDED_PREFIX	600	8	1812	3	24	15	1	0	0	UNAVAILABLE	UNAVAILABLE
stgenm_yk.anm	9	0	9	BOUNDED_PREFIX	600	10	2064	4	600	19	1	0	0	UNAVAILABLE	UNAVAILABLE
stgenm_yk.anm	10	0	10	BOUNDED_PREFIX	600	8	2220	4	600	19	1	0	0	UNAVAILABLE	UNAVAILABLE
stgenm_yk.anm	11	0	11	BOUNDED_PREFIX	600	11	2404	3	24	14	1	0	0	UNAVAILABLE	UNAVAILABLE
stgenm_yk.anm	12	0	12	BOUNDED_PREFIX	600	10	2668	3	24	14	1	0	0	UNAVAILABLE	UNAVAILABLE
stgenm_yk.anm	13	0	13	BOUNDED_PREFIX	600	5	2888	4	24	16	1	0	0	UNAVAILABLE	UNAVAILABLE
stgenm_yk.anm	14	0	14	BOUNDED_PREFIX	600	10	3092	4	600	10	1	0	0	UNAVAILABLE	UNAVAILABLE
stgenm_yk.anm	15	0	15	BOUNDED_PREFIX	600	9	3264	34	200	11	1	0	0	UNAVAILABLE	UNAVAILABLE
stgenm_yk.anm	16	0	16	BOUNDED_PREFIX	600	6	3460	4	24	2	1	0	0	UNAVAILABLE	UNAVAILABLE
stgenm_ym.anm	0	0	0	BOUNDED_PREFIX	600	10	728	3	40	3	1	0	0	UNAVAILABLE	UNAVAILABLE
stgenm_ym.anm	1	0	1	COMPLETED	13	4	924	2	12	7	1	0	0	UNAVAILABLE	UNAVAILABLE
stgenm_ym.anm	2	0	2	COMPLETED	13	4	988	2	12	11	1	0	0	UNAVAILABLE	UNAVAILABLE
stgenm_ym.anm	3	0	3	BOUNDED_PREFIX	600	10	1140	3	40	3	1	0	0	UNAVAILABLE	UNAVAILABLE
stgenm_ym.anm	4	0	4	BOUNDED_PREFIX	600	10	1472	3	40	3	1	0	0	UNAVAILABLE	UNAVAILABLE
stgenm_ym.anm	5	0	5	BOUNDED_PREFIX	600	8	1780	4	200	16	1	0	0	UNAVAILABLE	UNAVAILABLE
stgenm_ym.anm	6	0	6	BOUNDED_PREFIX	600	3	1848	4	200	12	1	0	0	UNAVAILABLE	UNAVAILABLE
stgenm_ym.anm	7	0	7	BOUNDED_PREFIX	600	6	1968	4	200	17	1	0	0	UNAVAILABLE	UNAVAILABLE
stgenm_yy.anm	0	0	0	BOUNDED_PREFIX	600	3	436	32	88	0	1	0	0	UNAVAILABLE	UNAVAILABLE
stgenm_yy.anm	1	0	1	BOUNDED_PREFIX	600	7	572	4	600	6	1	0	0	UNAVAILABLE	UNAVAILABLE
stgenm_yy.anm	2	0	2	BOUNDED_PREFIX	600	6	672	4	600	6	1	0	0	UNAVAILABLE	UNAVAILABLE
stgenm_yy.anm	3	0	3	BOUNDED_PREFIX	600	8	812	32	88	0	1	0	0	UNAVAILABLE	UNAVAILABLE
stgenm_yy.anm	4	0	4	BOUNDED_PREFIX	600	7	972	32	88	0	1	0	0	UNAVAILABLE	UNAVAILABLE
stgenm_yy.anm	5	0	5	BOUNDED_PREFIX	600	6	1100	4	600	2	1	0	0	UNAVAILABLE	UNAVAILABLE
stgenm_yy.anm	6	0	6	BOUNDED_PREFIX	600	6	1236	4	600	7	1	0	0	UNAVAILABLE	UNAVAILABLE
stgenm_yy.anm	7	0	7	BOUNDED_PREFIX	600	9	1448	4	600	3	1	0	0	UNAVAILABLE	UNAVAILABLE
stgenm_yy.anm	8	0	8	COMPLETED	411	7	1588	1	410	8	0	0	0	UNAVAILABLE	UNAVAILABLE
text.anm	0	0	4294967257	COMPLETED	13	5	1284	2	12	0	1	0	0	UNAVAILABLE	UNAVAILABLE
text.anm	1	0	4294967258	COMPLETED	13	5	1368	2	12	1	1	0	0	UNAVAILABLE	UNAVAILABLE
text.anm	2	0	4294967259	COMPLETED	421	5	1460	1	420	2	0	0	0	UNAVAILABLE	UNAVAILABLE
text.anm	3	0	4294967260	COMPLETED	421	5	1552	1	420	3	0	0	0	UNAVAILABLE	UNAVAILABLE
text.anm	4	0	4294967261	BOUNDED_PREFIX	600	8	1708	20	130	4	1	1	0	UNAVAILABLE	UNAVAILABLE
text.anm	5	0	4294967262	BOUNDED_PREFIX	600	9	1924	20	130	5	1	1	0	UNAVAILABLE	UNAVAILABLE
text.anm	6	0	4294967263	BOUNDED_PREFIX	600	7	2116	20	130	5	1	1	0	UNAVAILABLE	UNAVAILABLE
text.anm	7	0	4294967264	COMPLETED	81	8	2308	1	80	5	0	0	0	UNAVAILABLE	UNAVAILABLE
text.anm	8	0	4294967265	COMPLETED	91	8	2452	1	90	5	0	0	0	UNAVAILABLE	UNAVAILABLE
text.anm	9	0	4294967266	BOUNDED_PREFIX	600	5	2544	20	20	21	1	1	0	UNAVAILABLE	UNAVAILABLE
text.anm	10	0	4294967267	BOUNDED_PREFIX	600	3	2640	23	0	21	0	1	0	UNAVAILABLE	UNAVAILABLE
text.anm	11	0	4294967268	BOUNDED_PREFIX	600	3	2852	23	0	22	0	1	0	UNAVAILABLE	UNAVAILABLE
text.anm	12	0	4294967269	BOUNDED_PREFIX	600	3	3064	23	0	23	0	1	0	UNAVAILABLE	UNAVAILABLE
text.anm	13	0	4294967270	BOUNDED_PREFIX	600	3	3276	23	0	24	0	1	0	UNAVAILABLE	UNAVAILABLE
text.anm	14	0	4294967271	BOUNDED_PREFIX	600	3	3488	23	0	25	0	1	0	UNAVAILABLE	UNAVAILABLE
text.anm	15	0	4294967272	BOUNDED_PREFIX	600	3	3700	23	0	26	0	1	0	UNAVAILABLE	UNAVAILABLE
text.anm	16	0	4294967273	BOUNDED_PREFIX	600	3	3912	23	0	27	0	1	0	UNAVAILABLE	UNAVAILABLE
text.anm	17	0	4294967274	BOUNDED_PREFIX	600	3	4124	23	0	28	0	1	0	UNAVAILABLE	UNAVAILABLE
text.anm	18	0	4294967275	BOUNDED_PREFIX	600	5	4360	23	0	21	0	1	0	UNAVAILABLE	UNAVAILABLE
text.anm	19	0	4294967276	BOUNDED_PREFIX	600	5	4532	23	0	22	0	1	0	UNAVAILABLE	UNAVAILABLE
text.anm	20	0	4294967277	BOUNDED_PREFIX	600	5	4704	23	0	23	0	1	0	UNAVAILABLE	UNAVAILABLE
text.anm	21	0	4294967278	BOUNDED_PREFIX	600	5	4876	23	0	24	0	1	0	UNAVAILABLE	UNAVAILABLE
text.anm	22	0	4294967279	BOUNDED_PREFIX	600	5	5048	23	0	25	0	1	0	UNAVAILABLE	UNAVAILABLE
text.anm	23	0	4294967280	BOUNDED_PREFIX	600	5	5220	23	0	26	0	1	0	UNAVAILABLE	UNAVAILABLE
text.anm	24	0	4294967281	BOUNDED_PREFIX	600	5	5392	23	0	27	0	1	0	UNAVAILABLE	UNAVAILABLE
text.anm	25	0	4294967282	BOUNDED_PREFIX	600	5	5564	23	0	28	0	1	0	UNAVAILABLE	UNAVAILABLE
text.anm	26	0	4294967283	BOUNDED_PREFIX	600	5	5736	23	0	29	0	1	0	UNAVAILABLE	UNAVAILABLE
text.anm	27	0	4294967284	BOUNDED_PREFIX	600	5	5908	23	0	30	0	1	0	UNAVAILABLE	UNAVAILABLE
text.anm	28	0	4294967285	BOUNDED_PREFIX	600	5	6080	23	0	31	0	1	0	UNAVAILABLE	UNAVAILABLE
text.anm	29	0	4294967286	BOUNDED_PREFIX	600	5	6252	23	0	32	0	1	0	UNAVAILABLE	UNAVAILABLE
text.anm	30	0	4294967287	BOUNDED_PREFIX	600	5	6424	23	0	33	0	1	0	UNAVAILABLE	UNAVAILABLE
text.anm	31	0	4294967288	BOUNDED_PREFIX	600	5	6596	23	0	34	0	1	0	UNAVAILABLE	UNAVAILABLE
text.anm	32	0	4294967289	BOUNDED_PREFIX	600	5	6768	23	0	35	0	1	0	UNAVAILABLE	UNAVAILABLE
text.anm	33	0	4294967290	BOUNDED_PREFIX	600	4	6948	20	24	21	1	1	0	UNAVAILABLE	UNAVAILABLE
times.anm	0	0	0	COMPLETED	421	8	656	1	420	0	0	0	0	UNAVAILABLE	UNAVAILABLE
times.anm	1	0	1	BOUNDED_PREFIX	600	4	736	20	0	0	1	1	0	UNAVAILABLE	UNAVAILABLE
times.anm	2	0	2	BOUNDED_PREFIX	600	8	1020	33	80	0	1	0	0	UNAVAILABLE	UNAVAILABLE
title01.anm	0	0	0	BOUNDED_PREFIX	600	8	244	20	60	0	1	1	0	UNAVAILABLE	UNAVAILABLE
title01.anm	1	1	1	BOUNDED_PREFIX	600	10	265808	4	600	1	1	0	0	UNAVAILABLE	UNAVAILABLE
title01.anm	2	1	2	BOUNDED_PREFIX	600	10	266140	4	600	3	1	0	0	UNAVAILABLE	UNAVAILABLE
title01.anm	3	1	3	BOUNDED_PREFIX	600	10	266472	4	600	13	1	0	0	UNAVAILABLE	UNAVAILABLE
title01.anm	4	1	4	BOUNDED_PREFIX	600	10	266804	4	600	5	1	0	0	UNAVAILABLE	UNAVAILABLE
title01.anm	5	1	5	BOUNDED_PREFIX	600	10	267136	4	600	7	1	0	0	UNAVAILABLE	UNAVAILABLE
title01.anm	6	1	6	BOUNDED_PREFIX	600	10	267468	4	600	9	1	0	0	UNAVAILABLE	UNAVAILABLE
title01.anm	7	1	7	BOUNDED_PREFIX	600	10	267800	4	600	11	1	0	0	UNAVAILABLE	UNAVAILABLE
title01.anm	8	1	8	BOUNDED_PREFIX	600	10	268132	4	600	15	1	0	0	UNAVAILABLE	UNAVAILABLE
title01.anm	9	1	9	BOUNDED_PREFIX	600	10	268464	4	600	17	1	0	0	UNAVAILABLE	UNAVAILABLE
title01.anm	10	1	10	BOUNDED_PREFIX	600	6	268708	23	0	19	0	1	0	UNAVAILABLE	UNAVAILABLE
title01.anm	11	1	11	BOUNDED_PREFIX	600	6	268952	23	0	21	0	1	0	UNAVAILABLE	UNAVAILABLE
title01.anm	12	1	12	BOUNDED_PREFIX	600	6	269196	23	0	23	0	1	0	UNAVAILABLE	UNAVAILABLE
title01.anm	13	1	13	BOUNDED_PREFIX	600	6	269440	23	0	37	0	1	0	UNAVAILABLE	UNAVAILABLE
title01.anm	14	1	14	BOUNDED_PREFIX	600	6	269684	23	0	25	0	1	0	UNAVAILABLE	UNAVAILABLE
title01.anm	15	1	15	BOUNDED_PREFIX	600	6	269928	23	0	27	0	1	0	UNAVAILABLE	UNAVAILABLE
title01.anm	16	1	16	BOUNDED_PREFIX	600	6	270172	23	0	29	0	1	0	UNAVAILABLE	UNAVAILABLE
title01.anm	17	1	17	BOUNDED_PREFIX	600	6	270416	23	0	31	0	1	0	UNAVAILABLE	UNAVAILABLE
title01.anm	18	1	18	BOUNDED_PREFIX	600	6	270660	23	0	33	0	1	0	UNAVAILABLE	UNAVAILABLE
title01.anm	19	1	19	BOUNDED_PREFIX	600	6	270904	23	0	35	0	1	0	UNAVAILABLE	UNAVAILABLE
title01.anm	20	1	20	BOUNDED_PREFIX	600	6	271148	23	0	41	0	1	0	UNAVAILABLE	UNAVAILABLE
title01.anm	21	1	21	BOUNDED_PREFIX	600	6	271392	23	0	43	0	1	0	UNAVAILABLE	UNAVAILABLE
title01.anm	22	1	22	BOUNDED_PREFIX	600	6	271636	23	0	45	0	1	0	UNAVAILABLE	UNAVAILABLE
title01.anm	23	1	23	BOUNDED_PREFIX	600	6	271880	23	0	47	0	1	0	UNAVAILABLE	UNAVAILABLE
title01.anm	24	1	24	BOUNDED_PREFIX	600	6	272124	23	0	49	0	1	0	UNAVAILABLE	UNAVAILABLE
title01.anm	25	1	25	BOUNDED_PREFIX	600	6	272368	23	0	51	0	1	0	UNAVAILABLE	UNAVAILABLE
title01.anm	26	1	26	BOUNDED_PREFIX	600	6	272612	23	0	53	0	1	0	UNAVAILABLE	UNAVAILABLE
title01.anm	27	1	27	BOUNDED_PREFIX	600	6	272856	23	0	61	0	1	0	UNAVAILABLE	UNAVAILABLE
title01.anm	28	1	28	BOUNDED_PREFIX	600	6	273100	23	0	59	0	1	0	UNAVAILABLE	UNAVAILABLE
title01.anm	29	1	29	BOUNDED_PREFIX	600	6	273344	23	0	67	0	1	0	UNAVAILABLE	UNAVAILABLE
title01.anm	30	1	30	BOUNDED_PREFIX	600	6	273588	23	0	69	0	1	0	UNAVAILABLE	UNAVAILABLE
title01.anm	31	1	31	BOUNDED_PREFIX	600	6	273832	23	0	71	0	1	0	UNAVAILABLE	UNAVAILABLE
title01.anm	32	1	32	BOUNDED_PREFIX	600	6	274076	23	0	41	0	1	0	UNAVAILABLE	UNAVAILABLE
title01.anm	33	1	33	BOUNDED_PREFIX	600	6	274320	23	0	39	0	1	0	UNAVAILABLE	UNAVAILABLE
title01.anm	34	1	34	BOUNDED_PREFIX	600	6	274564	23	0	39	0	1	0	UNAVAILABLE	UNAVAILABLE
title01.anm	35	1	35	BOUNDED_PREFIX	600	6	274808	23	0	63	0	1	0	UNAVAILABLE	UNAVAILABLE
title01.anm	36	1	36	BOUNDED_PREFIX	600	6	275052	23	0	41	0	1	0	UNAVAILABLE	UNAVAILABLE
title01.anm	37	1	37	BOUNDED_PREFIX	600	6	275296	23	0	39	0	1	0	UNAVAILABLE	UNAVAILABLE
title01.anm	38	1	38	BOUNDED_PREFIX	600	6	275540	23	0	39	0	1	0	UNAVAILABLE	UNAVAILABLE
title01.anm	39	1	39	BOUNDED_PREFIX	600	6	275784	23	0	63	0	1	0	UNAVAILABLE	UNAVAILABLE
title01.anm	40	1	40	BOUNDED_PREFIX	600	6	276028	23	0	75	0	1	0	UNAVAILABLE	UNAVAILABLE
title01.anm	41	1	41	BOUNDED_PREFIX	600	6	276272	23	0	73	0	1	0	UNAVAILABLE	UNAVAILABLE
title01.anm	42	1	42	BOUNDED_PREFIX	600	6	276516	23	0	67	0	1	0	UNAVAILABLE	UNAVAILABLE
title01.anm	43	1	43	BOUNDED_PREFIX	600	6	276760	23	0	65	0	1	0	UNAVAILABLE	UNAVAILABLE
title01.anm	44	1	44	BOUNDED_PREFIX	600	6	277004	23	0	33	0	1	0	UNAVAILABLE	UNAVAILABLE
title01.anm	45	1	45	BOUNDED_PREFIX	600	6	277248	23	0	77	0	1	0	UNAVAILABLE	UNAVAILABLE
title01.anm	46	1	46	BOUNDED_PREFIX	600	6	277492	23	0	79	0	1	0	UNAVAILABLE	UNAVAILABLE
title01.anm	47	1	47	BOUNDED_PREFIX	600	6	277736	23	0	81	0	1	0	UNAVAILABLE	UNAVAILABLE
title01.anm	48	1	48	BOUNDED_PREFIX	600	6	277980	23	0	83	0	1	0	UNAVAILABLE	UNAVAILABLE
title01.anm	49	1	49	BOUNDED_PREFIX	600	6	278224	23	0	89	0	1	0	UNAVAILABLE	UNAVAILABLE
title01.anm	50	1	50	BOUNDED_PREFIX	600	6	278468	23	0	85	0	1	0	UNAVAILABLE	UNAVAILABLE
title01.anm	51	1	51	BOUNDED_PREFIX	600	6	278712	23	0	91	0	1	0	UNAVAILABLE	UNAVAILABLE
title01.anm	52	1	52	BOUNDED_PREFIX	600	6	278956	23	0	93	0	1	0	UNAVAILABLE	UNAVAILABLE
title01.anm	53	1	53	BOUNDED_PREFIX	600	6	279200	23	0	95	0	1	0	UNAVAILABLE	UNAVAILABLE
title01.anm	54	1	54	BOUNDED_PREFIX	600	6	279444	23	0	87	0	1	0	UNAVAILABLE	UNAVAILABLE
title01.anm	55	1	55	BOUNDED_PREFIX	600	6	279688	23	0	97	0	1	0	UNAVAILABLE	UNAVAILABLE
title01.anm	56	1	56	BOUNDED_PREFIX	600	6	279932	23	0	99	0	1	0	UNAVAILABLE	UNAVAILABLE
title01.anm	57	1	57	BOUNDED_PREFIX	600	6	280176	23	0	39	0	1	0	UNAVAILABLE	UNAVAILABLE
title01.anm	58	1	58	BOUNDED_PREFIX	600	6	280420	23	0	39	0	1	0	UNAVAILABLE	UNAVAILABLE
title01.anm	59	1	59	BOUNDED_PREFIX	600	6	280664	23	0	39	0	1	0	UNAVAILABLE	UNAVAILABLE
title01.anm	60	1	60	BOUNDED_PREFIX	600	6	280908	23	0	39	0	1	0	UNAVAILABLE	UNAVAILABLE
title01.anm	61	1	61	BOUNDED_PREFIX	600	6	281152	23	0	39	0	1	0	UNAVAILABLE	UNAVAILABLE
title01.anm	62	1	62	BOUNDED_PREFIX	600	6	281396	23	0	39	0	1	0	UNAVAILABLE	UNAVAILABLE
title01.anm	63	1	63	BOUNDED_PREFIX	600	6	281640	23	0	39	0	1	0	UNAVAILABLE	UNAVAILABLE
title01.anm	64	1	64	BOUNDED_PREFIX	600	6	281884	23	0	39	0	1	0	UNAVAILABLE	UNAVAILABLE
title01.anm	65	1	65	BOUNDED_PREFIX	600	6	282128	23	0	39	0	1	0	UNAVAILABLE	UNAVAILABLE
title01.anm	66	1	66	BOUNDED_PREFIX	600	6	282372	23	0	39	0	1	0	UNAVAILABLE	UNAVAILABLE
title01.anm	67	1	67	BOUNDED_PREFIX	600	6	282616	23	0	39	0	1	0	UNAVAILABLE	UNAVAILABLE
title01.anm	68	1	68	BOUNDED_PREFIX	600	6	282860	23	0	39	0	1	0	UNAVAILABLE	UNAVAILABLE
title01.anm	69	1	69	BOUNDED_PREFIX	600	6	283104	23	0	39	0	1	0	UNAVAILABLE	UNAVAILABLE
title01.anm	70	1	70	BOUNDED_PREFIX	600	6	283348	23	0	39	0	1	0	UNAVAILABLE	UNAVAILABLE
title01.anm	71	1	71	BOUNDED_PREFIX	600	6	283592	23	0	39	0	1	0	UNAVAILABLE	UNAVAILABLE
title01.anm	72	1	72	BOUNDED_PREFIX	600	6	283836	23	0	39	0	1	0	UNAVAILABLE	UNAVAILABLE
title01.anm	73	1	73	BOUNDED_PREFIX	600	6	284080	23	0	39	0	1	0	UNAVAILABLE	UNAVAILABLE
title01.anm	74	1	74	BOUNDED_PREFIX	600	6	284324	23	0	39	0	1	0	UNAVAILABLE	UNAVAILABLE
title01.anm	75	1	75	BOUNDED_PREFIX	600	6	284568	23	0	67	0	1	0	UNAVAILABLE	UNAVAILABLE
title01.anm	76	1	76	BOUNDED_PREFIX	600	6	284812	23	0	65	0	1	0	UNAVAILABLE	UNAVAILABLE
title01.anm	77	2	77	BOUNDED_PREFIX	600	2	809996	23	0	101	0	1	0	UNAVAILABLE	UNAVAILABLE
title01.anm	78	2	78	BOUNDED_PREFIX	600	3	810176	23	0	110	0	1	0	UNAVAILABLE	UNAVAILABLE
title01.anm	79	2	79	BOUNDED_PREFIX	600	3	810324	23	0	110	0	1	0	UNAVAILABLE	UNAVAILABLE
title01.anm	80	2	80	BOUNDED_PREFIX	600	3	810508	23	0	110	0	1	0	UNAVAILABLE	UNAVAILABLE
title01.anm	81	2	81	BOUNDED_PREFIX	600	3	810724	23	0	110	0	1	0	UNAVAILABLE	UNAVAILABLE
title01.anm	82	2	82	BOUNDED_PREFIX	600	3	810940	23	0	110	0	1	0	UNAVAILABLE	UNAVAILABLE
title01.anm	83	2	83	BOUNDED_PREFIX	600	3	811156	23	0	110	0	1	0	UNAVAILABLE	UNAVAILABLE
title01.anm	84	2	84	BOUNDED_PREFIX	600	3	811372	23	0	110	0	1	0	UNAVAILABLE	UNAVAILABLE
title01.anm	85	2	85	BOUNDED_PREFIX	600	3	811588	23	0	110	0	1	0	UNAVAILABLE	UNAVAILABLE
title01.anm	86	2	86	BOUNDED_PREFIX	600	3	811804	23	0	110	0	1	0	UNAVAILABLE	UNAVAILABLE
title01.anm	87	2	87	BOUNDED_PREFIX	600	3	812020	23	0	110	0	1	0	UNAVAILABLE	UNAVAILABLE
title01.anm	88	2	88	BOUNDED_PREFIX	600	3	812236	23	0	110	0	1	0	UNAVAILABLE	UNAVAILABLE
title01.anm	89	2	89	BOUNDED_PREFIX	600	3	812452	23	0	110	0	1	0	UNAVAILABLE	UNAVAILABLE
title01.anm	90	2	90	BOUNDED_PREFIX	600	3	812668	23	0	110	0	1	0	UNAVAILABLE	UNAVAILABLE
title01.anm	91	2	91	BOUNDED_PREFIX	600	3	812884	23	0	110	0	1	0	UNAVAILABLE	UNAVAILABLE
title01.anm	92	2	92	BOUNDED_PREFIX	600	3	813100	23	0	110	0	1	0	UNAVAILABLE	UNAVAILABLE
title01.anm	93	2	93	BOUNDED_PREFIX	600	3	813316	23	0	110	0	1	0	UNAVAILABLE	UNAVAILABLE
title01.anm	94	2	94	BOUNDED_PREFIX	600	3	813532	23	0	110	0	1	0	UNAVAILABLE	UNAVAILABLE
title01.anm	95	2	95	BOUNDED_PREFIX	600	3	813748	23	0	110	0	1	0	UNAVAILABLE	UNAVAILABLE
title01.anm	96	2	96	BOUNDED_PREFIX	600	3	813912	23	0	110	0	1	0	UNAVAILABLE	UNAVAILABLE
title01.anm	97	2	97	BOUNDED_PREFIX	600	3	814076	23	0	110	0	1	0	UNAVAILABLE	UNAVAILABLE
title01.anm	98	2	98	BOUNDED_PREFIX	600	3	814240	23	0	110	0	1	0	UNAVAILABLE	UNAVAILABLE
title01.anm	99	2	99	BOUNDED_PREFIX	600	3	814404	23	0	110	0	1	0	UNAVAILABLE	UNAVAILABLE
title01.anm	100	2	100	BOUNDED_PREFIX	600	3	814568	23	0	110	0	1	0	UNAVAILABLE	UNAVAILABLE
title01.anm	101	2	101	BOUNDED_PREFIX	600	3	814732	23	0	110	0	1	0	UNAVAILABLE	UNAVAILABLE
title01.anm	102	2	102	BOUNDED_PREFIX	600	3	814896	23	0	110	0	1	0	UNAVAILABLE	UNAVAILABLE
title01.anm	103	2	103	BOUNDED_PREFIX	600	3	815060	23	0	110	0	1	0	UNAVAILABLE	UNAVAILABLE
title01.anm	104	2	104	BOUNDED_PREFIX	600	3	815224	23	0	110	0	1	0	UNAVAILABLE	UNAVAILABLE
title01.anm	105	2	105	BOUNDED_PREFIX	600	3	815388	23	0	110	0	1	0	UNAVAILABLE	UNAVAILABLE
title01.anm	106	2	106	BOUNDED_PREFIX	600	3	815552	23	0	110	0	1	0	UNAVAILABLE	UNAVAILABLE
title01.anm	107	2	107	BOUNDED_PREFIX	600	3	815716	23	0	110	0	1	0	UNAVAILABLE	UNAVAILABLE
title01.anm	108	2	108	BOUNDED_PREFIX	600	3	815880	23	0	111	0	1	0	UNAVAILABLE	UNAVAILABLE
title01.anm	109	2	109	BOUNDED_PREFIX	600	3	816168	23	0	112	0	1	0	UNAVAILABLE	UNAVAILABLE
title01.anm	110	2	110	BOUNDED_PREFIX	600	3	816456	23	0	113	0	1	0	UNAVAILABLE	UNAVAILABLE
title01.anm	111	3	111	BOUNDED_PREFIX	600	5	947984	23	0	114	0	1	0	UNAVAILABLE	UNAVAILABLE
title01.anm	112	4	112	BOUNDED_PREFIX	600	5	1472964	23	0	115	0	1	0	UNAVAILABLE	UNAVAILABLE
title01.anm	113	5	113	BOUNDED_PREFIX	600	5	1997944	23	0	116	0	1	0	UNAVAILABLE	UNAVAILABLE
title01.anm	114	6	114	BOUNDED_PREFIX	600	5	2522924	23	0	117	0	1	0	UNAVAILABLE	UNAVAILABLE
title01.anm	115	7	115	BOUNDED_PREFIX	600	5	3047904	23	0	118	0	1	0	UNAVAILABLE	UNAVAILABLE
title01.anm	116	8	116	BOUNDED_PREFIX	600	5	3572884	23	0	119	0	1	0	UNAVAILABLE	UNAVAILABLE
title01.anm	117	9	117	BOUNDED_PREFIX	600	5	4097864	23	0	120	0	1	0	UNAVAILABLE	UNAVAILABLE
title01.anm	118	10	118	BOUNDED_PREFIX	600	5	4622844	23	0	121	0	1	0	UNAVAILABLE	UNAVAILABLE
title01.anm	119	11	119	BOUNDED_PREFIX	600	5	5147824	23	0	122	0	1	0	UNAVAILABLE	UNAVAILABLE
title01.anm	120	12	120	BOUNDED_PREFIX	600	5	5279396	23	0	123	0	1	0	UNAVAILABLE	UNAVAILABLE
title01.anm	121	13	121	BOUNDED_PREFIX	600	5	5410968	23	0	124	0	1	0	UNAVAILABLE	UNAVAILABLE
title01.anm	122	14	122	BOUNDED_PREFIX	600	5	5542540	23	0	125	0	1	0	UNAVAILABLE	UNAVAILABLE
title01.anm	123	15	123	BOUNDED_PREFIX	600	5	5674112	23	0	126	0	1	0	UNAVAILABLE	UNAVAILABLE
title01.anm	124	16	124	BOUNDED_PREFIX	600	5	5805684	23	0	127	0	1	0	UNAVAILABLE	UNAVAILABLE
title01.anm	125	17	125	BOUNDED_PREFIX	600	5	5937256	23	0	128	0	1	0	UNAVAILABLE	UNAVAILABLE
title01.anm	126	18	126	BOUNDED_PREFIX	600	5	6068828	23	0	129	0	1	0	UNAVAILABLE	UNAVAILABLE
title01.anm	127	19	127	BOUNDED_PREFIX	600	5	6200400	23	0	130	0	1	0	UNAVAILABLE	UNAVAILABLE
title01.anm	128	20	128	BOUNDED_PREFIX	600	5	6331972	23	0	131	0	1	0	UNAVAILABLE	UNAVAILABLE
title01.anm	129	21	129	BOUNDED_PREFIX	600	5	6463544	23	0	132	0	1	0	UNAVAILABLE	UNAVAILABLE
title01.anm	130	22	130	BOUNDED_PREFIX	600	5	6595116	23	0	133	0	1	0	UNAVAILABLE	UNAVAILABLE
title01.anm	131	23	131	BOUNDED_PREFIX	600	6	6727136	23	0	134	0	1	0	UNAVAILABLE	UNAVAILABLE
title01.anm	132	23	132	BOUNDED_PREFIX	600	6	6727612	23	0	136	0	1	0	UNAVAILABLE	UNAVAILABLE
title01.anm	133	23	133	BOUNDED_PREFIX	600	6	6728088	23	0	138	0	1	0	UNAVAILABLE	UNAVAILABLE
title01.anm	134	23	134	BOUNDED_PREFIX	600	6	6728564	23	0	140	0	1	0	UNAVAILABLE	UNAVAILABLE
title01.anm	135	23	135	BOUNDED_PREFIX	600	6	6729040	23	0	142	0	1	0	UNAVAILABLE	UNAVAILABLE
title01.anm	136	24	136	BOUNDED_PREFIX	600	5	7254076	23	0	152	0	1	0	UNAVAILABLE	UNAVAILABLE
title01.anm	137	24	137	BOUNDED_PREFIX	600	5	7254324	23	0	153	0	1	0	UNAVAILABLE	UNAVAILABLE
title01.anm	138	24	138	BOUNDED_PREFIX	600	5	7254560	23	0	154	0	1	0	UNAVAILABLE	UNAVAILABLE
title01.anm	139	24	139	BOUNDED_PREFIX	600	5	7254784	23	0	155	0	1	0	UNAVAILABLE	UNAVAILABLE
title01.anm	140	24	140	BOUNDED_PREFIX	600	5	7255020	23	0	156	0	1	0	UNAVAILABLE	UNAVAILABLE
title01.anm	141	24	141	BOUNDED_PREFIX	600	5	7255244	23	0	155	0	1	0	UNAVAILABLE	UNAVAILABLE
