file	script	status	stopping_offset	opcode	inspected	sprite	completion_time	calls_after_template	hides_on_completion
ascii.anm	0	UNSUPPORTED	4044	30	2	133	-1	0	0
ascii.anm	1	UNSUPPORTED	4240	30	2	134	-1	0	0
ascii.anm	2	UNSUPPORTED	4436	30	2	135	-1	0	0
ascii.anm	3	UNSUPPORTED	4652	30	2	130	-1	0	0
ascii.anm	4	UNSUPPORTED	4840	30	2	136	-1	0	0
ascii.anm	5	UNSUPPORTED	4880	30	2	155	-1	0	0
ascii.anm	6	UNSUPPORTED	5108	30	2	153	-1	0	0
ascii.anm	7	UNSUPPORTED	5332	30	2	154	-1	0	0
ascii.anm	8	UNSUPPORTED	5544	30	2	152	-1	0	0
ascii.anm	9	UNSUPPORTED	5748	30	2	156	-1	0	0
ascii.anm	10	UNSUPPORTED	5844	30	2	157	-1	0	0
ascii.anm	11	UNSUPPORTED	6008	30	2	159	-1	0	0
ascii.anm	12	UNSUPPORTED	271760	6	2	268	-1	0	0
ascii.anm	13	UNSUPPORTED	271956	6	2	269	-1	0	0
ascii.anm	14	UNSUPPORTED	272152	6	2	270	-1	0	0
ascii.anm	15	UNSUPPORTED	272348	6	2	271	-1	0	0
ascii.anm	16	UNSUPPORTED	272544	6	2	272	-1	0	0
ascii.anm	17	UNSUPPORTED	272740	6	2	275	-1	0	0
ascii.anm	18	UNSUPPORTED	272936	6	2	276	-1	0	0
ascii.anm	19	UNSUPPORTED	273132	22	2	283	-1	0	0
ascii.anm	20	UNSUPPORTED	273272	22	2	290	-1	0	0
ascii.anm	21	UNSUPPORTED	273412	22	2	289	-1	0	0
ascii.anm	22	UNSUPPORTED	273552	6	2	273	-1	0	0
ascii.anm	23	UNSUPPORTED	273748	6	2	275	-1	0	0
ascii.anm	24	UNSUPPORTED	273944	6	2	276	-1	0	0
ascii.anm	25	UNSUPPORTED	274140	22	2	283	-1	0	0
ascii.anm	26	UNSUPPORTED	274280	22	2	282	-1	0	0
capture.anm	0	UNSUPPORTED	220	22	3	0	-1	0	0
capture.anm	1	UNSUPPORTED	340	30	2	1	-1	0	0
capture.anm	2	UNSUPPORTED	628	30	2	1	-1	0	0
capture.anm	3	UNSUPPORTED	932	79	2	2	-1	0	0
capture.anm	4	UNSUPPORTED	1036	79	2	2	-1	0	0
eff01.anm	0	UNSUPPORTED	140	22	2	0	-1	0	0
eff01.anm	1	UNSUPPORTED	131460	22	2	1	-1	0	0
eff02.anm	0	UNSUPPORTED	140	22	2	0	-1	0	0
eff02.anm	1	UNSUPPORTED	131472	22	2	1	-1	0	0
eff03.anm	0	UNSUPPORTED	140	22	2	0	-1	0	0
eff03.anm	1	UNSUPPORTED	131464	22	2	1	-1	0	0
eff04a.anm	0	UNSUPPORTED	140	22	2	0	-1	0	0
eff04a.anm	1	UNSUPPORTED	131480	6	3	1	-1	0	0
eff04b.anm	0	UNSUPPORTED	140	22	2	0	-1	0	0
eff04b.anm	1	UNSUPPORTED	131464	22	2	1	-1	0	0
eff05.anm	0	UNSUPPORTED	156	6	3	0	-1	0	0
eff05.anm	1	UNSUPPORTED	524768	6	3	1	-1	0	0
eff06.anm	0	UNSUPPORTED	156	6	3	0	-1	0	0
eff06.anm	1	UNSUPPORTED	524768	6	3	1	-1	0	0
eff06.anm	2	UNSUPPORTED	656148	22	2	2	-1	0	0
eff06.anm	3	UNSUPPORTED	787468	22	2	3	-1	0	0
eff07.anm	0	UNSUPPORTED	156	6	3	0	-1	0	0
eff07.anm	1	UNSUPPORTED	524768	6	3	1	-1	0	0
eff07.anm	2	UNSUPPORTED	656148	22	2	2	-1	0	0
eff07.anm	3	UNSUPPORTED	787468	22	2	3	-1	0	0
eff08.anm	0	UNSUPPORTED	140	22	2	0	-1	0	0
eff08.anm	1	UNSUPPORTED	131464	22	2	1	-1	0	0
eff08.anm	2	UNSUPPORTED	262796	22	2	2	-1	0	0
eff08.anm	3	UNSUPPORTED	787336	6	3	3	-1	0	0
eff09al.anm	0	UNSUPPORTED	140	22	2	0	-1	0	0
eff09al.anm	1	UNSUPPORTED	131476	6	3	1	-1	0	0
eff09rm.anm	0	UNSUPPORTED	156	6	3	0	-1	0	0
eff09rm.anm	1	UNSUPPORTED	131628	22	2	1	-1	0	0
eff09sk.anm	0	UNSUPPORTED	156	6	3	0	-1	0	0
eff09sk.anm	1	UNSUPPORTED	131644	6	3	1	-1	0	0
eff09yk.anm	0	UNSUPPORTED	140	22	2	0	-1	0	0
eff09yk.anm	1	UNSUPPORTED	131616	6	3	1	-1	0	0
eff09ym.anm	0	UNSUPPORTED	140	22	2	0	-1	0	0
eff09ym.anm	1	UNSUPPORTED	131600	6	3	1	-1	0	0
eff09yy.anm	0	UNSUPPORTED	140	22	2	0	-1	0	0
eff09yy.anm	1	UNSUPPORTED	131460	22	2	1	-1	0	0
enemy.anm	0	UNSUPPORTED	4684	3	2	0	-1	0	0
enemy.anm	1	UNSUPPORTED	4756	3	2	7	-1	0	0
enemy.anm	2	UNSUPPORTED	4808	10	1	-1	-1	0	0
enemy.anm	3	UNSUPPORTED	4892	3	2	4	-1	0	0
enemy.anm	4	UNSUPPORTED	5000	10	1	-1	-1	0	0
enemy.anm	5	UNSUPPORTED	5212	0	6	0	-1	0	0
enemy.anm	6	UNSUPPORTED	5304	3	2	8	-1	0	0
enemy.anm	7	UNSUPPORTED	5376	3	2	15	-1	0	0
enemy.anm	8	UNSUPPORTED	5428	10	1	-1	-1	0	0
enemy.anm	9	UNSUPPORTED	5512	3	2	12	-1	0	0
enemy.anm	10	UNSUPPORTED	5620	10	1	-1	-1	0	0
enemy.anm	11	UNSUPPORTED	5832	0	6	8	-1	0	0
enemy.anm	12	UNSUPPORTED	5924	3	2	16	-1	0	0
enemy.anm	13	UNSUPPORTED	5996	3	2	23	-1	0	0
enemy.anm	14	UNSUPPORTED	6048	10	1	-1	-1	0	0
enemy.anm	15	UNSUPPORTED	6132	3	2	20	-1	0	0
enemy.anm	16	UNSUPPORTED	6240	10	1	-1	-1	0	0
enemy.anm	17	UNSUPPORTED	6452	0	6	16	-1	0	0
enemy.anm	18	UNSUPPORTED	6544	3	2	24	-1	0	0
enemy.anm	19	UNSUPPORTED	6616	3	2	31	-1	0	0
enemy.anm	20	UNSUPPORTED	6668	10	1	-1	-1	0	0
enemy.anm	21	UNSUPPORTED	6752	3	2	28	-1	0	0
enemy.anm	22	UNSUPPORTED	6860	10	1	-1	-1	0	0
enemy.anm	23	UNSUPPORTED	7072	0	6	24	-1	0	0
enemy.anm	24	UNSUPPORTED	7164	3	2	32	-1	0	0
enemy.anm	25	UNSUPPORTED	7236	3	2	39	-1	0	0
enemy.anm	26	UNSUPPORTED	7288	10	1	-1	-1	0	0
enemy.anm	27	UNSUPPORTED	7372	3	2	36	-1	0	0
enemy.anm	28	UNSUPPORTED	7480	10	1	-1	-1	0	0
enemy.anm	29	UNSUPPORTED	7692	0	6	32	-1	0	0
enemy.anm	30	UNSUPPORTED	7784	3	2	40	-1	0	0
enemy.anm	31	UNSUPPORTED	7856	3	2	47	-1	0	0
enemy.anm	32	UNSUPPORTED	7908	10	1	-1	-1	0	0
enemy.anm	33	UNSUPPORTED	7992	3	2	44	-1	0	0
enemy.anm	34	UNSUPPORTED	8100	10	1	-1	-1	0	0
enemy.anm	35	UNSUPPORTED	8312	0	6	40	-1	0	0
enemy.anm	36	UNSUPPORTED	8404	3	2	48	-1	0	0
enemy.anm	37	UNSUPPORTED	8476	3	2	55	-1	0	0
enemy.anm	38	UNSUPPORTED	8528	10	1	-1	-1	0	0
enemy.anm	39	UNSUPPORTED	8612	3	2	52	-1	0	0
enemy.anm	40	UNSUPPORTED	8720	10	1	-1	-1	0	0
enemy.anm	41	UNSUPPORTED	8932	0	6	48	-1	0	0
enemy.anm	42	UNSUPPORTED	9024	3	2	56	-1	0	0
enemy.anm	43	UNSUPPORTED	9096	3	2	63	-1	0	0
enemy.anm	44	UNSUPPORTED	9148	10	1	-1	-1	0	0
enemy.anm	45	UNSUPPORTED	9232	3	2	60	-1	0	0
enemy.anm	46	UNSUPPORTED	9340	10	1	-1	-1	0	0
enemy.anm	47	UNSUPPORTED	9552	0	6	56	-1	0	0
enemy.anm	48	UNSUPPORTED	9644	82	2	68	-1	0	0
enemy.anm	49	UNSUPPORTED	9728	13	1	-1	-1	0	0
enemy.anm	50	UNSUPPORTED	9776	13	1	-1	-1	0	0
enemy.anm	51	UNSUPPORTED	9824	13	1	-1	-1	0	0
enemy.anm	52	UNSUPPORTED	9872	13	1	-1	-1	0	0
enemy.anm	53	UNSUPPORTED	9932	3	2	69	-1	0	0
enemy.anm	54	UNSUPPORTED	10052	3	2	77	-1	0	0
enemy.anm	55	UNSUPPORTED	10172	3	2	85	-1	0	0
enemy.anm	56	UNSUPPORTED	10292	3	2	93	-1	0	0
enemy.anm	57	UNSUPPORTED	10424	3	3	101	-1	0	0
enemy.anm	58	UNSUPPORTED	10508	3	3	105	-1	0	0
enemy.anm	59	UNSUPPORTED	10592	3	3	109	-1	0	0
enemy.anm	60	UNSUPPORTED	10676	3	3	113	-1	0	0
enemy.anm	61	UNSUPPORTED	10736	13	1	-1	-1	0	0
enemy.anm	62	UNSUPPORTED	10784	13	1	-1	-1	0	0
enemy.anm	63	UNSUPPORTED	10832	13	1	-1	-1	0	0
enemy.anm	64	UNSUPPORTED	10880	13	1	-1	-1	0	0
enemy.anm	65	UNSUPPORTED	10928	13	1	-1	-1	0	0
enemy.anm	66	UNSUPPORTED	10976	13	1	-1	-1	0	0
enemy.anm	67	UNSUPPORTED	11024	13	1	-1	-1	0	0
enemy.anm	68	UNSUPPORTED	11072	13	1	-1	-1	0	0
enemy.anm	69	UNSUPPORTED	11120	13	1	-1	-1	0	0
enemy.anm	70	UNSUPPORTED	11168	13	1	-1	-1	0	0
enemy.anm	71	UNSUPPORTED	11216	13	1	-1	-1	0	0
enemy.anm	72	UNSUPPORTED	11264	13	1	-1	-1	0	0
enemy.anm	73	UNSUPPORTED	11312	13	1	-1	-1	0	0
enemy.anm	74	UNSUPPORTED	11360	13	1	-1	-1	0	0
enemy.anm	75	UNSUPPORTED	11408	13	1	-1	-1	0	0
enemy.anm	76	UNSUPPORTED	11456	13	1	-1	-1	0	0
enemy.anm	77	UNSUPPORTED	11516	3	2	125	-1	0	0
enemy.anm	78	UNSUPPORTED	11588	3	2	132	-1	0	0
enemy.anm	79	UNSUPPORTED	11640	10	1	-1	-1	0	0
enemy.anm	80	UNSUPPORTED	11724	3	2	129	-1	0	0
enemy.anm	81	UNSUPPORTED	11832	10	1	-1	-1	0	0
enemy.anm	82	UNSUPPORTED	12044	0	6	125	-1	0	0
enemy.anm	83	UNSUPPORTED	12136	3	2	133	-1	0	0
enemy.anm	84	UNSUPPORTED	12208	3	2	140	-1	0	0
enemy.anm	85	UNSUPPORTED	12260	10	1	-1	-1	0	0
enemy.anm	86	UNSUPPORTED	12344	3	2	137	-1	0	0
enemy.anm	87	UNSUPPORTED	12452	10	1	-1	-1	0	0
enemy.anm	88	UNSUPPORTED	12664	0	6	133	-1	0	0
enemy.anm	89	UNSUPPORTED	12756	3	2	141	-1	0	0
enemy.anm	90	UNSUPPORTED	12828	3	2	148	-1	0	0
enemy.anm	91	UNSUPPORTED	12880	10	1	-1	-1	0	0
enemy.anm	92	UNSUPPORTED	12964	3	2	145	-1	0	0
enemy.anm	93	UNSUPPORTED	13072	10	1	-1	-1	0	0
enemy.anm	94	UNSUPPORTED	13284	0	6	141	-1	0	0
enemy.anm	95	UNSUPPORTED	13376	3	2	149	-1	0	0
enemy.anm	96	UNSUPPORTED	13448	3	2	156	-1	0	0
enemy.anm	97	UNSUPPORTED	13500	10	1	-1	-1	0	0
enemy.anm	98	UNSUPPORTED	13584	3	2	153	-1	0	0
enemy.anm	99	UNSUPPORTED	13692	10	1	-1	-1	0	0
enemy.anm	100	UNSUPPORTED	13904	0	6	149	-1	0	0
etama.anm	0	CERTIFIED_TIMING	4340	2	2	0	0	1	0
etama.anm	1	CERTIFIED_TIMING	4368	2	2	16	0	1	0
etama.anm	2	CERTIFIED_TIMING	4408	2	3	32	0	1	0
etama.anm	3	CERTIFIED_TIMING	4436	2	2	48	0	1	0
etama.anm	4	CERTIFIED_TIMING	4476	2	3	64	0	1	0
etama.anm	5	CERTIFIED_TIMING	4516	2	3	80	0	1	0
etama.anm	6	CERTIFIED_TIMING	4556	2	3	96	0	1	0
etama.anm	7	CERTIFIED_TIMING	4584	2	2	112	0	1	0
etama.anm	8	CERTIFIED_TIMING	4624	2	3	120	0	1	0
etama.anm	9	CERTIFIED_TIMING	4664	2	3	128	0	1	0
etama.anm	10	CERTIFIED_TIMING	4704	2	3	152	0	1	0
etama.anm	11	CERTIFIED_TIMING	4744	2	3	48	0	1	0
etama.anm	12	CERTIFIED_TIMING	4772	2	2	152	0	1	0
etama.anm	13	CERTIFIED_TIMING	4800	2	2	48	0	1	0
etama.anm	14	CERTIFIED_TIMING	4840	2	3	96	0	1	0
etama.anm	15	CERTIFIED_TIMING	4900	1	4	136	12	12	1
etama.anm	16	CERTIFIED_TIMING	4976	1	5	136	12	12	1
etama.anm	17	CERTIFIED_TIMING	5052	1	5	136	12	12	1
etama.anm	18	CERTIFIED_TIMING	5148	1	6	146	10	10	1
etama.anm	19	CERTIFIED_TIMING	5248	1	6	146	15	15	1
etama.anm	20	CERTIFIED_TIMING	5348	1	6	146	30	30	1
etama.anm	21	CERTIFIED_TIMING	5448	1	6	146	10	10	1
etama.anm	22	CERTIFIED_TIMING	5548	1	6	146	15	15	1
etama.anm	23	CERTIFIED_TIMING	5648	1	6	146	30	30	1
etama.anm	24	CERTIFIED_TIMING	5828	1	6	146	30	30	1
etama.anm	25	CERTIFIED_TIMING	138732	2	3	168	0	1	0
etama.anm	26	CERTIFIED_TIMING	138804	1	5	168	16	16	1
etama.anm	27	CERTIFIED_TIMING	138904	1	7	168	24	24	1
etama.anm	28	UNSUPPORTED	138980	30	5	192	-1	0	0
etama.anm	29	UNSUPPORTED	139080	13	6	194	-1	0	0
etama.anm	30	UNSUPPORTED	139140	30	2	214	-1	0	0
etama.anm	31	UNSUPPORTED	139240	30	2	195	-1	0	0
etama.anm	32	UNSUPPORTED	139340	30	2	195	-1	0	0
etama.anm	33	UNSUPPORTED	139544	30	2	195	-1	0	0
etama.anm	34	UNSUPPORTED	139748	30	2	217	-1	0	0
etama.anm	35	UNSUPPORTED	139984	30	2	196	-1	0	0
etama.anm	36	UNSUPPORTED	140096	30	2	198	-1	0	0
etama.anm	37	UNSUPPORTED	140216	30	2	202	-1	0	0
etama.anm	38	UNSUPPORTED	140336	30	2	206	-1	0	0
etama.anm	39	UNSUPPORTED	140456	30	2	210	-1	0	0
etama.anm	40	UNSUPPORTED	140576	30	2	198	-1	0	0
etama.anm	41	UNSUPPORTED	140708	30	2	202	-1	0	0
etama.anm	42	UNSUPPORTED	140840	30	2	206	-1	0	0
etama.anm	43	UNSUPPORTED	140972	30	2	210	-1	0	0
etama.anm	44	UNSUPPORTED	141104	30	2	214	-1	0	0
etama.anm	45	UNSUPPORTED	141204	30	2	215	-1	0	0
etama.anm	46	UNSUPPORTED	141344	30	2	198	-1	0	0
etama.anm	47	UNSUPPORTED	141544	30	8	193	-1	0	0
etama.anm	48	UNSUPPORTED	141624	85	5	197	-1	0	0
etama.anm	49	UNSUPPORTED	142092	85	5	197	-1	0	0
etama.anm	50	UNSUPPORTED	142560	85	5	197	-1	0	0
etama.anm	51	UNSUPPORTED	142988	30	2	216	-1	0	0
etama.anm	52	UNSUPPORTED	143128	30	3	216	-1	0	0
etama.anm	53	UNSUPPORTED	143344	30	3	217	-1	0	0
etama.anm	54	UNSUPPORTED	143604	30	2	218	-1	0	0
etama.anm	55	UNSUPPORTED	143800	30	3	218	-1	0	0
etama.anm	56	UNSUPPORTED	143912	30	2	214	-1	0	0
etama.anm	57	UNSUPPORTED	144012	30	2	193	-1	0	0
etama.anm	58	UNSUPPORTED	144124	30	2	193	-1	0	0
etama.anm	59	UNSUPPORTED	144248	30	2	193	-1	0	0
etama.anm	60	UNSUPPORTED	144372	30	2	193	-1	0	0
etama.anm	61	CERTIFIED_TIMING	144496	2	2	172	0	1	0
etama.anm	62	CERTIFIED_TIMING	144524	2	2	173	0	1	0
etama.anm	63	CERTIFIED_TIMING	144552	2	2	174	0	1	0
etama.anm	64	CERTIFIED_TIMING	144580	2	2	175	0	1	0
etama.anm	65	CERTIFIED_TIMING	144608	2	2	176	0	1	0
etama.anm	66	CERTIFIED_TIMING	144636	2	2	177	0	1	0
etama.anm	67	CERTIFIED_TIMING	144676	2	3	178	0	1	0
etama.anm	68	UNSUPPORTED	144704	33	2	179	-1	0	0
etama.anm	69	CERTIFIED_TIMING	144780	2	2	180	0	1	0
etama.anm	70	UNSUPPORTED	144968	9	2	179	-1	0	0
etama.anm	71	UNSUPPORTED	145028	82	2	219	-1	0	0
etama.anm	72	UNSUPPORTED	145320	82	2	219	-1	0	0
etama.anm	73	UNSUPPORTED	145636	82	2	220	-1	0	0
etama.anm	74	UNSUPPORTED	146004	82	2	220	-1	0	0
etama.anm	75	UNSUPPORTED	146372	82	2	219	-1	0	0
etama.anm	76	UNSUPPORTED	278176	0	7	221	-1	0	0
etama.anm	77	UNSUPPORTED	278304	0	7	223	-1	0	0
etama.anm	78	UNSUPPORTED	278432	0	7	226	-1	0	0
etama.anm	79	UNSUPPORTED	278488	0	3	222	-1	0	0
etama.anm	80	UNSUPPORTED	278616	0	7	221	-1	0	0
etama.anm	81	UNSUPPORTED	278660	37	2	224	-1	0	0
etama.anm	82	UNSUPPORTED	278924	82	2	221	-1	0	0
etama.anm	83	UNSUPPORTED	279196	82	2	224	-1	0	0
etama.anm	84	UNSUPPORTED	279288	82	2	225	-1	0	0
etama.anm	85	CERTIFIED_TIMING	279392	1	4	222	60	60	1
etama.anm	86	UNSUPPORTED	279420	82	2	224	-1	0	0
etama.anm	87	UNSUPPORTED	279604	37	4	224	-1	0	0
etama.anm	88	UNSUPPORTED	279808	9	4	225	-1	0	0
etama.anm	89	UNSUPPORTED	279932	9	4	225	-1	0	0
etama.anm	90	UNSUPPORTED	280056	9	4	225	-1	0	0
etama.anm	91	UNSUPPORTED	280180	9	4	225	-1	0	0
etama.anm	92	UNSUPPORTED	280304	81	4	225	-1	0	0
etama.anm	93	UNSUPPORTED	280428	81	4	225	-1	0	0
etama.anm	94	UNSUPPORTED	280552	81	4	225	-1	0	0
etama.anm	95	UNSUPPORTED	280676	81	4	225	-1	0	0
etama.anm	96	UNSUPPORTED	280820	81	5	225	-1	0	0
etama.anm	97	UNSUPPORTED	281028	81	5	225	-1	0	0
etama.anm	98	UNSUPPORTED	281236	81	5	225	-1	0	0
etama.anm	99	UNSUPPORTED	281444	81	5	225	-1	0	0
etama.anm	100	UNSUPPORTED	281652	9	5	225	-1	0	0
etama.anm	101	UNSUPPORTED	281880	9	5	225	-1	0	0
etama.anm	102	UNSUPPORTED	282088	81	4	227	-1	0	0
etama.anm	103	UNSUPPORTED	282244	81	4	227	-1	0	0
etama.anm	104	UNSUPPORTED	315288	13	2	228	-1	0	0
etama.anm	105	UNSUPPORTED	446628	4	2	229	-1	0	0
etama.anm	106	CERTIFIED_TIMING	482228	2	3	230	0	1	0
etama.anm	107	UNSUPPORTED	482256	13	2	246	-1	0	0
etama.anm	108	UNSUPPORTED	482304	13	2	246	-1	0	0
etama.anm	109	UNSUPPORTED	482352	13	2	262	-1	0	0
etama.anm	110	UNSUPPORTED	482400	13	2	262	-1	0	0
etama.anm	111	CERTIFIED_TIMING	482460	2	3	270	30000	30000	0
etama.anm	112	CERTIFIED_TIMING	482500	2	3	302	0	1	0
etama.anm	113	CERTIFIED_TIMING	482540	2	3	318	0	1	0
etama.anm	114	UNSUPPORTED	482592	3	4	326	-1	0	0
etama.anm	115	CERTIFIED_TIMING	482676	2	3	330	30000	30000	0
face_al00.anm	0	UNSUPPORTED	176	22	3	0	-1	0	0
face_al00.anm	1	UNSUPPORTED	524732	22	2	2	-1	0	0
face_al00.anm	2	UNSUPPORTED	656444	22	2	3	-1	0	0
face_al00.anm	3	UNSUPPORTED	788156	22	2	4	-1	0	0
face_al00.anm	4	UNSUPPORTED	919868	22	2	5	-1	0	0
face_al00.anm	5	UNSUPPORTED	1051580	22	2	6	-1	0	0
face_al00.anm	6	UNSUPPORTED	1183292	22	2	7	-1	0	0
face_al00.anm	7	UNSUPPORTED	1315004	22	2	8	-1	0	0
face_al00.anm	8	UNSUPPORTED	1446716	22	2	9	-1	0	0
face_alsp.anm	0	UNSUPPORTED	152	22	3	0	-1	0	0
face_cdbg.anm	0	UNSUPPORTED	188	82	2	0	-1	0	0
face_cdbg.anm	1	UNSUPPORTED	444	22	3	0	-1	0	0
face_cdbg.anm	2	UNSUPPORTED	664	82	2	0	-1	0	0
face_cdbg.anm	3	UNSUPPORTED	932	12	3	0	-1	0	0
face_mr00.anm	0	UNSUPPORTED	176	22	3	0	-1	0	0
face_mr00.anm	1	UNSUPPORTED	524748	22	2	2	-1	0	0
face_mr00.anm	2	UNSUPPORTED	656476	22	2	3	-1	0	0
face_mr00.anm	3	UNSUPPORTED	788204	22	2	4	-1	0	0
face_mr00.anm	4	UNSUPPORTED	919932	22	2	5	-1	0	0
face_mr00.anm	5	UNSUPPORTED	1051660	22	2	6	-1	0	0
face_mr00.anm	6	UNSUPPORTED	1183388	22	2	7	-1	0	0
face_mr00.anm	7	UNSUPPORTED	1315116	22	2	8	-1	0	0
face_mr00.anm	8	UNSUPPORTED	1446844	22	2	9	-1	0	0
face_rm00.anm	0	UNSUPPORTED	176	22	3	0	-1	0	0
face_rm00.anm	1	UNSUPPORTED	524732	22	2	2	-1	0	0
face_rm00.anm	2	UNSUPPORTED	656444	22	2	3	-1	0	0
face_rm00.anm	3	UNSUPPORTED	788156	22	2	4	-1	0	0
face_rm00.anm	4	UNSUPPORTED	919868	22	2	5	-1	0	0
face_rm00.anm	5	UNSUPPORTED	1051580	22	2	6	-1	0	0
face_rm00.anm	6	UNSUPPORTED	1183292	22	2	7	-1	0	0
face_rm00.anm	7	UNSUPPORTED	1315004	22	2	8	-1	0	0
face_rm00.anm	8	UNSUPPORTED	1446716	22	2	9	-1	0	0
face_rs00.anm	0	UNSUPPORTED	176	22	3	0	-1	0	0
face_rs00.anm	1	UNSUPPORTED	524748	22	2	2	-1	0	0
face_rs00.anm	2	UNSUPPORTED	656476	22	2	3	-1	0	0
face_rs00.anm	3	UNSUPPORTED	788204	22	2	4	-1	0	0
face_rs00.anm	4	UNSUPPORTED	919932	22	2	5	-1	0	0
face_rs00.anm	5	UNSUPPORTED	1051660	22	2	6	-1	0	0
face_rs00.anm	6	UNSUPPORTED	1183388	22	2	7	-1	0	0
face_rs00.anm	7	UNSUPPORTED	1315116	22	2	8	-1	0	0
face_rs00.anm	8	UNSUPPORTED	1446844	22	2	9	-1	0	0
face_rssp.anm	0	UNSUPPORTED	152	22	3	0	-1	0	0
face_sk00.anm	0	UNSUPPORTED	176	22	3	0	-1	0	0
face_sk00.anm	1	UNSUPPORTED	524748	22	2	2	-1	0	0
face_sk00.anm	2	UNSUPPORTED	656476	22	2	3	-1	0	0
face_sk00.anm	3	UNSUPPORTED	788204	22	2	4	-1	0	0
face_sk00.anm	4	UNSUPPORTED	919932	22	2	5	-1	0	0
face_sk00.anm	5	UNSUPPORTED	1051660	22	2	6	-1	0	0
face_sk00.anm	6	UNSUPPORTED	1183388	22	2	7	-1	0	0
face_sk00.anm	7	UNSUPPORTED	1315116	22	2	8	-1	0	0
face_sk00.anm	8	UNSUPPORTED	1446844	22	2	9	-1	0	0
face_sksp.anm	0	UNSUPPORTED	168	22	3	0	-1	0	0
face_st01.anm	0	UNSUPPORTED	152	22	3	0	-1	0	0
face_st01.anm	1	UNSUPPORTED	524724	22	2	1	-1	0	0
face_st01.anm	2	UNSUPPORTED	557744	22	2	2	-1	0	0
face_st01.anm	3	UNSUPPORTED	689500	22	2	3	-1	0	0
face_st01.anm	4	UNSUPPORTED	821304	22	2	6	-1	0	0
face_st01sp.anm	0	UNSUPPORTED	152	22	3	0	-1	0	0
face_st02.anm	0	UNSUPPORTED	152	22	3	0	-1	0	0
face_st02.anm	1	UNSUPPORTED	524724	22	2	1	-1	0	0
face_st02.anm	2	UNSUPPORTED	557744	22	2	2	-1	0	0
face_st02.anm	3	UNSUPPORTED	689500	22	2	3	-1	0	0
face_st02.anm	4	UNSUPPORTED	821256	22	2	6	-1	0	0
face_st02.anm	5	UNSUPPORTED	952988	22	2	9	-1	0	0
face_st02sp.anm	0	UNSUPPORTED	152	22	3	0	-1	0	0
face_st03.anm	0	UNSUPPORTED	152	22	3	0	-1	0	0
face_st03.anm	1	UNSUPPORTED	524724	22	2	1	-1	0	0
face_st03.anm	2	UNSUPPORTED	557744	22	2	2	-1	0	0
face_st03.anm	3	UNSUPPORTED	689500	22	2	3	-1	0	0
face_st03.anm	4	UNSUPPORTED	821232	22	2	6	-1	0	0
face_st03.anm	5	UNSUPPORTED	952940	22	2	8	-1	0	0
face_st03.anm	6	UNSUPPORTED	1084648	22	2	9	-1	0	0
face_st03.anm	7	UNSUPPORTED	1216356	22	2	10	-1	0	0
face_st03sp.anm	0	UNSUPPORTED	152	22	3	0	-1	0	0
face_st04a.anm	0	UNSUPPORTED	152	22	3	0	-1	0	0
face_st04a.anm	1	UNSUPPORTED	524724	22	2	1	-1	0	0
face_st04a.anm	2	UNSUPPORTED	557760	22	2	2	-1	0	0
face_st04a.anm	3	UNSUPPORTED	689508	22	2	3	-1	0	0
face_st04a.anm	4	UNSUPPORTED	821232	22	2	5	-1	0	0
face_st04a.anm	5	UNSUPPORTED	952956	22	2	6	-1	0	0
face_st04a.anm	6	UNSUPPORTED	1084728	22	2	7	-1	0	0
face_st04a.anm	7	UNSUPPORTED	1216452	22	2	10	-1	0	0
face_st04asp.anm	0	UNSUPPORTED	152	22	3	0	-1	0	0
face_st04b.anm	0	UNSUPPORTED	152	22	3	0	-1	0	0
face_st04b.anm	1	UNSUPPORTED	524724	22	2	1	-1	0	0
face_st04b.anm	2	UNSUPPORTED	557760	22	2	2	-1	0	0
face_st04b.anm	3	UNSUPPORTED	689508	22	2	3	-1	0	0
face_st04b.anm	4	UNSUPPORTED	821232	22	2	5	-1	0	0
face_st04b.anm	5	UNSUPPORTED	952956	22	2	6	-1	0	0
face_st04b.anm	6	UNSUPPORTED	1084680	22	2	7	-1	0	0
face_st04b.anm	7	UNSUPPORTED	1216428	22	2	8	-1	0	0
face_st04b.anm	8	UNSUPPORTED	1348152	22	2	10	-1	0	0
face_st04bsp.anm	0	UNSUPPORTED	152	22	3	0	-1	0	0
face_st05.anm	0	UNSUPPORTED	152	22	3	0	-1	0	0
face_st05.anm	1	UNSUPPORTED	524724	22	2	1	-1	0	0
face_st05.anm	2	UNSUPPORTED	557792	22	2	2	-1	0	0
face_st05.anm	3	UNSUPPORTED	820572	22	2	5	-1	0	0
face_st05.anm	4	UNSUPPORTED	1083352	22	2	6	-1	0	0
face_st05.anm	5	UNSUPPORTED	1346180	22	2	7	-1	0	0
face_st05.anm	6	UNSUPPORTED	1609032	22	2	10	-1	0	0
face_st05b.anm	0	UNSUPPORTED	444	22	2	0	-1	0	0
face_st05b.anm	1	UNSUPPORTED	936	22	2	0	-1	0	0
face_st05b.anm	2	UNSUPPORTED	1428	22	2	0	-1	0	0
face_st05b.anm	3	UNSUPPORTED	1920	22	2	0	-1	0	0
face_st05b.anm	4	UNSUPPORTED	2412	22	2	0	-1	0	0
face_st05b.anm	5	UNSUPPORTED	2904	22	2	0	-1	0	0
face_st05msp.anm	0	UNSUPPORTED	152	22	3	0	-1	0	0
face_st05sp.anm	0	UNSUPPORTED	152	22	3	0	-1	0	0
face_st06.anm	0	UNSUPPORTED	152	22	3	0	-1	0	0
face_st06.anm	1	UNSUPPORTED	1049012	22	2	1	-1	0	0
face_st06.anm	2	UNSUPPORTED	1082056	22	2	2	-1	0	0
face_st06.anm	3	UNSUPPORTED	1344836	22	2	4	-1	0	0
face_st06.anm	4	UNSUPPORTED	1607616	22	2	5	-1	0	0
face_st06.anm	5	UNSUPPORTED	1870396	22	2	6	-1	0	0
face_st06.anm	6	UNSUPPORTED	2133344	22	2	7	-1	0	0
face_st06sp.anm	0	UNSUPPORTED	152	22	3	0	-1	0	0
face_st07.anm	0	UNSUPPORTED	152	22	3	0	-1	0	0
face_st07.anm	1	UNSUPPORTED	1049012	22	2	1	-1	0	0
face_st07.anm	2	UNSUPPORTED	1082032	22	2	2	-1	0	0
face_st07.anm	3	UNSUPPORTED	1344836	22	2	3	-1	0	0
face_st07.anm	4	UNSUPPORTED	1607640	22	2	5	-1	0	0
face_st07.anm	5	UNSUPPORTED	1870588	22	2	7	-1	0	0
face_st07sp.anm	0	UNSUPPORTED	152	22	3	0	-1	0	0
face_st08.anm	0	UNSUPPORTED	152	22	3	0	-1	0	0
face_st08.anm	1	UNSUPPORTED	1049012	22	2	1	-1	0	0
face_st08.anm	2	UNSUPPORTED	1082032	22	2	2	-1	0	0
face_st08.anm	3	UNSUPPORTED	1344836	22	2	3	-1	0	0
face_st08.anm	4	UNSUPPORTED	1607616	22	2	5	-1	0	0
face_st08.anm	5	UNSUPPORTED	1870396	22	2	6	-1	0	0
face_st08.anm	6	UNSUPPORTED	2133224	22	2	7	-1	0	0
face_st08.anm	7	UNSUPPORTED	2396100	22	2	10	-1	0	0
face_st08m.anm	0	UNSUPPORTED	152	22	3	0	-1	0	0
face_st08m.anm	1	UNSUPPORTED	524724	22	2	1	-1	0	0
face_st08m.anm	2	UNSUPPORTED	558048	22	2	2	-1	0	0
face_st08msp.anm	0	UNSUPPORTED	152	22	3	0	-1	0	0
face_st08sp.anm	0	UNSUPPORTED	152	22	3	0	-1	0	0
face_yk00.anm	0	UNSUPPORTED	176	22	3	0	-1	0	0
face_yk00.anm	1	UNSUPPORTED	524748	22	2	2	-1	0	0
face_yk00.anm	2	UNSUPPORTED	656476	22	2	3	-1	0	0
face_yk00.anm	3	UNSUPPORTED	788204	22	2	4	-1	0	0
face_yk00.anm	4	UNSUPPORTED	919932	22	2	5	-1	0	0
face_yk00.anm	5	UNSUPPORTED	1051660	22	2	6	-1	0	0
face_yk00.anm	6	UNSUPPORTED	1183388	22	2	7	-1	0	0
face_yk00.anm	7	UNSUPPORTED	1315116	22	2	8	-1	0	0
face_yk00.anm	8	UNSUPPORTED	1446844	22	2	9	-1	0	0
face_yksp.anm	0	UNSUPPORTED	152	22	3	0	-1	0	0
face_ym00.anm	0	UNSUPPORTED	176	22	3	0	-1	0	0
face_ym00.anm	1	UNSUPPORTED	524732	22	2	2	-1	0	0
face_ym00.anm	2	UNSUPPORTED	656444	22	2	3	-1	0	0
face_ym00.anm	3	UNSUPPORTED	788156	22	2	4	-1	0	0
face_ym00.anm	4	UNSUPPORTED	919868	22	2	5	-1	0	0
face_ym00.anm	5	UNSUPPORTED	1051580	22	2	6	-1	0	0
face_ym00.anm	6	UNSUPPORTED	1183292	22	2	7	-1	0	0
face_ym00.anm	7	UNSUPPORTED	1315004	22	2	8	-1	0	0
face_ym00.anm	8	UNSUPPORTED	1446716	22	2	9	-1	0	0
face_ymsp.anm	0	UNSUPPORTED	152	22	3	0	-1	0	0
face_yy00.anm	0	UNSUPPORTED	176	22	3	0	-1	0	0
face_yy00.anm	1	UNSUPPORTED	524748	22	2	2	-1	0	0
face_yy00.anm	2	UNSUPPORTED	656476	22	2	3	-1	0	0
face_yy00.anm	3	UNSUPPORTED	788204	22	2	4	-1	0	0
face_yy00.anm	4	UNSUPPORTED	919932	22	2	5	-1	0	0
face_yy00.anm	5	UNSUPPORTED	1051660	22	2	6	-1	0	0
face_yy00.anm	6	UNSUPPORTED	1183388	22	2	7	-1	0	0
face_yy00.anm	7	UNSUPPORTED	1315116	22	2	8	-1	0	0
face_yy00.anm	8	UNSUPPORTED	1446844	22	2	9	-1	0	0
face_yysp.anm	0	UNSUPPORTED	152	22	3	0	-1	0	0
front.anm	0	UNSUPPORTED	620	22	2	0	-1	0	0
front.anm	1	UNSUPPORTED	720	30	2	1	-1	0	0
front.anm	2	UNSUPPORTED	852	22	2	2	-1	0	0
front.anm	3	UNSUPPORTED	976	22	2	3	-1	0	0
front.anm	4	UNSUPPORTED	1100	22	2	4	-1	0	0
front.anm	5	UNSUPPORTED	1224	22	2	5	-1	0	0
front.anm	6	UNSUPPORTED	1348	22	2	6	-1	0	0
front.anm	7	UNSUPPORTED	1472	22	2	7	-1	0	0
front.anm	8	UNSUPPORTED	1596	22	2	8	-1	0	0
front.anm	9	UNSUPPORTED	1720	22	2	9	-1	0	0
front.anm	10	UNSUPPORTED	1844	22	2	11	-1	0	0
front.anm	11	UNSUPPORTED	1880	22	2	12	-1	0	0
front.anm	12	UNSUPPORTED	1916	22	2	10	-1	0	0
front.anm	13	UNSUPPORTED	2132	22	2	13	-1	0	0
front.anm	14	UNSUPPORTED	2168	22	2	14	-1	0	0
front.anm	15	UNSUPPORTED	2204	22	2	15	-1	0	0
loading00.anm	0	UNSUPPORTED	140	22	2	0	-1	0	0
loading00a.anm	0	UNSUPPORTED	140	22	2	0	-1	0	0
loading00h.anm	0	UNSUPPORTED	140	22	2	0	-1	0	0
loading01.anm	0	UNSUPPORTED	140	22	2	0	-1	0	0
loading01a.anm	0	UNSUPPORTED	140	22	2	0	-1	0	0
loading01h.anm	0	UNSUPPORTED	140	22	2	0	-1	0	0
loading02.anm	0	UNSUPPORTED	140	22	2	0	-1	0	0
loading02a.anm	0	UNSUPPORTED	140	22	2	0	-1	0	0
loading02h.anm	0	UNSUPPORTED	140	22	2	0	-1	0	0
loading03.anm	0	UNSUPPORTED	140	22	2	0	-1	0	0
loading03a.anm	0	UNSUPPORTED	140	22	2	0	-1	0	0
loading03h.anm	0	UNSUPPORTED	140	22	2	0	-1	0	0
music00.anm	0	UNSUPPORTED	140	22	2	0	-1	0	0
music00.anm	1	UNSUPPORTED	132404	23	3	1	-1	0	0
music00.anm	2	UNSUPPORTED	132620	23	3	2	-1	0	0
music00.anm	3	UNSUPPORTED	132836	23	3	3	-1	0	0
music00.anm	4	UNSUPPORTED	133052	23	3	4	-1	0	0
music00.anm	5	UNSUPPORTED	133268	23	3	5	-1	0	0
music00.anm	6	UNSUPPORTED	133484	23	3	6	-1	0	0
music00.anm	7	UNSUPPORTED	133700	23	3	7	-1	0	0
music00.anm	8	UNSUPPORTED	133916	23	3	8	-1	0	0
music00.anm	9	UNSUPPORTED	134132	23	3	9	-1	0	0
music00.anm	10	UNSUPPORTED	134348	23	3	10	-1	0	0
music00.anm	11	UNSUPPORTED	134564	23	3	11	-1	0	0
music00.anm	12	UNSUPPORTED	134780	23	3	12	-1	0	0
music00.anm	13	UNSUPPORTED	134996	23	3	13	-1	0	0
music00.anm	14	UNSUPPORTED	135212	23	3	14	-1	0	0
music00.anm	15	UNSUPPORTED	135428	23	3	15	-1	0	0
music00.anm	16	UNSUPPORTED	135644	23	3	16	-1	0	0
music00.anm	17	UNSUPPORTED	135860	23	3	17	-1	0	0
music00.anm	18	UNSUPPORTED	136076	23	3	18	-1	0	0
music00.anm	19	UNSUPPORTED	136292	23	3	19	-1	0	0
music00.anm	20	UNSUPPORTED	136508	23	3	20	-1	0	0
music00.anm	21	UNSUPPORTED	136724	23	3	21	-1	0	0
music00.anm	22	UNSUPPORTED	136940	23	3	22	-1	0	0
music00.anm	23	UNSUPPORTED	137156	23	3	23	-1	0	0
music00.anm	24	UNSUPPORTED	137372	23	3	24	-1	0	0
music00.anm	25	UNSUPPORTED	137588	23	3	25	-1	0	0
music00.anm	26	UNSUPPORTED	137804	23	3	26	-1	0	0
music00.anm	27	UNSUPPORTED	138020	23	3	27	-1	0	0
music00.anm	28	UNSUPPORTED	138236	23	3	28	-1	0	0
music00.anm	29	UNSUPPORTED	138452	23	3	29	-1	0	0
music00.anm	30	UNSUPPORTED	138668	23	3	30	-1	0	0
nowloading.anm	0	UNSUPPORTED	228	24	2	0	-1	0	0
nowloading.anm	1	UNSUPPORTED	436	24	2	1	-1	0	0
nowloading.anm	2	UNSUPPORTED	700	24	2	2	-1	0	0
player00.anm	0	UNSUPPORTED	1316	3	2	0	-1	0	0
player00.anm	1	UNSUPPORTED	1388	3	2	4	-1	0	0
player00.anm	2	UNSUPPORTED	1496	3	2	7	-1	0	0
player00.anm	3	UNSUPPORTED	1604	10	1	-1	-1	0	0
player00.anm	4	UNSUPPORTED	1720	10	1	-1	-1	0	0
player00.anm	5	UNSUPPORTED	1860	3	2	11	-1	0	0
player00.anm	6	UNSUPPORTED	1932	3	2	15	-1	0	0
player00.anm	7	UNSUPPORTED	2040	3	2	18	-1	0	0
player00.anm	8	UNSUPPORTED	2148	10	1	-1	-1	0	0
player00.anm	9	UNSUPPORTED	2264	10	1	-1	-1	0	0
player00.anm	10	UNSUPPORTED	2404	83	2	31	-1	0	0
player00.anm	11	UNSUPPORTED	2468	13	1	-1	-1	0	0
player00.anm	12	UNSUPPORTED	2584	83	2	33	-1	0	0
player00.anm	13	UNSUPPORTED	2648	13	1	-1	-1	0	0
player00.anm	14	UNSUPPORTED	2788	83	2	35	-1	0	0
player00.anm	15	UNSUPPORTED	2864	83	2	35	-1	0	0
player00.anm	16	UNSUPPORTED	2976	83	2	36	-1	0	0
player00.anm	17	UNSUPPORTED	3052	83	2	36	-1	0	0
player00.anm	18	UNSUPPORTED	3236	83	6	25	-1	0	0
player00.anm	19	UNSUPPORTED	134980	82	2	44	-1	0	0
player00.anm	20	UNSUPPORTED	135264	82	2	44	-1	0	0
player00.anm	21	UNSUPPORTED	135464	21	6	45	-1	0	0
player00.anm	22	UNSUPPORTED	135524	82	2	46	-1	0	0
player01.anm	0	UNSUPPORTED	1140	3	2	0	-1	0	0
player01.anm	1	UNSUPPORTED	1212	3	2	4	-1	0	0
player01.anm	2	UNSUPPORTED	1320	3	2	7	-1	0	0
player01.anm	3	UNSUPPORTED	1428	10	1	-1	-1	0	0
player01.anm	4	UNSUPPORTED	1544	10	1	-1	-1	0	0
player01.anm	5	UNSUPPORTED	1684	3	2	11	-1	0	0
player01.anm	6	UNSUPPORTED	1756	3	2	15	-1	0	0
player01.anm	7	UNSUPPORTED	1864	3	2	18	-1	0	0
player01.anm	8	UNSUPPORTED	1972	10	1	-1	-1	0	0
player01.anm	9	UNSUPPORTED	2088	10	1	-1	-1	0	0
player01.anm	10	UNSUPPORTED	2228	83	2	26	-1	0	0
player01.anm	11	UNSUPPORTED	2292	13	1	-1	-1	0	0
player01.anm	12	UNSUPPORTED	2444	83	2	28	-1	0	0
player01.anm	13	UNSUPPORTED	2512	13	1	-1	-1	0	0
player01.anm	14	UNSUPPORTED	2692	83	2	28	-1	0	0
player01.anm	15	UNSUPPORTED	2760	13	1	-1	-1	0	0
player01.anm	16	UNSUPPORTED	2940	83	2	28	-1	0	0
player01.anm	17	UNSUPPORTED	3008	13	1	-1	-1	0	0
player01.anm	18	UNSUPPORTED	3188	83	2	28	-1	0	0
player01.anm	19	UNSUPPORTED	3256	13	1	-1	-1	0	0
player01.anm	20	UNSUPPORTED	3436	83	2	28	-1	0	0
player01.anm	21	UNSUPPORTED	3504	13	1	-1	-1	0	0
player01.anm	22	UNSUPPORTED	3684	83	2	30	-1	0	0
player01.anm	23	UNSUPPORTED	3748	13	1	-1	-1	0	0
player01.anm	24	UNSUPPORTED	3900	83	2	32	-1	0	0
player01.anm	25	UNSUPPORTED	4068	83	2	32	-1	0	0
player01.anm	26	UNSUPPORTED	4236	83	2	32	-1	0	0
player01.anm	27	UNSUPPORTED	4404	83	2	32	-1	0	0
player01.anm	28	UNSUPPORTED	4572	83	2	32	-1	0	0
player01.anm	29	UNSUPPORTED	4812	83	6	25	-1	0	0
player01.anm	30	UNSUPPORTED	136336	82	2	33	-1	0	0
player01.anm	31	UNSUPPORTED	136528	82	2	33	-1	0	0
player01.anm	32	UNSUPPORTED	136720	82	2	33	-1	0	0
player01.anm	33	UNSUPPORTED	136912	82	2	33	-1	0	0
player01.anm	34	UNSUPPORTED	137104	82	2	33	-1	0	0
player01.anm	35	UNSUPPORTED	137296	82	2	33	-1	0	0
player01.anm	36	UNSUPPORTED	137488	82	2	33	-1	0	0
player01.anm	37	UNSUPPORTED	137680	82	2	33	-1	0	0
player01.anm	38	UNSUPPORTED	137872	82	2	33	-1	0	0
player01.anm	39	UNSUPPORTED	138064	82	2	33	-1	0	0
player02.anm	0	UNSUPPORTED	908	3	2	0	-1	0	0
player02.anm	1	UNSUPPORTED	980	3	2	4	-1	0	0
player02.anm	2	UNSUPPORTED	1088	3	2	7	-1	0	0
player02.anm	3	UNSUPPORTED	1196	10	1	-1	-1	0	0
player02.anm	4	UNSUPPORTED	1312	10	1	-1	-1	0	0
player02.anm	5	UNSUPPORTED	1452	3	2	11	-1	0	0
player02.anm	6	UNSUPPORTED	1524	3	2	15	-1	0	0
player02.anm	7	UNSUPPORTED	1608	3	2	16	-1	0	0
player02.anm	8	UNSUPPORTED	1692	10	1	-1	-1	0	0
player02.anm	9	UNSUPPORTED	1784	10	1	-1	-1	0	0
player02.anm	10	UNSUPPORTED	1900	83	2	21	-1	0	0
player02.anm	11	UNSUPPORTED	2044	82	6	21	-1	0	0
player02.anm	12	UNSUPPORTED	2096	83	2	22	-1	0	0
player02.anm	13	UNSUPPORTED	2240	82	6	22	-1	0	0
player02.anm	14	UNSUPPORTED	2292	83	2	23	-1	0	0
player02.anm	15	UNSUPPORTED	2436	82	6	23	-1	0	0
player02.anm	16	UNSUPPORTED	2488	83	2	24	-1	0	0
player02.anm	17	UNSUPPORTED	2632	82	6	24	-1	0	0
player02.anm	18	UNSUPPORTED	2684	83	2	23	-1	0	0
player02.anm	19	UNSUPPORTED	2928	9	5	23	-1	0	0
player02.anm	20	UNSUPPORTED	3040	83	2	24	-1	0	0
player02.anm	21	UNSUPPORTED	3236	82	6	24	-1	0	0
player02.anm	22	UNSUPPORTED	3300	83	2	21	-1	0	0
player02.anm	23	UNSUPPORTED	3496	82	7	21	-1	0	0
player02.anm	24	UNSUPPORTED	3572	12	3	20	-1	0	0
player03.anm	0	UNSUPPORTED	956	3	2	0	-1	0	0
player03.anm	1	UNSUPPORTED	1028	3	2	4	-1	0	0
player03.anm	2	UNSUPPORTED	1100	3	2	5	-1	0	0
player03.anm	3	UNSUPPORTED	1184	10	1	-1	-1	0	0
player03.anm	4	UNSUPPORTED	1264	10	1	-1	-1	0	0
player03.anm	5	UNSUPPORTED	1380	3	2	8	-1	0	0
player03.anm	6	UNSUPPORTED	1452	3	2	12	-1	0	0
player03.anm	7	UNSUPPORTED	1524	3	2	13	-1	0	0
player03.anm	8	UNSUPPORTED	1608	10	1	-1	-1	0	0
player03.anm	9	UNSUPPORTED	1688	10	1	-1	-1	0	0
player03.anm	10	UNSUPPORTED	1804	83	2	24	-1	0	0
player03.anm	11	UNSUPPORTED	1892	33	3	24	-1	0	0
player03.anm	12	UNSUPPORTED	2028	83	2	25	-1	0	0
player03.anm	13	UNSUPPORTED	2172	82	6	25	-1	0	0
player03.anm	14	UNSUPPORTED	2224	83	2	26	-1	0	0
player03.anm	15	UNSUPPORTED	2368	82	6	26	-1	0	0
player03.anm	16	UNSUPPORTED	2420	83	2	27	-1	0	0
player03.anm	17	UNSUPPORTED	2564	82	6	27	-1	0	0
player03.anm	18	UNSUPPORTED	2616	83	2	25	-1	0	0
player03.anm	19	UNSUPPORTED	2760	83	2	26	-1	0	0
player03.anm	20	UNSUPPORTED	2904	83	2	27	-1	0	0
player03.anm	21	UNSUPPORTED	3112	83	6	16	-1	0	0
result00.anm	0	UNSUPPORTED	1036	22	2	21	-1	0	0
result00.anm	1	UNSUPPORTED	1728	22	2	22	-1	0	0
result00.anm	2	UNSUPPORTED	2420	22	2	23	-1	0	0
result00.anm	3	UNSUPPORTED	3112	22	2	24	-1	0	0
result00.anm	4	UNSUPPORTED	3804	22	2	0	-1	0	0
result00.anm	5	UNSUPPORTED	4496	22	2	1	-1	0	0
result00.anm	6	UNSUPPORTED	5188	22	2	2	-1	0	0
result00.anm	7	UNSUPPORTED	5880	22	2	3	-1	0	0
result00.anm	8	UNSUPPORTED	6572	22	2	4	-1	0	0
result00.anm	9	UNSUPPORTED	7264	22	2	0	-1	0	0
result00.anm	10	UNSUPPORTED	7956	22	2	1	-1	0	0
result00.anm	11	UNSUPPORTED	8648	22	2	2	-1	0	0
result00.anm	12	UNSUPPORTED	9340	22	2	3	-1	0	0
result00.anm	13	UNSUPPORTED	10032	22	2	4	-1	0	0
result00.anm	14	UNSUPPORTED	10724	22	2	6	-1	0	0
result00.anm	15	UNSUPPORTED	11416	22	2	7	-1	0	0
result00.anm	16	UNSUPPORTED	12108	22	2	8	-1	0	0
result00.anm	17	UNSUPPORTED	12800	22	2	9	-1	0	0
result00.anm	18	UNSUPPORTED	13492	22	2	10	-1	0	0
result00.anm	19	UNSUPPORTED	14184	22	2	11	-1	0	0
result00.anm	20	UNSUPPORTED	14876	22	2	12	-1	0	0
result00.anm	21	UNSUPPORTED	15568	22	2	13	-1	0	0
result00.anm	22	UNSUPPORTED	16260	22	2	14	-1	0	0
result00.anm	23	UNSUPPORTED	16952	22	2	15	-1	0	0
result00.anm	24	UNSUPPORTED	17644	22	2	16	-1	0	0
result00.anm	25	UNSUPPORTED	18336	22	2	17	-1	0	0
result00.anm	26	UNSUPPORTED	19028	22	2	18	-1	0	0
result00.anm	27	UNSUPPORTED	19720	22	2	7	-1	0	0
result00.anm	28	UNSUPPORTED	20412	22	2	8	-1	0	0
result00.anm	29	UNSUPPORTED	21104	22	2	9	-1	0	0
result00.anm	30	UNSUPPORTED	21796	22	2	10	-1	0	0
result00.anm	31	UNSUPPORTED	22488	22	2	11	-1	0	0
result00.anm	32	UNSUPPORTED	23180	22	2	12	-1	0	0
result00.anm	33	UNSUPPORTED	23872	22	2	13	-1	0	0
result00.anm	34	UNSUPPORTED	24564	22	2	14	-1	0	0
result00.anm	35	UNSUPPORTED	25256	22	2	15	-1	0	0
result00.anm	36	UNSUPPORTED	25948	22	2	16	-1	0	0
result00.anm	37	UNSUPPORTED	26640	22	2	17	-1	0	0
result00.anm	38	UNSUPPORTED	27332	22	2	18	-1	0	0
result00.anm	39	UNSUPPORTED	28024	22	2	19	-1	0	0
result00.anm	40	UNSUPPORTED	28716	22	2	22	-1	0	0
result00.anm	41	UNSUPPORTED	553628	22	2	25	-1	0	0
result00.anm	42	UNSUPPORTED	553772	22	2	26	-1	0	0
result00.anm	43	UNSUPPORTED	553916	22	2	27	-1	0	0
result00.anm	44	UNSUPPORTED	554060	22	2	28	-1	0	0
result00.anm	45	UNSUPPORTED	554204	22	2	29	-1	0	0
result00.anm	46	UNSUPPORTED	554348	22	2	30	-1	0	0
result00.anm	47	UNSUPPORTED	554492	22	2	31	-1	0	0
result00.anm	48	UNSUPPORTED	686172	22	2	37	-1	0	0
result00.anm	49	UNSUPPORTED	686420	6	2	33	-1	0	0
result00.anm	50	UNSUPPORTED	686632	6	2	34	-1	0	0
result00.anm	51	UNSUPPORTED	686840	6	2	35	-1	0	0
result00.anm	52	UNSUPPORTED	687048	6	2	36	-1	0	0
result00.anm	53	UNSUPPORTED	687180	6	2	39	-1	0	0
result00.anm	54	UNSUPPORTED	687312	6	2	38	-1	0	0
result00.anm	55	UNSUPPORTED	687444	6	2	38	-1	0	0
result00.anm	56	UNSUPPORTED	687596	6	2	38	-1	0	0
result00.anm	57	UNSUPPORTED	687792	6	2	38	-1	0	0
result00.anm	58	UNSUPPORTED	687988	6	2	38	-1	0	0
result00.anm	59	UNSUPPORTED	688184	6	2	38	-1	0	0
result00.anm	60	UNSUPPORTED	688380	6	2	38	-1	0	0
result00.anm	61	UNSUPPORTED	688576	6	2	38	-1	0	0
result00.anm	62	UNSUPPORTED	688772	6	2	38	-1	0	0
result00.anm	63	UNSUPPORTED	688968	6	2	38	-1	0	0
result00.anm	64	UNSUPPORTED	689164	6	2	38	-1	0	0
result00.anm	65	UNSUPPORTED	689360	6	2	38	-1	0	0
result00.anm	66	UNSUPPORTED	689556	6	2	38	-1	0	0
result00.anm	67	UNSUPPORTED	689752	6	2	38	-1	0	0
result00.anm	68	UNSUPPORTED	689948	6	2	38	-1	0	0
result00.anm	69	UNSUPPORTED	690144	6	2	38	-1	0	0
result00.anm	70	UNSUPPORTED	690340	6	2	38	-1	0	0
result00.anm	71	UNSUPPORTED	821752	22	2	40	-1	0	0
staff01.anm	0	UNSUPPORTED	296	6	4	0	-1	0	0
staff01.anm	1	UNSUPPORTED	436	6	4	0	-1	0	0
staff01.anm	2	UNSUPPORTED	552	6	4	0	-1	0	0
staff01.anm	3	UNSUPPORTED	692	6	4	0	-1	0	0
staff01.anm	4	UNSUPPORTED	808	6	4	0	-1	0	0
staff01.anm	5	UNSUPPORTED	948	6	4	0	-1	0	0
staff01.anm	6	UNSUPPORTED	1024	6	4	0	-1	0	0
staff01.anm	7	UNSUPPORTED	1100	6	4	0	-1	0	0
stg1bg.anm	0	UNSUPPORTED	204	31	2	0	-1	0	0
stg1bg.anm	1	UNSUPPORTED	252	31	2	1	-1	0	0
stg1bg.anm	2	UNSUPPORTED	304	31	2	2	-1	0	0
stg1enm.anm	0	UNSUPPORTED	408	24	1	-1	-1	0	0
stg1enm.anm	1	UNSUPPORTED	740	10	1	-1	-1	0	0
stg1enm.anm	2	UNSUPPORTED	824	3	2	5	-1	0	0
stg1enm.anm	3	UNSUPPORTED	876	24	1	-1	-1	0	0
stg1enm.anm	4	UNSUPPORTED	1264	24	1	-1	-1	0	0
stg1enm.anm	5	UNSUPPORTED	1644	24	1	-1	-1	0	0
stg1txt.anm	0	UNSUPPORTED	284	6	2	1	-1	0	0
stg1txt.anm	1	UNSUPPORTED	436	6	2	0	-1	0	0
stg1txt.anm	2	UNSUPPORTED	588	6	2	2	-1	0	0
stg1txt.anm	3	UNSUPPORTED	712	6	2	3	-1	0	0
stg2bg.anm	0	UNSUPPORTED	204	31	2	0	-1	0	0
stg2bg.anm	1	UNSUPPORTED	252	31	2	1	-1	0	0
stg2bg.anm	2	UNSUPPORTED	304	31	2	2	-1	0	0
stg2enm.anm	0	UNSUPPORTED	432	24	1	-1	-1	0	0
stg2enm.anm	1	UNSUPPORTED	716	10	1	-1	-1	0	0
stg2enm.anm	2	UNSUPPORTED	800	3	2	4	-1	0	0
stg2enm.anm	3	UNSUPPORTED	852	24	1	-1	-1	0	0
stg2enm.anm	4	UNSUPPORTED	1192	24	1	-1	-1	0	0
stg2enm.anm	5	UNSUPPORTED	1524	24	1	-1	-1	0	0
stg2txt.anm	0	UNSUPPORTED	284	6	2	1	-1	0	0
stg2txt.anm	1	UNSUPPORTED	436	6	2	0	-1	0	0
stg2txt.anm	2	UNSUPPORTED	588	6	2	2	-1	0	0
stg2txt.anm	3	UNSUPPORTED	712	6	2	3	-1	0	0
stg3bg.anm	0	UNSUPPORTED	172	31	2	0	-1	0	0
stg3bg.anm	1	UNSUPPORTED	812	31	2	1	-1	0	0
stg3bg.anm	2	UNSUPPORTED	525544	31	2	2	-1	0	0
stg3bg.anm	3	UNSUPPORTED	525848	30	2	3	-1	0	0
stg3bg.anm	4	UNSUPPORTED	526468	31	2	2	-1	0	0
stg3bg.anm	5	UNSUPPORTED	526560	30	2	3	-1	0	0
stg3enm.anm	0	UNSUPPORTED	432	24	1	-1	-1	0	0
stg3enm.anm	1	UNSUPPORTED	716	10	1	-1	-1	0	0
stg3enm.anm	2	UNSUPPORTED	800	3	2	4	-1	0	0
stg3enm.anm	3	UNSUPPORTED	852	24	1	-1	-1	0	0
stg3enm.anm	4	UNSUPPORTED	1192	24	1	-1	-1	0	0
stg3enm.anm	5	UNSUPPORTED	1524	24	1	-1	-1	0	0
stg3txt.anm	0	UNSUPPORTED	284	6	2	1	-1	0	0
stg3txt.anm	1	UNSUPPORTED	436	6	2	0	-1	0	0
stg3txt.anm	2	UNSUPPORTED	588	6	2	2	-1	0	0
stg3txt.anm	3	UNSUPPORTED	712	6	2	3	-1	0	0
stg4abg.anm	0	UNSUPPORTED	236	31	2	0	-1	0	0
stg4abg.anm	1	UNSUPPORTED	300	31	2	1	-1	0	0
stg4abg.anm	2	UNSUPPORTED	352	31	2	2	-1	0	0
stg4abg.anm	3	UNSUPPORTED	404	31	2	3	-1	0	0
stg4abg.anm	4	UNSUPPORTED	524912	22	2	4	-1	0	0
stg4abg.anm	5	UNSUPPORTED	525012	9	2	4	-1	0	0
stg4abg.anm	6	UNSUPPORTED	525112	22	2	4	-1	0	0
stg4abg.anm	7	UNSUPPORTED	525212	9	2	4	-1	0	0
stg4aenm.anm	0	UNSUPPORTED	768	24	1	-1	-1	0	0
stg4aenm.anm	1	UNSUPPORTED	1052	10	1	-1	-1	0	0
stg4aenm.anm	2	UNSUPPORTED	1136	3	2	4	-1	0	0
stg4aenm.anm	3	UNSUPPORTED	1188	24	1	-1	-1	0	0
stg4aenm.anm	4	UNSUPPORTED	1528	24	1	-1	-1	0	0
stg4aenm.anm	5	UNSUPPORTED	1872	3	2	8	-1	0	0
stg4aenm.anm	6	UNSUPPORTED	1932	24	1	-1	-1	0	0
stg4aenm.anm	7	UNSUPPORTED	2228	82	1	-1	-1	0	0
stg4aenm.anm	8	UNSUPPORTED	2312	82	1	-1	-1	0	0
stg4aenm.anm	9	UNSUPPORTED	2388	82	1	-1	-1	0	0
stg4aenm.anm	10	UNSUPPORTED	2740	82	1	-1	-1	0	0
stg4aenm.anm	11	UNSUPPORTED	3084	82	1	-1	-1	0	0
stg4atxt.anm	0	UNSUPPORTED	284	6	2	1	-1	0	0
stg4atxt.anm	1	UNSUPPORTED	436	6	2	0	-1	0	0
stg4atxt.anm	2	UNSUPPORTED	588	6	2	2	-1	0	0
stg4atxt.anm	3	UNSUPPORTED	712	6	2	3	-1	0	0
stg4benm.anm	0	UNSUPPORTED	432	24	1	-1	-1	0	0
stg4benm.anm	1	UNSUPPORTED	716	10	1	-1	-1	0	0
stg4benm.anm	2	UNSUPPORTED	800	3	2	4	-1	0	0
stg4benm.anm	3	UNSUPPORTED	852	24	1	-1	-1	0	0
stg4benm.anm	4	UNSUPPORTED	1192	24	1	-1	-1	0	0
stg4benm.anm	5	UNSUPPORTED	1536	32	2	8	-1	0	0
stg4benm.anm	6	UNSUPPORTED	132996	82	2	12	-1	0	0
stg4benm.anm	7	UNSUPPORTED	133224	82	2	12	-1	0	0
stg4benm.anm	8	UNSUPPORTED	133452	82	2	12	-1	0	0
stg4benm.anm	9	UNSUPPORTED	133680	82	2	12	-1	0	0
stg4benm.anm	10	UNSUPPORTED	133908	82	2	12	-1	0	0
stg4benm.anm	11	UNSUPPORTED	134136	82	2	12	-1	0	0
stg4benm.anm	12	UNSUPPORTED	134364	82	2	12	-1	0	0
stg4benm.anm	13	UNSUPPORTED	134592	82	2	12	-1	0	0
stg4benm.anm	14	UNSUPPORTED	134820	82	2	12	-1	0	0
stg4benm.anm	15	UNSUPPORTED	135048	82	2	12	-1	0	0
stg4benm.anm	16	UNSUPPORTED	135276	82	2	12	-1	0	0
stg4benm.anm	17	UNSUPPORTED	135504	82	2	12	-1	0	0
stg4benm.anm	18	UNSUPPORTED	135732	82	2	12	-1	0	0
stg4benm.anm	19	UNSUPPORTED	135960	82	2	12	-1	0	0
stg4benm.anm	20	UNSUPPORTED	136188	82	2	12	-1	0	0
stg4benm.anm	21	UNSUPPORTED	136416	82	2	12	-1	0	0
stg4benm.anm	22	UNSUPPORTED	136644	82	2	12	-1	0	0
stg4benm.anm	23	UNSUPPORTED	136872	82	2	12	-1	0	0
stg4benm.anm	24	UNSUPPORTED	137100	82	2	12	-1	0	0
stg4benm.anm	25	UNSUPPORTED	137328	82	2	12	-1	0	0
stg4btxt.anm	0	UNSUPPORTED	284	6	2	1	-1	0	0
stg4btxt.anm	1	UNSUPPORTED	436	6	2	0	-1	0	0
stg4btxt.anm	2	UNSUPPORTED	588	6	2	2	-1	0	0
stg4btxt.anm	3	UNSUPPORTED	712	6	2	3	-1	0	0
stg5bg.anm	0	UNSUPPORTED	348	31	2	0	-1	0	0
stg5bg.anm	1	UNSUPPORTED	408	31	2	0	-1	0	0
stg5bg.anm	2	UNSUPPORTED	468	31	2	1	-1	0	0
stg5bg.anm	3	UNSUPPORTED	508	31	2	2	-1	0	0
stg5bg.anm	4	UNSUPPORTED	616	31	2	3	-1	0	0
stg5bg.anm	5	UNSUPPORTED	656	31	2	4	-1	0	0
stg5bg.anm	6	UNSUPPORTED	696	31	2	5	-1	0	0
stg5bg.anm	7	UNSUPPORTED	756	31	2	5	-1	0	0
stg5bg.anm	8	UNSUPPORTED	816	31	2	6	-1	0	0
stg5enm.anm	0	UNSUPPORTED	600	24	1	-1	-1	0	0
stg5enm.anm	1	UNSUPPORTED	704	10	1	-1	-1	0	0
stg5enm.anm	2	UNSUPPORTED	788	3	2	0	-1	0	0
stg5enm.anm	3	UNSUPPORTED	840	24	1	-1	-1	0	0
stg5enm.anm	4	UNSUPPORTED	988	24	1	-1	-1	0	0
stg5enm.anm	5	UNSUPPORTED	1140	82	2	4	-1	0	0
stg5enm.anm	6	UNSUPPORTED	1260	24	1	-1	-1	0	0
stg5enm.anm	7	UNSUPPORTED	1544	10	1	-1	-1	0	0
stg5enm.anm	8	UNSUPPORTED	1628	3	2	9	-1	0	0
stg5enm.anm	9	UNSUPPORTED	1680	24	1	-1	-1	0	0
stg5enm.anm	10	UNSUPPORTED	2020	24	1	-1	-1	0	0
stg5enm.anm	11	UNSUPPORTED	2352	24	1	-1	-1	0	0
stg5enm.anm	12	UNSUPPORTED	134012	24	1	-1	-1	0	0
stg5enm.anm	13	UNSUPPORTED	134296	10	1	-1	-1	0	0
stg5enm.anm	14	UNSUPPORTED	134380	3	2	21	-1	0	0
stg5enm.anm	15	UNSUPPORTED	134432	24	1	-1	-1	0	0
stg5enm.anm	16	UNSUPPORTED	134772	24	1	-1	-1	0	0
stg5enm.anm	17	UNSUPPORTED	135104	24	1	-1	-1	0	0
stg5txt.anm	0	UNSUPPORTED	284	6	2	1	-1	0	0
stg5txt.anm	1	UNSUPPORTED	448	6	2	0	-1	0	0
stg5txt.anm	2	UNSUPPORTED	612	6	2	2	-1	0	0
stg5txt.anm	3	UNSUPPORTED	748	6	2	3	-1	0	0
stg6bg.anm	0	UNSUPPORTED	348	31	2	0	-1	0	0
stg6bg.anm	1	UNSUPPORTED	408	31	2	0	-1	0	0
stg6bg.anm	2	UNSUPPORTED	468	31	2	1	-1	0	0
stg6bg.anm	3	UNSUPPORTED	508	31	2	2	-1	0	0
stg6bg.anm	4	UNSUPPORTED	616	31	2	1	-1	0	0
stg6bg.anm	5	UNSUPPORTED	676	31	2	4	-1	0	0
stg6bg.anm	6	UNSUPPORTED	716	31	2	5	-1	0	0
stg6bg.anm	7	UNSUPPORTED	776	31	2	5	-1	0	0
stg6bg.anm	8	UNSUPPORTED	836	31	2	6	-1	0	0
stg6bg.anm	9	UNSUPPORTED	1049680	22	2	7	-1	0	0
stg6bg.anm	10	UNSUPPORTED	1049792	22	2	7	-1	0	0
stg6bg.anm	11	UNSUPPORTED	1049876	22	2	7	-1	0	0
stg6bg.anm	12	UNSUPPORTED	2098684	22	2	8	-1	0	0
stg6bg.anm	13	UNSUPPORTED	2098804	22	2	8	-1	0	0
stg6bg.anm	14	UNSUPPORTED	2361200	22	2	9	-1	0	0
stg6bg.anm	15	UNSUPPORTED	2361320	22	2	9	-1	0	0
stg6bg.anm	16	UNSUPPORTED	2623716	22	2	10	-1	0	0
stg6bg.anm	17	UNSUPPORTED	2623836	22	2	10	-1	0	0
stg6enm.anm	0	UNSUPPORTED	464	24	1	-1	-1	0	0
stg6enm.anm	1	UNSUPPORTED	748	10	1	-1	-1	0	0
stg6enm.anm	2	UNSUPPORTED	832	3	2	4	-1	0	0
stg6enm.anm	3	UNSUPPORTED	884	24	1	-1	-1	0	0
stg6enm.anm	4	UNSUPPORTED	1224	24	1	-1	-1	0	0
stg6enm.anm	5	UNSUPPORTED	1556	24	1	-1	-1	0	0
stg6enm.anm	6	UNSUPPORTED	1640	24	1	-1	-1	0	0
stg6txt.anm	0	UNSUPPORTED	308	6	2	1	-1	0	0
stg6txt.anm	1	UNSUPPORTED	472	6	2	0	-1	0	0
stg6txt.anm	2	UNSUPPORTED	636	6	2	2	-1	0	0
stg6txt.anm	3	UNSUPPORTED	772	6	2	3	-1	0	0
stg7bg.anm	0	UNSUPPORTED	348	31	2	0	-1	0	0
stg7bg.anm	1	UNSUPPORTED	408	31	2	0	-1	0	0
stg7bg.anm	2	UNSUPPORTED	468	31	2	1	-1	0	0
stg7bg.anm	3	UNSUPPORTED	508	31	2	2	-1	0	0
stg7bg.anm	4	UNSUPPORTED	616	31	2	1	-1	0	0
stg7bg.anm	5	UNSUPPORTED	676	31	2	4	-1	0	0
stg7bg.anm	6	UNSUPPORTED	716	31	2	5	-1	0	0
stg7bg.anm	7	UNSUPPORTED	776	31	2	5	-1	0	0
stg7bg.anm	8	UNSUPPORTED	836	31	2	6	-1	0	0
stg7bg.anm	9	UNSUPPORTED	1049672	22	2	7	-1	0	0
stg7bg.anm	10	UNSUPPORTED	1049772	22	2	7	-1	0	0
stg7bg.anm	11	UNSUPPORTED	2098604	9	5	8	-1	0	0
stg7bg.anm	12	UNSUPPORTED	2230240	9	5	9	-1	0	0
stg7enm.anm	0	UNSUPPORTED	464	24	1	-1	-1	0	0
stg7enm.anm	1	UNSUPPORTED	748	10	1	-1	-1	0	0
stg7enm.anm	2	UNSUPPORTED	832	3	2	4	-1	0	0
stg7enm.anm	3	UNSUPPORTED	884	24	1	-1	-1	0	0
stg7enm.anm	4	UNSUPPORTED	1224	24	1	-1	-1	0	0
stg7enm.anm	5	UNSUPPORTED	1556	24	1	-1	-1	0	0
stg7enm.anm	6	UNSUPPORTED	1640	24	1	-1	-1	0	0
stg7enm.anm	7	UNSUPPORTED	133336	24	1	-1	-1	0	0
stg7enm.anm	8	UNSUPPORTED	133620	10	1	-1	-1	0	0
stg7enm.anm	9	UNSUPPORTED	133704	3	2	17	-1	0	0
stg7enm.anm	10	UNSUPPORTED	133756	24	1	-1	-1	0	0
stg7enm.anm	11	UNSUPPORTED	134096	24	1	-1	-1	0	0
stg7enm.anm	12	UNSUPPORTED	134428	24	1	-1	-1	0	0
stg7txt.anm	0	UNSUPPORTED	308	6	2	1	-1	0	0
stg7txt.anm	1	UNSUPPORTED	472	6	2	0	-1	0	0
stg7txt.anm	2	UNSUPPORTED	636	6	2	2	-1	0	0
stg7txt.anm	3	UNSUPPORTED	772	6	2	3	-1	0	0
stg8bg.anm	0	UNSUPPORTED	236	31	2	0	-1	0	0
stg8bg.anm	1	UNSUPPORTED	300	31	2	1	-1	0	0
stg8bg.anm	2	UNSUPPORTED	352	31	2	2	-1	0	0
stg8bg.anm	3	UNSUPPORTED	404	31	2	3	-1	0	0
stg8bg.anm	4	UNSUPPORTED	524912	22	2	4	-1	0	0
stg8bg.anm	5	UNSUPPORTED	525012	9	2	4	-1	0	0
stg8bg.anm	6	UNSUPPORTED	525112	22	2	4	-1	0	0
stg8bg.anm	7	UNSUPPORTED	525192	9	2	4	-1	0	0
stg8enm.anm	0	UNSUPPORTED	432	24	1	-1	-1	0	0
stg8enm.anm	1	UNSUPPORTED	716	10	1	-1	-1	0	0
stg8enm.anm	2	UNSUPPORTED	800	3	2	4	-1	0	0
stg8enm.anm	3	UNSUPPORTED	852	24	1	-1	-1	0	0
stg8enm.anm	4	UNSUPPORTED	1192	24	1	-1	-1	0	0
stg8enm.anm	5	UNSUPPORTED	1536	3	2	8	-1	0	0
stg8enm.anm	6	UNSUPPORTED	133124	24	1	-1	-1	0	0
stg8enm.anm	7	UNSUPPORTED	133408	10	1	-1	-1	0	0
stg8enm.anm	8	UNSUPPORTED	133492	3	2	16	-1	0	0
stg8enm.anm	9	UNSUPPORTED	133544	24	1	-1	-1	0	0
stg8enm.anm	10	UNSUPPORTED	133884	24	1	-1	-1	0	0
stg8enm.anm	11	UNSUPPORTED	134228	3	2	20	-1	0	0
stg8enm.anm	12	UNSUPPORTED	134320	3	3	20	-1	0	0
stg8enm.anm	13	UNSUPPORTED	265720	4	6	24	-1	0	0
stg8enm.anm	14	UNSUPPORTED	265756	82	2	24	-1	0	0
stg8enm.anm	15	UNSUPPORTED	265928	4	2	24	-1	0	0
stg8enm.anm	16	UNSUPPORTED	265964	82	2	24	-1	0	0
stg8enm.anm	17	UNSUPPORTED	266084	82	2	24	-1	0	0
stg8enm.anm	18	UNSUPPORTED	266256	82	2	24	-1	0	0
stg8txt.anm	0	UNSUPPORTED	308	6	2	1	-1	0	0
stg8txt.anm	1	UNSUPPORTED	460	6	2	0	-1	0	0
stg8txt.anm	2	UNSUPPORTED	612	6	2	2	-1	0	0
stg8txt.anm	3	UNSUPPORTED	736	6	2	3	-1	0	0
stgenm_al.anm	0	UNSUPPORTED	456	24	1	-1	-1	0	0
stgenm_al.anm	1	UNSUPPORTED	740	10	1	-1	-1	0	0
stgenm_al.anm	2	UNSUPPORTED	836	3	2	4	-1	0	0
stgenm_al.anm	3	UNSUPPORTED	900	24	1	-1	-1	0	0
stgenm_al.anm	4	UNSUPPORTED	1252	24	1	-1	-1	0	0
stgenm_al.anm	5	UNSUPPORTED	1608	3	2	9	-1	0	0
stgenm_rm.anm	0	UNSUPPORTED	216	24	1	-1	-1	0	0
stgenm_rm.anm	1	UNSUPPORTED	320	10	1	-1	-1	0	0
stgenm_rm.anm	2	UNSUPPORTED	380	3	2	1	-1	0	0
stgenm_rm.anm	3	UNSUPPORTED	408	24	1	-1	-1	0	0
stgenm_rm.anm	4	UNSUPPORTED	544	24	1	-1	-1	0	0
stgenm_rm.anm	5	UNSUPPORTED	684	4	2	0	-1	0	0
stgenm_sk.anm	0	UNSUPPORTED	432	24	1	-1	-1	0	0
stgenm_sk.anm	1	UNSUPPORTED	716	10	1	-1	-1	0	0
stgenm_sk.anm	2	UNSUPPORTED	800	3	2	4	-1	0	0
stgenm_sk.anm	3	UNSUPPORTED	852	24	1	-1	-1	0	0
stgenm_sk.anm	4	UNSUPPORTED	1192	24	1	-1	-1	0	0
stgenm_sk.anm	5	UNSUPPORTED	1536	3	2	8	-1	0	0
stgenm_yk.anm	0	UNSUPPORTED	736	13	3	9	-1	0	0
stgenm_yk.anm	1	UNSUPPORTED	828	13	5	9	-1	0	0
stgenm_yk.anm	2	UNSUPPORTED	864	24	1	-1	-1	0	0
stgenm_yk.anm	3	UNSUPPORTED	968	24	1	-1	-1	0	0
stgenm_yk.anm	4	UNSUPPORTED	1076	24	1	-1	-1	0	0
stgenm_yk.anm	5	UNSUPPORTED	1184	24	1	-1	-1	0	0
stgenm_yk.anm	6	UNSUPPORTED	1352	24	1	-1	-1	0	0
stgenm_yk.anm	7	UNSUPPORTED	1520	24	1	-1	-1	0	0
stgenm_yk.anm	8	UNSUPPORTED	1684	12	1	-1	-1	0	0
stgenm_yk.anm	9	UNSUPPORTED	1912	12	1	-1	-1	0	0
stgenm_yk.anm	10	UNSUPPORTED	2088	12	1	-1	-1	0	0
stgenm_yk.anm	11	UNSUPPORTED	2244	12	1	-1	-1	0	0
stgenm_yk.anm	12	UNSUPPORTED	2516	12	1	-1	-1	0	0
stgenm_yk.anm	13	UNSUPPORTED	2780	12	1	-1	-1	0	0
stgenm_yk.anm	14	UNSUPPORTED	2912	12	1	-1	-1	0	0
stgenm_yk.anm	15	UNSUPPORTED	3116	12	1	-1	-1	0	0
stgenm_yk.anm	16	UNSUPPORTED	3332	12	1	-1	-1	0	0
stgenm_ym.anm	0	UNSUPPORTED	592	24	1	-1	-1	0	0
stgenm_ym.anm	1	UNSUPPORTED	888	3	2	4	-1	0	0
stgenm_ym.anm	2	UNSUPPORTED	952	3	2	8	-1	0	0
stgenm_ym.anm	3	UNSUPPORTED	1004	24	1	-1	-1	0	0
stgenm_ym.anm	4	UNSUPPORTED	1336	24	1	-1	-1	0	0
stgenm_ym.anm	5	UNSUPPORTED	1668	24	1	-1	-1	0	0
stgenm_ym.anm	6	UNSUPPORTED	1804	24	1	-1	-1	0	0
stgenm_ym.anm	7	UNSUPPORTED	1956	82	6	17	-1	0	0
stgenm_yy.anm	0	UNSUPPORTED	384	24	1	-1	-1	0	0
stgenm_yy.anm	1	UNSUPPORTED	488	10	1	-1	-1	0	0
stgenm_yy.anm	2	UNSUPPORTED	596	24	1	-1	-1	0	0
stgenm_yy.anm	3	UNSUPPORTED	696	10	1	-1	-1	0	0
stgenm_yy.anm	4	UNSUPPORTED	864	24	1	-1	-1	0	0
stgenm_yy.anm	5	UNSUPPORTED	1024	24	1	-1	-1	0	0
stgenm_yy.anm	6	UNSUPPORTED	1152	32	3	7	-1	0	0
stgenm_yy.anm	7	UNSUPPORTED	1260	24	1	-1	-1	0	0
stgenm_yy.anm	8	UNSUPPORTED	1484	24	2	8	-1	0	0
text.anm	0	UNSUPPORTED	1228	22	2	0	-1	0	0
text.anm	1	UNSUPPORTED	1312	22	2	1	-1	0	0
text.anm	2	UNSUPPORTED	1396	6	2	2	-1	0	0
text.anm	3	UNSUPPORTED	1488	6	2	3	-1	0	0
text.anm	4	UNSUPPORTED	1580	30	2	4	-1	0	0
text.anm	5	UNSUPPORTED	1784	6	2	5	-1	0	0
text.anm	6	UNSUPPORTED	2000	6	2	5	-1	0	0
text.anm	7	UNSUPPORTED	2192	6	2	5	-1	0	0
text.anm	8	UNSUPPORTED	2336	6	2	5	-1	0	0
text.anm	9	UNSUPPORTED	2480	6	2	21	-1	0	0
text.anm	10	UNSUPPORTED	2612	22	2	21	-1	0	0
text.anm	11	UNSUPPORTED	2824	22	2	22	-1	0	0
text.anm	12	UNSUPPORTED	3036	22	2	23	-1	0	0
text.anm	13	UNSUPPORTED	3248	22	2	24	-1	0	0
text.anm	14	UNSUPPORTED	3460	22	2	25	-1	0	0
text.anm	15	UNSUPPORTED	3672	22	2	26	-1	0	0
text.anm	16	UNSUPPORTED	3884	22	2	27	-1	0	0
text.anm	17	UNSUPPORTED	4096	22	2	28	-1	0	0
text.anm	18	UNSUPPORTED	4308	22	2	21	-1	0	0
text.anm	19	UNSUPPORTED	4480	22	2	22	-1	0	0
text.anm	20	UNSUPPORTED	4652	22	2	23	-1	0	0
text.anm	21	UNSUPPORTED	4824	22	2	24	-1	0	0
text.anm	22	UNSUPPORTED	4996	22	2	25	-1	0	0
text.anm	23	UNSUPPORTED	5168	22	2	26	-1	0	0
text.anm	24	UNSUPPORTED	5340	22	2	27	-1	0	0
text.anm	25	UNSUPPORTED	5512	22	2	28	-1	0	0
text.anm	26	UNSUPPORTED	5684	22	2	29	-1	0	0
text.anm	27	UNSUPPORTED	5856	22	2	30	-1	0	0
text.anm	28	UNSUPPORTED	6028	22	2	31	-1	0	0
text.anm	29	UNSUPPORTED	6200	22	2	32	-1	0	0
text.anm	30	UNSUPPORTED	6372	22	2	33	-1	0	0
text.anm	31	UNSUPPORTED	6544	22	2	34	-1	0	0
text.anm	32	UNSUPPORTED	6716	22	2	35	-1	0	0
text.anm	33	UNSUPPORTED	6888	21	2	21	-1	0	0
times.anm	0	UNSUPPORTED	516	6	2	0	-1	0	0
times.anm	1	UNSUPPORTED	684	6	2	0	-1	0	0
times.anm	2	UNSUPPORTED	892	6	2	0	-1	0	0
title01.anm	0	UNSUPPORTED	140	22	2	0	-1	0	0
title01.anm	1	UNSUPPORTED	265656	22	2	1	-1	0	0
title01.anm	2	UNSUPPORTED	265988	22	2	3	-1	0	0
title01.anm	3	UNSUPPORTED	266320	22	2	13	-1	0	0
title01.anm	4	UNSUPPORTED	266652	22	2	5	-1	0	0
title01.anm	5	UNSUPPORTED	266984	22	2	7	-1	0	0
title01.anm	6	UNSUPPORTED	267316	22	2	9	-1	0	0
title01.anm	7	UNSUPPORTED	267648	22	2	11	-1	0	0
title01.anm	8	UNSUPPORTED	267980	22	2	15	-1	0	0
title01.anm	9	UNSUPPORTED	268312	22	2	17	-1	0	0
title01.anm	10	UNSUPPORTED	268644	22	2	19	-1	0	0
title01.anm	11	UNSUPPORTED	268888	22	2	21	-1	0	0
title01.anm	12	UNSUPPORTED	269132	22	2	23	-1	0	0
title01.anm	13	UNSUPPORTED	269376	22	2	37	-1	0	0
title01.anm	14	UNSUPPORTED	269620	22	2	25	-1	0	0
title01.anm	15	UNSUPPORTED	269864	22	2	27	-1	0	0
title01.anm	16	UNSUPPORTED	270108	22	2	29	-1	0	0
title01.anm	17	UNSUPPORTED	270352	22	2	31	-1	0	0
title01.anm	18	UNSUPPORTED	270596	22	2	33	-1	0	0
title01.anm	19	UNSUPPORTED	270840	22	2	35	-1	0	0
title01.anm	20	UNSUPPORTED	271084	22	2	41	-1	0	0
title01.anm	21	UNSUPPORTED	271328	22	2	43	-1	0	0
title01.anm	22	UNSUPPORTED	271572	22	2	45	-1	0	0
title01.anm	23	UNSUPPORTED	271816	22	2	47	-1	0	0
title01.anm	24	UNSUPPORTED	272060	22	2	49	-1	0	0
title01.anm	25	UNSUPPORTED	272304	22	2	51	-1	0	0
title01.anm	26	UNSUPPORTED	272548	22	2	53	-1	0	0
title01.anm	27	UNSUPPORTED	272792	22	2	61	-1	0	0
title01.anm	28	UNSUPPORTED	273036	22	2	59	-1	0	0
title01.anm	29	UNSUPPORTED	273280	22	2	67	-1	0	0
title01.anm	30	UNSUPPORTED	273524	22	2	69	-1	0	0
title01.anm	31	UNSUPPORTED	273768	22	2	71	-1	0	0
title01.anm	32	UNSUPPORTED	274012	22	2	41	-1	0	0
title01.anm	33	UNSUPPORTED	274256	22	2	39	-1	0	0
title01.anm	34	UNSUPPORTED	274500	22	2	39	-1	0	0
title01.anm	35	UNSUPPORTED	274744	22	2	63	-1	0	0
title01.anm	36	UNSUPPORTED	274988	22	2	41	-1	0	0
title01.anm	37	UNSUPPORTED	275232	22	2	39	-1	0	0
title01.anm	38	UNSUPPORTED	275476	22	2	39	-1	0	0
title01.anm	39	UNSUPPORTED	275720	22	2	63	-1	0	0
title01.anm	40	UNSUPPORTED	275964	22	2	75	-1	0	0
title01.anm	41	UNSUPPORTED	276208	22	2	73	-1	0	0
title01.anm	42	UNSUPPORTED	276452	22	2	67	-1	0	0
title01.anm	43	UNSUPPORTED	276696	22	2	65	-1	0	0
title01.anm	44	UNSUPPORTED	276940	22	2	33	-1	0	0
title01.anm	45	UNSUPPORTED	277184	22	2	77	-1	0	0
title01.anm	46	UNSUPPORTED	277428	22	2	79	-1	0	0
title01.anm	47	UNSUPPORTED	277672	22	2	81	-1	0	0
title01.anm	48	UNSUPPORTED	277916	22	2	83	-1	0	0
title01.anm	49	UNSUPPORTED	278160	22	2	89	-1	0	0
title01.anm	50	UNSUPPORTED	278404	22	2	85	-1	0	0
title01.anm	51	UNSUPPORTED	278648	22	2	91	-1	0	0
title01.anm	52	UNSUPPORTED	278892	22	2	93	-1	0	0
title01.anm	53	UNSUPPORTED	279136	22	2	95	-1	0	0
title01.anm	54	UNSUPPORTED	279380	22	2	87	-1	0	0
title01.anm	55	UNSUPPORTED	279624	22	2	97	-1	0	0
title01.anm	56	UNSUPPORTED	279868	22	2	99	-1	0	0
title01.anm	57	UNSUPPORTED	280112	22	2	39	-1	0	0
title01.anm	58	UNSUPPORTED	280356	22	2	39	-1	0	0
title01.anm	59	UNSUPPORTED	280600	22	2	39	-1	0	0
title01.anm	60	UNSUPPORTED	280844	22	2	39	-1	0	0
title01.anm	61	UNSUPPORTED	281088	22	2	39	-1	0	0
title01.anm	62	UNSUPPORTED	281332	22	2	39	-1	0	0
title01.anm	63	UNSUPPORTED	281576	22	2	39	-1	0	0
title01.anm	64	UNSUPPORTED	281820	22	2	39	-1	0	0
title01.anm	65	UNSUPPORTED	282064	22	2	39	-1	0	0
title01.anm	66	UNSUPPORTED	282308	22	2	39	-1	0	0
title01.anm	67	UNSUPPORTED	282552	22	2	39	-1	0	0
title01.anm	68	UNSUPPORTED	282796	22	2	39	-1	0	0
title01.anm	69	UNSUPPORTED	283040	22	2	39	-1	0	0
title01.anm	70	UNSUPPORTED	283284	22	2	39	-1	0	0
title01.anm	71	UNSUPPORTED	283528	22	2	39	-1	0	0
title01.anm	72	UNSUPPORTED	283772	22	2	39	-1	0	0
title01.anm	73	UNSUPPORTED	284016	22	2	39	-1	0	0
title01.anm	74	UNSUPPORTED	284260	22	2	39	-1	0	0
title01.anm	75	UNSUPPORTED	284504	22	2	67	-1	0	0
title01.anm	76	UNSUPPORTED	284748	22	2	65	-1	0	0
title01.anm	77	UNSUPPORTED	809976	6	2	101	-1	0	0
title01.anm	78	UNSUPPORTED	810148	6	2	110	-1	0	0
title01.anm	79	UNSUPPORTED	810292	6	2	110	-1	0	0
title01.anm	80	UNSUPPORTED	810476	6	2	110	-1	0	0
title01.anm	81	UNSUPPORTED	810692	6	2	110	-1	0	0
title01.anm	82	UNSUPPORTED	810908	6	2	110	-1	0	0
title01.anm	83	UNSUPPORTED	811124	6	2	110	-1	0	0
title01.anm	84	UNSUPPORTED	811340	6	2	110	-1	0	0
title01.anm	85	UNSUPPORTED	811556	6	2	110	-1	0	0
title01.anm	86	UNSUPPORTED	811772	6	2	110	-1	0	0
title01.anm	87	UNSUPPORTED	811988	6	2	110	-1	0	0
title01.anm	88	UNSUPPORTED	812204	6	2	110	-1	0	0
title01.anm	89	UNSUPPORTED	812420	6	2	110	-1	0	0
title01.anm	90	UNSUPPORTED	812636	6	2	110	-1	0	0
title01.anm	91	UNSUPPORTED	812852	6	2	110	-1	0	0
title01.anm	92	UNSUPPORTED	813068	6	2	110	-1	0	0
title01.anm	93	UNSUPPORTED	813284	6	2	110	-1	0	0
title01.anm	94	UNSUPPORTED	813500	6	2	110	-1	0	0
title01.anm	95	UNSUPPORTED	813716	6	2	110	-1	0	0
title01.anm	96	UNSUPPORTED	813880	6	2	110	-1	0	0
title01.anm	97	UNSUPPORTED	814044	6	2	110	-1	0	0
title01.anm	98	UNSUPPORTED	814208	6	2	110	-1	0	0
title01.anm	99	UNSUPPORTED	814372	6	2	110	-1	0	0
title01.anm	100	UNSUPPORTED	814536	6	2	110	-1	0	0
title01.anm	101	UNSUPPORTED	814700	6	2	110	-1	0	0
title01.anm	102	UNSUPPORTED	814864	6	2	110	-1	0	0
title01.anm	103	UNSUPPORTED	815028	6	2	110	-1	0	0
title01.anm	104	UNSUPPORTED	815192	6	2	110	-1	0	0
title01.anm	105	UNSUPPORTED	815356	6	2	110	-1	0	0
title01.anm	106	UNSUPPORTED	815520	6	2	110	-1	0	0
title01.anm	107	UNSUPPORTED	815684	6	2	110	-1	0	0
title01.anm	108	UNSUPPORTED	815848	6	2	111	-1	0	0
title01.anm	109	UNSUPPORTED	816136	6	2	112	-1	0	0
title01.anm	110	UNSUPPORTED	816424	6	2	113	-1	0	0
title01.anm	111	UNSUPPORTED	947928	30	2	114	-1	0	0
title01.anm	112	UNSUPPORTED	1472908	30	2	115	-1	0	0
title01.anm	113	UNSUPPORTED	1997888	30	2	116	-1	0	0
title01.anm	114	UNSUPPORTED	2522868	30	2	117	-1	0	0
title01.anm	115	UNSUPPORTED	3047848	30	2	118	-1	0	0
title01.anm	116	UNSUPPORTED	3572828	30	2	119	-1	0	0
title01.anm	117	UNSUPPORTED	4097808	30	2	120	-1	0	0
title01.anm	118	UNSUPPORTED	4622788	30	2	121	-1	0	0
title01.anm	119	UNSUPPORTED	5147768	30	2	122	-1	0	0
title01.anm	120	UNSUPPORTED	5279340	30	2	123	-1	0	0
title01.anm	121	UNSUPPORTED	5410912	30	2	124	-1	0	0
title01.anm	122	UNSUPPORTED	5542484	30	2	125	-1	0	0
title01.anm	123	UNSUPPORTED	5674056	30	2	126	-1	0	0
title01.anm	124	UNSUPPORTED	5805628	30	2	127	-1	0	0
title01.anm	125	UNSUPPORTED	5937200	30	2	128	-1	0	0
title01.anm	126	UNSUPPORTED	6068772	30	2	129	-1	0	0
title01.anm	127	UNSUPPORTED	6200344	30	2	130	-1	0	0
title01.anm	128	UNSUPPORTED	6331916	30	2	131	-1	0	0
title01.anm	129	UNSUPPORTED	6463488	30	2	132	-1	0	0
title01.anm	130	UNSUPPORTED	6595060	30	2	133	-1	0	0
title01.anm	131	UNSUPPORTED	6727072	22	2	134	-1	0	0
title01.anm	132	UNSUPPORTED	6727548	22	2	136	-1	0	0
title01.anm	133	UNSUPPORTED	6728024	22	2	138	-1	0	0
title01.anm	134	UNSUPPORTED	6728500	22	2	140	-1	0	0
title01.anm	135	UNSUPPORTED	6728976	22	2	142	-1	0	0
title01.anm	136	UNSUPPORTED	7254020	30	2	152	-1	0	0
title01.anm	137	UNSUPPORTED	7254268	30	2	153	-1	0	0
title01.anm	138	UNSUPPORTED	7254504	30	2	154	-1	0	0
title01.anm	139	UNSUPPORTED	7254728	30	2	155	-1	0	0
title01.anm	140	UNSUPPORTED	7254964	30	2	156	-1	0	0
title01.anm	141	UNSUPPORTED	7255188	30	2	155	-1	0	0
