file	index	entry	raw_id	offset	x	y	width	height
ascii.anm	0	0	0	832	0	0	8	8
ascii.anm	1	0	1	852	8	0	8	8
ascii.anm	2	0	2	872	16	0	8	8
ascii.anm	3	0	3	892	24	0	8	8
ascii.anm	4	0	4	912	32	0	8	8
ascii.anm	5	0	5	932	40	0	8	8
ascii.anm	6	0	6	952	48	0	8	8
ascii.anm	7	0	7	972	56	0	8	8
ascii.anm	8	0	8	992	64	0	8	8
ascii.anm	9	0	9	1012	72	0	8	8
ascii.anm	10	0	10	1032	80	0	48	8
ascii.anm	11	0	11	1052	128	0	8	8
ascii.anm	12	0	12	1072	136	0	8	8
ascii.anm	13	0	13	1092	144	0	8	8
ascii.anm	14	0	14	1112	152	0	8	8
ascii.anm	15	0	15	1132	160	0	8	8
ascii.anm	16	0	16	1152	168	0	8	8
ascii.anm	17	0	17	1172	176	0	8	8
ascii.anm	18	0	18	1192	184	0	8	8
ascii.anm	19	0	19	1212	192	0	8	8
ascii.anm	20	0	20	1232	200	0	8	8
ascii.anm	21	0	21	1252	128	8	8	8
ascii.anm	22	0	22	1272	136	8	8	8
ascii.anm	23	0	23	1292	144	8	8	8
ascii.anm	24	0	24	1312	152	8	8	8
ascii.anm	25	0	25	1332	160	8	8	8
ascii.anm	26	0	26	1352	168	8	8	8
ascii.anm	27	0	27	1372	176	8	8	8
ascii.anm	28	0	28	1392	184	8	8	8
ascii.anm	29	0	29	1412	192	8	8	8
ascii.anm	30	0	30	1432	200	8	8	8
ascii.anm	31	0	31	1452	0	32	16	16
ascii.anm	32	0	32	1472	16	32	16	16
ascii.anm	33	0	33	1492	32	32	16	16
ascii.anm	34	0	34	1512	48	32	16	16
ascii.anm	35	0	35	1532	64	32	16	16
ascii.anm	36	0	36	1552	80	32	16	16
ascii.anm	37	0	37	1572	96	32	16	16
ascii.anm	38	0	38	1592	112	32	16	16
ascii.anm	39	0	39	1612	128	32	16	16
ascii.anm	40	0	40	1632	144	32	16	16
ascii.anm	41	0	41	1652	160	32	16	16
ascii.anm	42	0	42	1672	176	32	16	16
ascii.anm	43	0	43	1692	192	32	16	16
ascii.anm	44	0	44	1712	208	32	16	16
ascii.anm	45	0	45	1732	224	32	16	16
ascii.anm	46	0	46	1752	240	32	16	16
ascii.anm	47	0	47	1772	0	48	16	16
ascii.anm	48	0	48	1792	16	48	16	16
ascii.anm	49	0	49	1812	32	48	16	16
ascii.anm	50	0	50	1832	48	48	16	16
ascii.anm	51	0	51	1852	64	48	16	16
ascii.anm	52	0	52	1872	80	48	16	16
ascii.anm	53	0	53	1892	96	48	16	16
ascii.anm	54	0	54	1912	112	48	16	16
ascii.anm	55	0	55	1932	128	48	16	16
ascii.anm	56	0	56	1952	144	48	16	16
ascii.anm	57	0	57	1972	160	48	16	16
ascii.anm	58	0	58	1992	176	48	16	16
ascii.anm	59	0	59	2012	192	48	16	16
ascii.anm	60	0	60	2032	208	48	16	16
ascii.anm	61	0	61	2052	224	48	16	16
ascii.anm	62	0	62	2072	240	48	16	16
ascii.anm	63	0	63	2092	0	64	16	16
ascii.anm	64	0	64	2112	16	64	16	16
ascii.anm	65	0	65	2132	32	64	16	16
ascii.anm	66	0	66	2152	48	64	16	16
ascii.anm	67	0	67	2172	64	64	16	16
ascii.anm	68	0	68	2192	80	64	16	16
ascii.anm	69	0	69	2212	96	64	16	16
ascii.anm	70	0	70	2232	112	64	16	16
ascii.anm	71	0	71	2252	128	64	16	16
ascii.anm	72	0	72	2272	144	64	16	16
ascii.anm	73	0	73	2292	160	64	16	16
ascii.anm	74	0	74	2312	176	64	16	16
ascii.anm	75	0	75	2332	192	64	16	16
ascii.anm	76	0	76	2352	208	64	16	16
ascii.anm	77	0	77	2372	224	64	16	16
ascii.anm	78	0	78	2392	240	64	16	16
ascii.anm	79	0	79	2412	0	80	16	16
ascii.anm	80	0	80	2432	16	80	16	16
ascii.anm	81	0	81	2452	32	80	16	16
ascii.anm	82	0	82	2472	48	80	16	16
ascii.anm	83	0	83	2492	64	80	16	16
ascii.anm	84	0	84	2512	80	80	16	16
ascii.anm	85	0	85	2532	96	80	16	16
ascii.anm	86	0	86	2552	112	80	16	16
ascii.anm	87	0	87	2572	128	80	16	16
ascii.anm	88	0	88	2592	144	80	16	16
ascii.anm	89	0	89	2612	160	80	16	16
ascii.anm	90	0	90	2632	176	80	16	16
ascii.anm	91	0	91	2652	192	80	16	16
ascii.anm	92	0	92	2672	208	80	16	16
ascii.anm	93	0	93	2692	224	80	16	16
ascii.anm	94	0	94	2712	240	80	16	16
ascii.anm	95	0	95	2732	0	96	16	16
ascii.anm	96	0	96	2752	16	96	16	16
ascii.anm	97	0	97	2772	32	96	16	16
ascii.anm	98	0	98	2792	48	96	16	16
ascii.anm	99	0	99	2812	64	96	16	16
ascii.anm	100	0	100	2832	80	96	16	16
ascii.anm	101	0	101	2852	96	96	16	16
ascii.anm	102	0	102	2872	112	96	16	16
ascii.anm	103	0	103	2892	128	96	16	16
ascii.anm	104	0	104	2912	144	96	16	16
ascii.anm	105	0	105	2932	160	96	16	16
ascii.anm	106	0	106	2952	176	96	16	16
ascii.anm	107	0	107	2972	192	96	16	16
ascii.anm	108	0	108	2992	208	96	16	16
ascii.anm	109	0	109	3012	224	96	16	16
ascii.anm	110	0	110	3032	240	96	16	16
ascii.anm	111	0	111	3052	0	112	16	16
ascii.anm	112	0	112	3072	16	112	16	16
ascii.anm	113	0	113	3092	32	112	16	16
ascii.anm	114	0	114	3112	48	112	16	16
ascii.anm	115	0	115	3132	64	112	16	16
ascii.anm	116	0	116	3152	80	112	16	16
ascii.anm	117	0	117	3172	96	112	16	16
ascii.anm	118	0	118	3192	112	112	16	16
ascii.anm	119	0	119	3212	128	112	16	16
ascii.anm	120	0	120	3232	144	112	16	16
ascii.anm	121	0	121	3252	160	112	16	16
ascii.anm	122	0	122	3272	176	112	16	16
ascii.anm	123	0	123	3292	192	112	16	16
ascii.anm	124	0	124	3312	208	112	16	16
ascii.anm	125	0	125	3332	224	112	16	16
ascii.anm	126	0	126	3352	240	112	16	16
ascii.anm	127	0	127	3372	224	16	16	16
ascii.anm	128	0	128	3392	240	16	16	16
ascii.anm	129	0	129	3412	0	16	48	16
ascii.anm	130	0	130	3432	48	16	48	16
ascii.anm	131	0	131	3452	96	16	48	16
ascii.anm	132	0	132	3472	144	16	48	16
ascii.anm	133	0	133	3492	0	128	256	32
ascii.anm	134	0	134	3512	0	160	256	32
ascii.anm	135	0	135	3532	0	192	144	16
ascii.anm	136	0	136	3552	0	208	8	12
ascii.anm	137	0	137	3572	8	208	8	12
ascii.anm	138	0	138	3592	16	208	8	12
ascii.anm	139	0	139	3612	24	208	8	12
ascii.anm	140	0	140	3632	32	208	8	12
ascii.anm	141	0	141	3652	40	208	8	12
ascii.anm	142	0	142	3672	48	208	8	12
ascii.anm	143	0	143	3692	56	208	8	12
ascii.anm	144	0	144	3712	64	208	8	12
ascii.anm	145	0	145	3732	72	208	8	12
ascii.anm	146	0	146	3752	80	208	8	12
ascii.anm	147	0	147	3772	88	208	8	12
ascii.anm	148	0	148	3792	96	208	8	12
ascii.anm	149	0	149	3812	104	208	8	12
ascii.anm	150	0	150	3832	112	208	8	12
ascii.anm	151	0	151	3852	120	208	8	12
ascii.anm	152	0	152	3872	128	208	8	12
ascii.anm	153	0	153	3892	160	208	16	16
ascii.anm	154	0	154	3912	176	208	16	16
ascii.anm	155	0	155	3932	0	224	128	16
ascii.anm	156	0	156	3952	128	224	48	16
ascii.anm	157	0	157	3972	0	240	48	16
ascii.anm	158	0	158	3992	48	240	48	16
ascii.anm	159	0	159	4012	144	224	112	32
ascii.anm	160	1	160	137732	0	0	8	8
ascii.anm	161	1	161	137752	8	0	8	8
ascii.anm	162	1	162	137772	16	0	8	8
ascii.anm	163	1	163	137792	24	0	8	8
ascii.anm	164	1	164	137812	32	0	8	8
ascii.anm	165	1	165	137832	40	0	8	8
ascii.anm	166	1	166	137852	48	0	8	8
ascii.anm	167	1	167	137872	56	0	8	8
ascii.anm	168	1	168	137892	64	0	8	8
ascii.anm	169	1	169	137912	72	0	8	8
ascii.anm	170	1	170	137932	0	32	16	16
ascii.anm	171	1	171	137952	16	32	16	16
ascii.anm	172	1	172	137972	32	32	16	16
ascii.anm	173	1	173	137992	48	32	16	16
ascii.anm	174	1	174	138012	64	32	16	16
ascii.anm	175	1	175	138032	80	32	16	16
ascii.anm	176	1	176	138052	96	32	16	16
ascii.anm	177	1	177	138072	112	32	16	16
ascii.anm	178	1	178	138092	128	32	16	16
ascii.anm	179	1	179	138112	144	32	16	16
ascii.anm	180	1	180	138132	160	32	16	16
ascii.anm	181	1	181	138152	176	32	16	16
ascii.anm	182	1	182	138172	192	32	16	16
ascii.anm	183	1	183	138192	208	32	16	16
ascii.anm	184	1	184	138212	224	32	16	16
ascii.anm	185	1	185	138232	240	32	16	16
ascii.anm	186	1	186	138252	0	48	16	16
ascii.anm	187	1	187	138272	16	48	16	16
ascii.anm	188	1	188	138292	32	48	16	16
ascii.anm	189	1	189	138312	48	48	16	16
ascii.anm	190	1	190	138332	64	48	16	16
ascii.anm	191	1	191	138352	80	48	16	16
ascii.anm	192	1	192	138372	96	48	16	16
ascii.anm	193	1	193	138392	112	48	16	16
ascii.anm	194	1	194	138412	128	48	16	16
ascii.anm	195	1	195	138432	144	48	16	16
ascii.anm	196	1	196	138452	160	48	16	16
ascii.anm	197	1	197	138472	176	48	16	16
ascii.anm	198	1	198	138492	192	48	16	16
ascii.anm	199	1	199	138512	208	48	16	16
ascii.anm	200	1	200	138532	224	48	16	16
ascii.anm	201	1	201	138552	240	48	16	16
ascii.anm	202	1	202	138572	0	64	16	16
ascii.anm	203	1	203	138592	16	64	16	16
ascii.anm	204	1	204	138612	32	64	16	16
ascii.anm	205	1	205	138632	48	64	16	16
ascii.anm	206	1	206	138652	64	64	16	16
ascii.anm	207	1	207	138672	80	64	16	16
ascii.anm	208	1	208	138692	96	64	16	16
ascii.anm	209	1	209	138712	112	64	16	16
ascii.anm	210	1	210	138732	128	64	16	16
ascii.anm	211	1	211	138752	144	64	16	16
ascii.anm	212	1	212	138772	160	64	16	16
ascii.anm	213	1	213	138792	176	64	16	16
ascii.anm	214	1	214	138812	192	64	16	16
ascii.anm	215	1	215	138832	208	64	16	16
ascii.anm	216	1	216	138852	224	64	16	16
ascii.anm	217	1	217	138872	240	64	16	16
ascii.anm	218	1	218	138892	0	80	16	16
ascii.anm	219	1	219	138912	16	80	16	16
ascii.anm	220	1	220	138932	32	80	16	16
ascii.anm	221	1	221	138952	48	80	16	16
ascii.anm	222	1	222	138972	64	80	16	16
ascii.anm	223	1	223	138992	80	80	16	16
ascii.anm	224	1	224	139012	96	80	16	16
ascii.anm	225	1	225	139032	112	80	16	16
ascii.anm	226	1	226	139052	128	80	16	16
ascii.anm	227	1	227	139072	144	80	16	16
ascii.anm	228	1	228	139092	160	80	16	16
ascii.anm	229	1	229	139112	176	80	16	16
ascii.anm	230	1	230	139132	192	80	16	16
ascii.anm	231	1	231	139152	208	80	16	16
ascii.anm	232	1	232	139172	224	80	16	16
ascii.anm	233	1	233	139192	240	80	16	16
ascii.anm	234	1	234	139212	0	96	16	16
ascii.anm	235	1	235	139232	16	96	16	16
ascii.anm	236	1	236	139252	32	96	16	16
ascii.anm	237	1	237	139272	48	96	16	16
ascii.anm	238	1	238	139292	64	96	16	16
ascii.anm	239	1	239	139312	80	96	16	16
ascii.anm	240	1	240	139332	96	96	16	16
ascii.anm	241	1	241	139352	112	96	16	16
ascii.anm	242	1	242	139372	128	96	16	16
ascii.anm	243	1	243	139392	144	96	16	16
ascii.anm	244	1	244	139412	160	96	16	16
ascii.anm	245	1	245	139432	176	96	16	16
ascii.anm	246	1	246	139452	192	96	16	16
ascii.anm	247	1	247	139472	208	96	16	16
ascii.anm	248	1	248	139492	224	96	16	16
ascii.anm	249	1	249	139512	240	96	16	16
ascii.anm	250	1	250	139532	0	112	16	16
ascii.anm	251	1	251	139552	16	112	16	16
ascii.anm	252	1	252	139572	32	112	16	16
ascii.anm	253	1	253	139592	48	112	16	16
ascii.anm	254	1	254	139612	64	112	16	16
ascii.anm	255	1	255	139632	80	112	16	16
ascii.anm	256	1	256	139652	96	112	16	16
ascii.anm	257	1	257	139672	112	112	16	16
ascii.anm	258	1	258	139692	128	112	16	16
ascii.anm	259	1	259	139712	144	112	16	16
ascii.anm	260	1	260	139732	160	112	16	16
ascii.anm	261	1	261	139752	176	112	16	16
ascii.anm	262	1	262	139772	192	112	16	16
ascii.anm	263	1	263	139792	208	112	16	16
ascii.anm	264	1	264	139812	224	112	16	16
ascii.anm	265	1	265	139832	240	112	16	16
ascii.anm	266	1	266	139852	224	16	16	16
ascii.anm	267	1	267	139872	240	16	16	16
ascii.anm	268	2	268	271288	0	0	112	32
ascii.anm	269	2	269	271308	0	32	160	32
ascii.anm	270	2	270	271328	0	64	224	32
ascii.anm	271	2	271	271348	0	96	192	32
ascii.anm	272	2	272	271368	160	32	96	32
ascii.anm	273	2	273	271388	0	128	224	32
ascii.anm	274	2	274	271408	0	160	112	32
ascii.anm	275	2	275	271428	112	160	64	32
ascii.anm	276	2	276	271448	176	160	80	32
ascii.anm	277	2	277	271468	0	192	32	32
ascii.anm	278	2	278	271488	32	192	32	32
ascii.anm	279	2	279	271508	64	192	32	32
ascii.anm	280	2	280	271528	96	192	32	32
ascii.anm	281	2	281	271548	128	192	32	32
ascii.anm	282	2	282	271568	0	224	160	32
ascii.anm	283	2	283	271588	192	0	64	16
ascii.anm	284	2	284	271608	192	16	64	16
ascii.anm	285	2	285	271628	128	0	64	16
ascii.anm	286	2	286	271648	128	16	64	16
ascii.anm	287	2	287	271668	192	192	64	16
ascii.anm	288	2	288	271688	192	208	64	16
ascii.anm	289	2	289	271708	192	224	64	16
ascii.anm	290	2	290	271728	192	240	64	16
capture.anm	0	0	0	132	0	0	128	128
capture.anm	1	0	1	152	128	0	384	448
capture.anm	2	0	2	172	128	0	32	32
eff01.anm	0	0	0	108	0	0	384	448
eff01.anm	1	1	1	131428	0	0	384	448
eff02.anm	0	0	0	108	0	0	384	448
eff02.anm	1	1	1	131440	0	0	384	448
eff03.anm	0	0	0	108	0	0	256	256
eff03.anm	1	1	1	131432	0	0	384	448
eff04a.anm	0	0	0	108	0	0	256	256
eff04a.anm	1	1	1	131432	0	0	256	256
eff04b.anm	0	0	0	108	0	0	256	256
eff04b.anm	1	1	1	131432	0	0	384	448
eff05.anm	0	0	0	108	0	0	256	256
eff05.anm	1	1	1	524720	0	0	256	256
eff06.anm	0	0	0	108	0	0	256	256
eff06.anm	1	1	1	524720	0	0	256	256
eff06.anm	2	2	2	656116	0	0	384	448
eff06.anm	3	3	3	787436	0	0	256	256
eff07.anm	0	0	0	108	0	0	256	256
eff07.anm	1	1	1	524720	0	0	256	256
eff07.anm	2	2	2	656116	0	0	384	448
eff07.anm	3	3	3	787436	0	0	384	448
eff08.anm	0	0	0	108	0	0	256	256
eff08.anm	1	1	1	131432	0	0	384	448
eff08.anm	2	2	2	262764	0	0	384	448
eff08.anm	3	3	3	787288	0	0	256	256
eff09al.anm	0	0	0	108	0	0	384	448
eff09al.anm	1	1	1	131428	0	0	256	256
eff09rm.anm	0	0	0	108	0	0	256	256
eff09rm.anm	1	1	1	131596	0	0	384	448
eff09sk.anm	0	0	0	108	0	0	256	256
eff09sk.anm	1	1	1	131596	0	0	256	256
eff09yk.anm	0	0	0	108	0	0	256	256
eff09yk.anm	1	1	1	131568	0	0	256	256
eff09ym.anm	0	0	0	108	0	0	256	256
eff09ym.anm	1	1	1	131552	0	0	256	256
eff09yy.anm	0	0	0	108	0	0	384	448
eff09yy.anm	1	1	1	131428	0	0	256	256
enemy.anm	0	0	0	1532	0	0	32	32
enemy.anm	1	0	1	1552	32	0	32	32
enemy.anm	2	0	2	1572	64	0	32	32
enemy.anm	3	0	3	1592	96	0	32	32
enemy.anm	4	0	4	1612	128	0	32	32
enemy.anm	5	0	5	1632	160	0	32	32
enemy.anm	6	0	6	1652	192	0	32	32
enemy.anm	7	0	7	1672	224	0	32	32
enemy.anm	8	0	8	1692	256	0	32	32
enemy.anm	9	0	9	1712	288	0	32	32
enemy.anm	10	0	10	1732	320	0	32	32
enemy.anm	11	0	11	1752	352	0	32	32
enemy.anm	12	0	12	1772	384	0	32	32
enemy.anm	13	0	13	1792	416	0	32	32
enemy.anm	14	0	14	1812	448	0	32	32
enemy.anm	15	0	15	1832	480	0	32	32
enemy.anm	16	0	16	1852	0	32	32	32
enemy.anm	17	0	17	1872	32	32	32	32
enemy.anm	18	0	18	1892	64	32	32	32
enemy.anm	19	0	19	1912	96	32	32	32
enemy.anm	20	0	20	1932	128	32	32	32
enemy.anm	21	0	21	1952	160	32	32	32
enemy.anm	22	0	22	1972	192	32	32	32
enemy.anm	23	0	23	1992	224	32	32	32
enemy.anm	24	0	24	2012	256	32	32	32
enemy.anm	25	0	25	2032	288	32	32	32
enemy.anm	26	0	26	2052	320	32	32	32
enemy.anm	27	0	27	2072	352	32	32	32
enemy.anm	28	0	28	2092	384	32	32	32
enemy.anm	29	0	29	2112	416	32	32	32
enemy.anm	30	0	30	2132	448	32	32	32
enemy.anm	31	0	31	2152	480	32	32	32
enemy.anm	32	0	32	2172	0	64	32	32
enemy.anm	33	0	33	2192	32	64	32	32
enemy.anm	34	0	34	2212	64	64	32	32
enemy.anm	35	0	35	2232	96	64	32	32
enemy.anm	36	0	36	2252	128	64	32	32
enemy.anm	37	0	37	2272	160	64	32	32
enemy.anm	38	0	38	2292	192	64	32	32
enemy.anm	39	0	39	2312	224	64	32	32
enemy.anm	40	0	40	2332	256	64	32	32
enemy.anm	41	0	41	2352	288	64	32	32
enemy.anm	42	0	42	2372	320	64	32	32
enemy.anm	43	0	43	2392	352	64	32	32
enemy.anm	44	0	44	2412	384	64	32	32
enemy.anm	45	0	45	2432	416	64	32	32
enemy.anm	46	0	46	2452	448	64	32	32
enemy.anm	47	0	47	2472	480	64	32	32
enemy.anm	48	0	48	2492	0	96	32	32
enemy.anm	49	0	49	2512	32	96	32	32
enemy.anm	50	0	50	2532	64	96	32	32
enemy.anm	51	0	51	2552	96	96	32	32
enemy.anm	52	0	52	2572	128	96	32	32
enemy.anm	53	0	53	2592	160	96	32	32
enemy.anm	54	0	54	2612	192	96	32	32
enemy.anm	55	0	55	2632	224	96	32	32
enemy.anm	56	0	56	2652	256	96	32	32
enemy.anm	57	0	57	2672	288	96	32	32
enemy.anm	58	0	58	2692	320	96	32	32
enemy.anm	59	0	59	2712	352	96	32	32
enemy.anm	60	0	60	2732	384	96	32	32
enemy.anm	61	0	61	2752	416	96	32	32
enemy.anm	62	0	62	2772	448	96	32	32
enemy.anm	63	0	63	2792	480	96	32	32
enemy.anm	64	0	64	2812	64	128	32	32
enemy.anm	65	0	65	2832	96	128	32	32
enemy.anm	66	0	66	2852	64	160	32	32
enemy.anm	67	0	67	2872	96	160	32	32
enemy.anm	68	0	68	2892	0	128	64	64
enemy.anm	69	0	69	2912	256	128	32	32
enemy.anm	70	0	70	2932	288	128	32	32
enemy.anm	71	0	71	2952	320	128	32	32
enemy.anm	72	0	72	2972	352	128	32	32
enemy.anm	73	0	73	2992	384	128	32	32
enemy.anm	74	0	74	3012	416	128	32	32
enemy.anm	75	0	75	3032	448	128	32	32
enemy.anm	76	0	76	3052	480	128	32	32
enemy.anm	77	0	77	3072	256	160	32	32
enemy.anm	78	0	78	3092	288	160	32	32
enemy.anm	79	0	79	3112	320	160	32	32
enemy.anm	80	0	80	3132	352	160	32	32
enemy.anm	81	0	81	3152	384	160	32	32
enemy.anm	82	0	82	3172	416	160	32	32
enemy.anm	83	0	83	3192	448	160	32	32
enemy.anm	84	0	84	3212	480	160	32	32
enemy.anm	85	0	85	3232	256	192	32	32
enemy.anm	86	0	86	3252	288	192	32	32
enemy.anm	87	0	87	3272	320	192	32	32
enemy.anm	88	0	88	3292	352	192	32	32
enemy.anm	89	0	89	3312	384	192	32	32
enemy.anm	90	0	90	3332	416	192	32	32
enemy.anm	91	0	91	3352	448	192	32	32
enemy.anm	92	0	92	3372	480	192	32	32
enemy.anm	93	0	93	3392	256	224	32	32
enemy.anm	94	0	94	3412	288	224	32	32
enemy.anm	95	0	95	3432	320	224	32	32
enemy.anm	96	0	96	3452	352	224	32	32
enemy.anm	97	0	97	3472	384	224	32	32
enemy.anm	98	0	98	3492	416	224	32	32
enemy.anm	99	0	99	3512	448	224	32	32
enemy.anm	100	0	100	3532	480	224	32	32
enemy.anm	101	0	101	3552	128	128	32	32
enemy.anm	102	0	102	3572	160	128	32	32
enemy.anm	103	0	103	3592	192	128	32	32
enemy.anm	104	0	104	3612	224	128	32	32
enemy.anm	105	0	105	3632	128	160	32	32
enemy.anm	106	0	106	3652	160	160	32	32
enemy.anm	107	0	107	3672	192	160	32	32
enemy.anm	108	0	108	3692	224	160	32	32
enemy.anm	109	0	109	3712	128	192	32	32
enemy.anm	110	0	110	3732	160	192	32	32
enemy.anm	111	0	111	3752	192	192	32	32
enemy.anm	112	0	112	3772	224	192	32	32
enemy.anm	113	0	113	3792	128	224	32	32
enemy.anm	114	0	114	3812	160	224	32	32
enemy.anm	115	0	115	3832	192	224	32	32
enemy.anm	116	0	116	3852	224	224	32	32
enemy.anm	117	0	117	3872	0	192	32	32
enemy.anm	118	0	118	3892	32	192	32	32
enemy.anm	119	0	119	3912	64	192	32	32
enemy.anm	120	0	120	3932	96	192	32	32
enemy.anm	121	0	121	3952	0	224	32	32
enemy.anm	122	0	122	3972	32	224	32	32
enemy.anm	123	0	123	3992	64	224	32	32
enemy.anm	124	0	124	4012	96	224	32	32
enemy.anm	125	0	125	4032	0	256	32	32
enemy.anm	126	0	126	4052	32	256	32	32
enemy.anm	127	0	127	4072	64	256	32	32
enemy.anm	128	0	128	4092	96	256	32	32
enemy.anm	129	0	129	4112	128	256	32	32
enemy.anm	130	0	130	4132	160	256	32	32
enemy.anm	131	0	131	4152	192	256	32	32
enemy.anm	132	0	132	4172	224	256	32	32
enemy.anm	133	0	133	4192	0	288	32	32
enemy.anm	134	0	134	4212	32	288	32	32
enemy.anm	135	0	135	4232	64	288	32	32
enemy.anm	136	0	136	4252	96	288	32	32
enemy.anm	137	0	137	4272	128	288	32	32
enemy.anm	138	0	138	4292	160	288	32	32
enemy.anm	139	0	139	4312	192	288	32	32
enemy.anm	140	0	140	4332	224	288	32	32
enemy.anm	141	0	141	4352	0	320	32	32
enemy.anm	142	0	142	4372	32	320	32	32
enemy.anm	143	0	143	4392	64	320	32	32
enemy.anm	144	0	144	4412	96	320	32	32
enemy.anm	145	0	145	4432	128	320	32	32
enemy.anm	146	0	146	4452	160	320	32	32
enemy.anm	147	0	147	4472	192	320	32	32
enemy.anm	148	0	148	4492	224	320	32	32
enemy.anm	149	0	149	4512	0	352	32	32
enemy.anm	150	0	150	4532	32	352	32	32
enemy.anm	151	0	151	4552	64	352	32	32
enemy.anm	152	0	152	4572	96	352	32	32
enemy.anm	153	0	153	4592	128	352	32	32
enemy.anm	154	0	154	4612	160	352	32	32
enemy.anm	155	0	155	4632	192	352	32	32
enemy.anm	156	0	156	4652	224	352	32	32
etama.anm	0	0	0	968	0	240	8	8
etama.anm	1	0	1	988	8	240	8	8
etama.anm	2	0	2	1008	16	240	8	8
etama.anm	3	0	3	1028	24	240	8	8
etama.anm	4	0	4	1048	32	240	8	8
etama.anm	5	0	5	1068	40	240	8	8
etama.anm	6	0	6	1088	48	240	8	8
etama.anm	7	0	7	1108	56	240	8	8
etama.anm	8	0	8	1128	0	248	8	8
etama.anm	9	0	9	1148	8	248	8	8
etama.anm	10	0	10	1168	16	248	8	8
etama.anm	11	0	11	1188	24	248	8	8
etama.anm	12	0	12	1208	32	248	8	8
etama.anm	13	0	13	1228	40	248	8	8
etama.anm	14	0	14	1248	48	248	8	8
etama.anm	15	0	15	1268	56	248	8	8
etama.anm	16	0	16	1288	0	32	16	16
etama.anm	17	0	17	1308	16	32	16	16
etama.anm	18	0	18	1328	32	32	16	16
etama.anm	19	0	19	1348	48	32	16	16
etama.anm	20	0	20	1368	64	32	16	16
etama.anm	21	0	21	1388	80	32	16	16
etama.anm	22	0	22	1408	96	32	16	16
etama.anm	23	0	23	1428	112	32	16	16
etama.anm	24	0	24	1448	128	32	16	16
etama.anm	25	0	25	1468	144	32	16	16
etama.anm	26	0	26	1488	160	32	16	16
etama.anm	27	0	27	1508	176	32	16	16
etama.anm	28	0	28	1528	192	32	16	16
etama.anm	29	0	29	1548	208	32	16	16
etama.anm	30	0	30	1568	224	32	16	16
etama.anm	31	0	31	1588	240	32	16	16
etama.anm	32	0	32	1608	1	64	14	16
etama.anm	33	0	33	1628	17	64	14	16
etama.anm	34	0	34	1648	33	64	14	16
etama.anm	35	0	35	1668	49	64	14	16
etama.anm	36	0	36	1688	65	64	14	16
etama.anm	37	0	37	1708	81	64	14	16
etama.anm	38	0	38	1728	97	64	14	16
etama.anm	39	0	39	1748	113	64	14	16
etama.anm	40	0	40	1768	129	64	14	16
etama.anm	41	0	41	1788	145	64	14	16
etama.anm	42	0	42	1808	161	64	14	16
etama.anm	43	0	43	1828	177	64	14	16
etama.anm	44	0	44	1848	193	64	14	16
etama.anm	45	0	45	1868	209	64	14	16
etama.anm	46	0	46	1888	225	64	14	16
etama.anm	47	0	47	1908	241	64	14	16
etama.anm	48	0	48	1928	0	48	16	16
etama.anm	49	0	49	1948	16	48	16	16
etama.anm	50	0	50	1968	32	48	16	16
etama.anm	51	0	51	1988	48	48	16	16
etama.anm	52	0	52	2008	64	48	16	16
etama.anm	53	0	53	2028	80	48	16	16
etama.anm	54	0	54	2048	96	48	16	16
etama.anm	55	0	55	2068	112	48	16	16
etama.anm	56	0	56	2088	128	48	16	16
etama.anm	57	0	57	2108	144	48	16	16
etama.anm	58	0	58	2128	160	48	16	16
etama.anm	59	0	59	2148	176	48	16	16
etama.anm	60	0	60	2168	192	48	16	16
etama.anm	61	0	61	2188	208	48	16	16
etama.anm	62	0	62	2208	224	48	16	16
etama.anm	63	0	63	2228	240	48	16	16
etama.anm	64	0	64	2248	1	80	14	16
etama.anm	65	0	65	2268	17	80	14	16
etama.anm	66	0	66	2288	33	80	14	16
etama.anm	67	0	67	2308	49	80	14	16
etama.anm	68	0	68	2328	65	80	14	16
etama.anm	69	0	69	2348	81	80	14	16
etama.anm	70	0	70	2368	97	80	14	16
etama.anm	71	0	71	2388	113	80	14	16
etama.anm	72	0	72	2408	129	80	14	16
etama.anm	73	0	73	2428	145	80	14	16
etama.anm	74	0	74	2448	161	80	14	16
etama.anm	75	0	75	2468	177	80	14	16
etama.anm	76	0	76	2488	193	80	14	16
etama.anm	77	0	77	2508	209	80	14	16
etama.anm	78	0	78	2528	225	80	14	16
etama.anm	79	0	79	2548	241	80	14	16
etama.anm	80	0	80	2568	1	96	14	16
etama.anm	81	0	81	2588	17	96	14	16
etama.anm	82	0	82	2608	33	96	14	16
etama.anm	83	0	83	2628	49	96	14	16
etama.anm	84	0	84	2648	65	96	14	16
etama.anm	85	0	85	2668	81	96	14	16
etama.anm	86	0	86	2688	97	96	14	16
etama.anm	87	0	87	2708	113	96	14	16
etama.anm	88	0	88	2728	129	96	14	16
etama.anm	89	0	89	2748	145	96	14	16
etama.anm	90	0	90	2768	161	96	14	16
etama.anm	91	0	91	2788	177	96	14	16
etama.anm	92	0	92	2808	193	96	14	16
etama.anm	93	0	93	2828	209	96	14	16
etama.anm	94	0	94	2848	225	96	14	16
etama.anm	95	0	95	2868	241	96	14	16
etama.anm	96	0	96	2888	1	16	14	16
etama.anm	97	0	97	2908	17	16	14	16
etama.anm	98	0	98	2928	33	16	14	16
etama.anm	99	0	99	2948	49	16	14	16
etama.anm	100	0	100	2968	65	16	14	16
etama.anm	101	0	101	2988	81	16	14	16
etama.anm	102	0	102	3008	97	16	14	16
etama.anm	103	0	103	3028	113	16	14	16
etama.anm	104	0	104	3048	129	16	14	16
etama.anm	105	0	105	3068	145	16	14	16
etama.anm	106	0	106	3088	161	16	14	16
etama.anm	107	0	107	3108	177	16	14	16
etama.anm	108	0	108	3128	193	16	14	16
etama.anm	109	0	109	3148	209	16	14	16
etama.anm	110	0	110	3168	225	16	14	16
etama.anm	111	0	111	3188	241	16	14	16
etama.anm	112	0	112	3208	0	112	32	32
etama.anm	113	0	113	3228	32	112	32	32
etama.anm	114	0	114	3248	64	112	32	32
etama.anm	115	0	115	3268	96	112	32	32
etama.anm	116	0	116	3288	128	112	32	32
etama.anm	117	0	117	3308	160	112	32	32
etama.anm	118	0	118	3328	192	112	32	32
etama.anm	119	0	119	3348	224	112	32	32
etama.anm	120	0	120	3368	0	176	32	32
etama.anm	121	0	121	3388	32	176	32	32
etama.anm	122	0	122	3408	64	176	32	32
etama.anm	123	0	123	3428	96	176	32	32
etama.anm	124	0	124	3448	128	176	32	32
etama.anm	125	0	125	3468	160	176	32	32
etama.anm	126	0	126	3488	192	176	32	32
etama.anm	127	0	127	3508	224	176	32	32
etama.anm	128	0	128	3528	0	144	32	32
etama.anm	129	0	129	3548	32	144	32	32
etama.anm	130	0	130	3568	64	144	32	32
etama.anm	131	0	131	3588	96	144	32	32
etama.anm	132	0	132	3608	128	144	32	32
etama.anm	133	0	133	3628	160	144	32	32
etama.anm	134	0	134	3648	192	144	32	32
etama.anm	135	0	135	3668	224	144	32	32
etama.anm	136	0	136	3688	144	240	16	16
etama.anm	137	0	137	3708	160	240	16	16
etama.anm	138	0	138	3728	176	240	16	16
etama.anm	139	0	139	3748	192	240	16	16
etama.anm	140	0	140	3768	208	240	16	16
etama.anm	141	0	141	3788	64	240	16	16
etama.anm	142	0	142	3808	80	240	16	16
etama.anm	143	0	143	3828	96	240	16	16
etama.anm	144	0	144	3848	112	240	16	16
etama.anm	145	0	145	3868	128	240	16	16
etama.anm	146	0	146	3888	1	209	30	30
etama.anm	147	0	147	3908	33	209	30	30
etama.anm	148	0	148	3928	97	209	30	30
etama.anm	149	0	149	3948	161	209	30	30
etama.anm	150	0	150	3968	193	209	30	30
etama.anm	151	0	151	3988	225	209	30	30
etama.anm	152	0	152	4008	0	1	16	14
etama.anm	153	0	153	4028	16	1	16	14
etama.anm	154	0	154	4048	32	1	16	14
etama.anm	155	0	155	4068	48	1	16	14
etama.anm	156	0	156	4088	64	1	16	14
etama.anm	157	0	157	4108	80	1	16	14
etama.anm	158	0	158	4128	96	1	16	14
etama.anm	159	0	159	4148	112	1	16	14
etama.anm	160	0	160	4168	128	1	16	14
etama.anm	161	0	161	4188	144	1	16	14
etama.anm	162	0	162	4208	160	1	16	14
etama.anm	163	0	163	4228	176	1	16	14
etama.anm	164	0	164	4248	192	1	16	14
etama.anm	165	0	165	4268	208	1	16	14
etama.anm	166	0	166	4288	224	1	16	14
etama.anm	167	0	167	4308	240	1	16	14
etama.anm	168	1	168	137648	0	0	64	64
etama.anm	169	1	169	137668	64	0	64	64
etama.anm	170	1	170	137688	128	0	64	64
etama.anm	171	1	171	137708	192	0	64	64
etama.anm	172	1	172	137728	0	64	16	16
etama.anm	173	1	173	137748	16	64	16	16
etama.anm	174	1	174	137768	32	64	16	16
etama.anm	175	1	175	137788	48	64	16	16
etama.anm	176	1	176	137808	64	64	16	16
etama.anm	177	1	177	137828	80	64	16	16
etama.anm	178	1	178	137848	96	64	16	16
etama.anm	179	1	179	137868	112	64	16	16
etama.anm	180	1	180	137888	0	80	16	16
etama.anm	181	1	181	137908	112	64	16	16
etama.anm	182	1	182	137928	128	64	16	16
etama.anm	183	1	183	137948	144	64	16	16
etama.anm	184	1	184	137968	160	64	16	16
etama.anm	185	1	185	137988	176	64	16	16
etama.anm	186	1	186	138008	192	64	16	16
etama.anm	187	1	187	138028	208	64	16	16
etama.anm	188	1	188	138048	224	64	16	16
etama.anm	189	1	189	138068	240	64	16	16
etama.anm	190	1	190	138088	144	64	16	16
etama.anm	191	1	191	138108	144	64	16	16
etama.anm	192	1	192	138128	193	177	62	62
etama.anm	193	1	193	138148	65	209	30	30
etama.anm	194	1	194	138168	97	209	30	30
etama.anm	195	1	195	138188	64	112	64	64
etama.anm	196	1	196	138208	128	112	64	64
etama.anm	197	1	197	138228	193	113	62	62
etama.anm	198	1	198	138248	1	241	14	14
etama.anm	199	1	199	138268	17	241	14	14
etama.anm	200	1	200	138288	33	241	14	14
etama.anm	201	1	201	138308	49	241	14	14
etama.anm	202	1	202	138328	65	241	14	14
etama.anm	203	1	203	138348	81	241	14	14
etama.anm	204	1	204	138368	97	241	14	14
etama.anm	205	1	205	138388	113	241	14	14
etama.anm	206	1	206	138408	129	241	14	14
etama.anm	207	1	207	138428	145	241	14	14
etama.anm	208	1	208	138448	161	241	14	14
etama.anm	209	1	209	138468	177	241	14	14
etama.anm	210	1	210	138488	193	241	14	14
etama.anm	211	1	211	138508	209	241	14	14
etama.anm	212	1	212	138528	225	241	14	14
etama.anm	213	1	213	138548	241	241	14	14
etama.anm	214	1	214	138568	1	176	63	63
etama.anm	215	1	215	138588	160	224	16	16
etama.anm	216	1	216	138608	64	176	32	32
etama.anm	217	1	217	138628	96	176	32	32
etama.anm	218	1	218	138648	0	112	64	64
etama.anm	219	1	219	138668	0	96	16	16
etama.anm	220	1	220	138688	16	96	16	16
etama.anm	221	2	221	277940	0	0	16	768
etama.anm	222	2	222	277960	16	0	16	768
etama.anm	223	2	223	277980	32	0	16	768
etama.anm	224	2	224	278000	48	0	16	768
etama.anm	225	2	225	278020	64	0	16	768
etama.anm	226	2	226	278040	80	0	16	128
etama.anm	227	2	227	278060	64	0	16	256
etama.anm	228	3	228	315256	0	0	256	256
etama.anm	229	4	229	446596	0	0	128	128
etama.anm	230	5	230	480044	0	240	16	16
etama.anm	231	5	231	480064	16	240	16	16
etama.anm	232	5	232	480084	32	240	16	16
etama.anm	233	5	233	480104	48	240	16	16
etama.anm	234	5	234	480124	64	240	16	16
etama.anm	235	5	235	480144	80	240	16	16
etama.anm	236	5	236	480164	96	240	16	16
etama.anm	237	5	237	480184	112	240	16	16
etama.anm	238	5	238	480204	128	240	16	16
etama.anm	239	5	239	480224	144	240	16	16
etama.anm	240	5	240	480244	160	240	16	16
etama.anm	241	5	241	480264	176	240	16	16
etama.anm	242	5	242	480284	192	240	16	16
etama.anm	243	5	243	480304	208	240	16	16
etama.anm	244	5	244	480324	224	240	16	16
etama.anm	245	5	245	480344	240	240	16	16
etama.anm	246	5	246	480364	0	32	16	16
etama.anm	247	5	247	480384	16	32	16	16
etama.anm	248	5	248	480404	32	32	16	16
etama.anm	249	5	249	480424	48	32	16	16
etama.anm	250	5	250	480444	64	32	16	16
etama.anm	251	5	251	480464	80	32	16	16
etama.anm	252	5	252	480484	96	32	16	16
etama.anm	253	5	253	480504	112	32	16	16
etama.anm	254	5	254	480524	128	32	16	16
etama.anm	255	5	255	480544	144	32	16	16
etama.anm	256	5	256	480564	160	32	16	16
etama.anm	257	5	257	480584	176	32	16	16
etama.anm	258	5	258	480604	192	32	16	16
etama.anm	259	5	259	480624	208	32	16	16
etama.anm	260	5	260	480644	224	32	16	16
etama.anm	261	5	261	480664	240	32	16	16
etama.anm	262	5	262	480684	0	1	32	31
etama.anm	263	5	263	480704	32	1	32	31
etama.anm	264	5	264	480724	64	1	32	31
etama.anm	265	5	265	480744	96	1	32	31
etama.anm	266	5	266	480764	128	1	32	31
etama.anm	267	5	267	480784	160	1	32	31
etama.anm	268	5	268	480804	192	1	32	31
etama.anm	269	5	269	480824	224	1	32	31
etama.anm	270	5	270	480844	0	64	16	16
etama.anm	271	5	271	480864	16	64	16	16
etama.anm	272	5	272	480884	32	64	16	16
etama.anm	273	5	273	480904	48	64	16	16
etama.anm	274	5	274	480924	64	64	16	16
etama.anm	275	5	275	480944	80	64	16	16
etama.anm	276	5	276	480964	96	64	16	16
etama.anm	277	5	277	480984	112	64	16	16
etama.anm	278	5	278	481004	128	64	16	16
etama.anm	279	5	279	481024	144	64	16	16
etama.anm	280	5	280	481044	160	64	16	16
etama.anm	281	5	281	481064	176	64	16	16
etama.anm	282	5	282	481084	192	64	16	16
etama.anm	283	5	283	481104	208	64	16	16
etama.anm	284	5	284	481124	224	64	16	16
etama.anm	285	5	285	481144	240	64	16	16
etama.anm	286	5	286	481164	0	81	16	14
etama.anm	287	5	287	481184	16	81	16	14
etama.anm	288	5	288	481204	32	81	16	14
etama.anm	289	5	289	481224	48	81	16	14
etama.anm	290	5	290	481244	64	81	16	14
etama.anm	291	5	291	481264	80	81	16	14
etama.anm	292	5	292	481284	96	81	16	14
etama.anm	293	5	293	481304	112	81	16	14
etama.anm	294	5	294	481324	128	81	16	14
etama.anm	295	5	295	481344	144	81	16	14
etama.anm	296	5	296	481364	160	81	16	14
etama.anm	297	5	297	481384	176	81	16	14
etama.anm	298	5	298	481404	192	81	16	14
etama.anm	299	5	299	481424	208	81	16	14
etama.anm	300	5	300	481444	224	81	16	14
etama.anm	301	5	301	481464	240	81	16	14
etama.anm	302	5	302	481484	0	96	16	16
etama.anm	303	5	303	481504	16	96	16	16
etama.anm	304	5	304	481524	32	96	16	16
etama.anm	305	5	305	481544	48	96	16	16
etama.anm	306	5	306	481564	64	96	16	16
etama.anm	307	5	307	481584	80	96	16	16
etama.anm	308	5	308	481604	96	96	16	16
etama.anm	309	5	309	481624	112	96	16	16
etama.anm	310	5	310	481644	128	96	16	16
etama.anm	311	5	311	481664	144	96	16	16
etama.anm	312	5	312	481684	160	96	16	16
etama.anm	313	5	313	481704	176	96	16	16
etama.anm	314	5	314	481724	192	96	16	16
etama.anm	315	5	315	481744	208	96	16	16
etama.anm	316	5	316	481764	224	96	16	16
etama.anm	317	5	317	481784	240	96	16	16
etama.anm	318	5	318	481804	0	192	32	32
etama.anm	319	5	319	481824	32	192	32	32
etama.anm	320	5	320	481844	64	192	32	32
etama.anm	321	5	321	481864	96	192	32	32
etama.anm	322	5	322	481884	128	192	32	32
etama.anm	323	5	323	481904	160	192	32	32
etama.anm	324	5	324	481924	192	192	32	32
etama.anm	325	5	325	481944	224	192	32	32
etama.anm	326	5	326	481964	0	160	32	32
etama.anm	327	5	327	481984	32	160	32	32
etama.anm	328	5	328	482004	64	160	32	32
etama.anm	329	5	329	482024	96	160	32	32
etama.anm	330	5	330	482044	0	128	32	32
etama.anm	331	5	331	482064	32	128	32	32
etama.anm	332	5	332	482084	64	128	32	32
etama.anm	333	5	333	482104	96	128	32	32
etama.anm	334	5	334	482124	128	128	32	32
etama.anm	335	5	335	482144	160	128	32	32
etama.anm	336	5	336	482164	192	128	32	32
etama.anm	337	5	337	482184	224	128	32	32
face_al00.anm	0	0	0	112	1	1	254	510
face_al00.anm	1	0	1	132	1	1	254	510
face_al00.anm	2	1	2	524700	1	1	126	254
face_al00.anm	3	2	3	656412	1	1	126	254
face_al00.anm	4	3	4	788124	1	1	126	254
face_al00.anm	5	4	5	919836	1	1	126	254
face_al00.anm	6	5	6	1051548	1	1	126	254
face_al00.anm	7	6	7	1183260	1	1	126	254
face_al00.anm	8	7	8	1314972	1	1	126	254
face_al00.anm	9	8	9	1446684	1	1	126	254
face_alsp.anm	0	0	0	108	1	1	254	510
face_cdbg.anm	0	0	0	136	1	0	94	512
face_cdbg.anm	1	0	1	156	97	0	94	512
face_mr00.anm	0	0	0	112	1	1	254	510
face_mr00.anm	1	0	1	132	1	1	254	510
face_mr00.anm	2	1	2	524716	1	1	126	254
face_mr00.anm	3	2	3	656444	1	1	126	254
face_mr00.anm	4	3	4	788172	1	1	126	254
face_mr00.anm	5	4	5	919900	1	1	126	254
face_mr00.anm	6	5	6	1051628	1	1	126	254
face_mr00.anm	7	6	7	1183356	1	1	126	254
face_mr00.anm	8	7	8	1315084	1	1	126	254
face_mr00.anm	9	8	9	1446812	1	1	126	254
face_rm00.anm	0	0	0	112	1	1	254	510
face_rm00.anm	1	0	1	132	1	1	254	510
face_rm00.anm	2	1	2	524700	1	1	126	254
face_rm00.anm	3	2	3	656412	1	1	126	254
face_rm00.anm	4	3	4	788124	1	1	126	254
face_rm00.anm	5	4	5	919836	1	1	126	254
face_rm00.anm	6	5	6	1051548	1	1	126	254
face_rm00.anm	7	6	7	1183260	1	1	126	254
face_rm00.anm	8	7	8	1314972	1	1	126	254
face_rm00.anm	9	8	9	1446684	1	1	126	254
face_rs00.anm	0	0	0	112	1	1	254	510
face_rs00.anm	1	0	1	132	1	1	254	510
face_rs00.anm	2	1	2	524716	1	1	126	254
face_rs00.anm	3	2	3	656444	1	1	126	254
face_rs00.anm	4	3	4	788172	1	1	126	254
face_rs00.anm	5	4	5	919900	1	1	126	254
face_rs00.anm	6	5	6	1051628	1	1	126	254
face_rs00.anm	7	6	7	1183356	1	1	126	254
face_rs00.anm	8	7	8	1315084	1	1	126	254
face_rs00.anm	9	8	9	1446812	1	1	126	254
face_rssp.anm	0	0	0	108	1	1	254	510
face_sk00.anm	0	0	0	112	1	1	254	510
face_sk00.anm	1	0	1	132	1	1	254	510
face_sk00.anm	2	1	2	524716	1	1	126	254
face_sk00.anm	3	2	3	656444	1	1	126	254
face_sk00.anm	4	3	4	788172	1	1	126	254
face_sk00.anm	5	4	5	919900	1	1	126	254
face_sk00.anm	6	5	6	1051628	1	1	126	254
face_sk00.anm	7	6	7	1183356	1	1	126	254
face_sk00.anm	8	7	8	1315084	1	1	126	254
face_sk00.anm	9	8	9	1446812	1	1	126	254
face_sksp.anm	0	0	0	124	1	1	254	510
face_st01.anm	0	0	0	108	1	1	254	510
face_st01.anm	1	1	1	524692	0	0	256	48
face_st01.anm	2	2	2	557712	1	1	126	254
face_st01.anm	3	3	3	689428	1	1	126	254
face_st01.anm	4	3	4	689448	1	1	126	254
face_st01.anm	5	3	5	689468	1	1	126	254
face_st01.anm	6	4	6	821192	1	1	126	254
face_st01.anm	7	4	7	821212	1	1	126	254
face_st01.anm	8	4	8	821232	1	1	126	254
face_st01.anm	9	4	9	821252	1	1	126	254
face_st01.anm	10	4	10	821272	1	1	126	254
face_st01sp.anm	0	0	0	108	1	1	254	510
face_st02.anm	0	0	0	108	1	1	254	510
face_st02.anm	1	1	1	524692	0	0	256	48
face_st02.anm	2	2	2	557712	1	1	126	254
face_st02.anm	3	3	3	689428	1	1	126	254
face_st02.anm	4	3	4	689448	1	1	126	254
face_st02.anm	5	3	5	689468	1	1	126	254
face_st02.anm	6	4	6	821184	1	1	126	254
face_st02.anm	7	4	7	821204	1	1	126	254
face_st02.anm	8	4	8	821224	1	1	126	254
face_st02.anm	9	5	9	952936	1	1	126	254
face_st02.anm	10	5	10	952956	1	1	126	254
face_st02sp.anm	0	0	0	108	1	1	254	510
face_st03.anm	0	0	0	108	1	1	254	510
face_st03.anm	1	1	1	524692	0	0	256	48
face_st03.anm	2	2	2	557712	1	1	126	254
face_st03.anm	3	3	3	689428	1	1	126	254
face_st03.anm	4	3	4	689448	1	1	126	254
face_st03.anm	5	3	5	689468	1	1	126	254
face_st03.anm	6	4	6	821180	1	1	126	254
face_st03.anm	7	4	7	821200	1	1	126	254
face_st03.anm	8	5	8	952908	1	1	126	254
face_st03.anm	9	6	9	1084616	1	1	126	254
face_st03.anm	10	7	10	1216324	1	1	126	254
face_st03sp.anm	0	0	0	108	1	1	254	510
face_st04a.anm	0	0	0	108	1	1	254	510
face_st04a.anm	1	1	1	524692	0	0	256	48
face_st04a.anm	2	2	2	557728	1	1	126	254
face_st04a.anm	3	3	3	689456	1	1	126	254
face_st04a.anm	4	3	4	689476	1	1	126	254
face_st04a.anm	5	4	5	821200	1	1	126	254
face_st04a.anm	6	5	6	952924	1	1	126	254
face_st04a.anm	7	6	7	1084656	1	1	126	254
face_st04a.anm	8	6	8	1084676	1	1	126	254
face_st04a.anm	9	6	9	1084696	1	1	126	254
face_st04a.anm	10	7	10	1216420	1	1	126	254
face_st04asp.anm	0	0	0	108	1	1	254	510
face_st04b.anm	0	0	0	108	1	1	254	510
face_st04b.anm	1	1	1	524692	0	0	256	48
face_st04b.anm	2	2	2	557728	1	1	126	254
face_st04b.anm	3	3	3	689456	1	1	126	254
face_st04b.anm	4	3	4	689476	1	1	126	254
face_st04b.anm	5	4	5	821200	1	1	126	254
face_st04b.anm	6	5	6	952924	1	1	126	254
face_st04b.anm	7	6	7	1084648	1	1	126	254
face_st04b.anm	8	7	8	1216376	1	1	126	254
face_st04b.anm	9	7	9	1216396	1	1	126	254
face_st04b.anm	10	8	10	1348120	1	1	126	254
face_st04bsp.anm	0	0	0	108	1	1	254	510
face_st05.anm	0	0	0	108	1	1	254	510
face_st05.anm	1	1	1	524692	0	0	256	48
face_st05.anm	2	2	2	557720	1	1	254	254
face_st05.anm	3	2	3	557740	1	1	254	254
face_st05.anm	4	2	4	557760	1	1	254	254
face_st05.anm	5	3	5	820540	1	1	254	254
face_st05.anm	6	4	6	1083320	1	1	254	254
face_st05.anm	7	5	7	1346108	1	1	254	254
face_st05.anm	8	5	8	1346128	1	1	254	254
face_st05.anm	9	5	9	1346148	1	1	254	254
face_st05.anm	10	6	10	1608940	1	1	254	254
face_st05.anm	11	6	11	1608960	1	1	254	254
face_st05.anm	12	6	12	1608980	1	1	254	254
face_st05.anm	13	6	13	1609000	1	1	254	254
face_st05b.anm	0	0	0	192	1	1	254	254
face_st05b.anm	1	0	1	212	1	1	254	254
face_st05b.anm	2	0	2	232	1	1	254	254
face_st05b.anm	3	0	3	252	1	1	254	254
face_st05b.anm	4	0	4	272	1	1	254	254
face_st05b.anm	5	0	5	292	1	1	254	254
face_st05b.anm	6	0	6	312	1	1	254	254
face_st05b.anm	7	0	7	332	1	1	254	254
face_st05b.anm	8	0	8	352	1	1	254	254
face_st05b.anm	9	0	9	372	1	1	254	254
face_st05b.anm	10	0	10	392	1	1	254	254
face_st05b.anm	11	0	11	412	1	1	254	254
face_st05msp.anm	0	0	0	108	1	1	510	510
face_st05sp.anm	0	0	0	108	1	1	254	510
face_st06.anm	0	0	0	108	1	1	382	510
face_st06.anm	1	1	1	1048980	0	0	256	48
face_st06.anm	2	2	2	1082004	1	1	254	254
face_st06.anm	3	2	3	1082024	1	1	254	254
face_st06.anm	4	3	4	1344804	1	1	254	254
face_st06.anm	5	4	5	1607584	1	1	254	254
face_st06.anm	6	5	6	1870364	1	1	254	254
face_st06.anm	7	6	7	2133172	1	1	254	254
face_st06.anm	8	6	8	2133192	1	1	254	254
face_st06.anm	9	6	9	2133212	1	1	254	254
face_st06.anm	10	6	10	2133232	1	1	254	254
face_st06.anm	11	6	11	2133252	1	1	254	254
face_st06.anm	12	6	12	2133272	1	1	254	254
face_st06.anm	13	6	13	2133292	1	1	254	254
face_st06.anm	14	6	14	2133312	1	1	254	254
face_st06sp.anm	0	0	0	108	1	1	382	510
face_st07.anm	0	0	0	108	1	1	510	510
face_st07.anm	1	1	1	1048980	0	0	256	48
face_st07.anm	2	2	2	1082000	1	1	254	254
face_st07.anm	3	3	3	1344784	1	1	254	254
face_st07.anm	4	3	4	1344804	1	1	254	254
face_st07.anm	5	4	5	1607588	1	1	254	254
face_st07.anm	6	4	6	1607608	1	1	254	254
face_st07.anm	7	5	7	1870416	1	1	254	254
face_st07.anm	8	5	8	1870436	1	1	254	254
face_st07.anm	9	5	9	1870456	1	1	254	254
face_st07.anm	10	5	10	1870476	1	1	254	254
face_st07.anm	11	5	11	1870496	1	1	254	254
face_st07.anm	12	5	12	1870516	1	1	254	254
face_st07.anm	13	5	13	1870536	1	1	254	254
face_st07.anm	14	5	14	1870556	1	1	254	254
face_st07sp.anm	0	0	0	108	1	1	510	510
face_st08.anm	0	0	0	108	1	1	286	510
face_st08.anm	1	1	1	1048980	0	0	256	48
face_st08.anm	2	2	2	1082000	1	1	254	254
face_st08.anm	3	3	3	1344784	1	1	254	254
face_st08.anm	4	3	4	1344804	1	1	254	254
face_st08.anm	5	4	5	1607584	1	1	254	254
face_st08.anm	6	5	6	1870364	1	1	254	254
face_st08.anm	7	6	7	2133152	1	1	254	254
face_st08.anm	8	6	8	2133172	1	1	254	254
face_st08.anm	9	6	9	2133192	1	1	254	254
face_st08.anm	10	7	10	2395988	1	1	254	254
face_st08.anm	11	7	11	2396008	1	1	254	254
face_st08.anm	12	7	12	2396028	1	1	254	254
face_st08.anm	13	7	13	2396048	1	1	254	254
face_st08.anm	14	7	14	2396068	1	1	254	254
face_st08m.anm	0	0	0	108	1	1	254	510
face_st08m.anm	1	1	1	524692	0	0	256	48
face_st08m.anm	2	2	2	557776	1	1	126	254
face_st08m.anm	3	2	3	557796	1	1	126	254
face_st08m.anm	4	2	4	557816	1	1	126	254
face_st08m.anm	5	2	5	557836	1	1	126	254
face_st08m.anm	6	2	6	557856	1	1	126	254
face_st08m.anm	7	2	7	557876	1	1	126	254
face_st08m.anm	8	2	8	557896	1	1	126	254
face_st08m.anm	9	2	9	557916	1	1	126	254
face_st08m.anm	10	2	10	557936	1	1	126	254
face_st08m.anm	11	2	11	557956	1	1	126	254
face_st08m.anm	12	2	12	557976	1	1	126	254
face_st08m.anm	13	2	13	557996	1	1	126	254
face_st08m.anm	14	2	14	558016	1	1	126	254
face_st08msp.anm	0	0	0	108	1	1	254	510
face_st08sp.anm	0	0	0	108	1	1	286	510
face_yk00.anm	0	0	0	112	1	1	254	510
face_yk00.anm	1	0	1	132	1	1	254	510
face_yk00.anm	2	1	2	524716	1	1	126	254
face_yk00.anm	3	2	3	656444	1	1	126	254
face_yk00.anm	4	3	4	788172	1	1	126	254
face_yk00.anm	5	4	5	919900	1	1	126	254
face_yk00.anm	6	5	6	1051628	1	1	126	254
face_yk00.anm	7	6	7	1183356	1	1	126	254
face_yk00.anm	8	7	8	1315084	1	1	126	254
face_yk00.anm	9	8	9	1446812	1	1	126	254
face_yksp.anm	0	0	0	108	1	1	510	510
face_ym00.anm	0	0	0	112	1	1	254	510
face_ym00.anm	1	0	1	132	1	1	254	510
face_ym00.anm	2	1	2	524700	1	1	126	254
face_ym00.anm	3	2	3	656412	1	1	126	254
face_ym00.anm	4	3	4	788124	1	1	126	254
face_ym00.anm	5	4	5	919836	1	1	126	254
face_ym00.anm	6	5	6	1051548	1	1	126	254
face_ym00.anm	7	6	7	1183260	1	1	126	254
face_ym00.anm	8	7	8	1314972	1	1	126	254
face_ym00.anm	9	8	9	1446684	1	1	126	254
face_ymsp.anm	0	0	0	108	1	1	254	510
face_yy00.anm	0	0	0	112	1	1	254	510
face_yy00.anm	1	0	1	132	1	1	254	510
face_yy00.anm	2	1	2	524716	1	1	126	254
face_yy00.anm	3	2	3	656444	1	1	126	254
face_yy00.anm	4	3	4	788172	1	1	126	254
face_yy00.anm	5	4	5	919900	1	1	126	254
face_yy00.anm	6	5	6	1051628	1	1	126	254
face_yy00.anm	7	6	7	1183356	1	1	126	254
face_yy00.anm	8	7	8	1315084	1	1	126	254
face_yy00.anm	9	8	9	1446812	1	1	126	254
face_yysp.anm	0	0	0	108	1	1	254	510
front.anm	0	0	0	288	128	0	128	256
front.anm	1	0	1	308	0	1	128	31
front.anm	2	0	2	328	0	80	64	16
front.anm	3	0	3	348	0	96	64	16
front.anm	4	0	4	368	0	112	64	16
front.anm	5	0	5	388	0	128	64	16
front.anm	6	0	6	408	0	144	64	16
front.anm	7	0	7	428	0	160	64	16
front.anm	8	0	8	448	0	176	64	16
front.anm	9	0	9	468	0	192	64	16
front.anm	10	0	10	488	0	208	128	16
front.anm	11	0	11	508	64	80	16	16
front.anm	12	0	12	528	80	80	16	16
front.anm	13	0	13	548	0	224	32	32
front.anm	14	0	14	568	0	240	128	16
front.anm	15	0	15	588	0	240	160	16
front.anm	16	1	16	264552	0	0	128	16
front.anm	17	1	17	264572	0	16	128	16
front.anm	18	1	18	264592	0	32	128	16
front.anm	19	1	19	264612	0	48	128	16
front.anm	20	1	20	264632	0	64	128	16
front.anm	21	1	21	264652	0	80	128	16
front.anm	22	1	22	264672	0	96	128	16
front.anm	23	1	23	264692	0	112	128	16
front.anm	24	1	24	264712	0	128	128	16
front.anm	25	1	25	264732	0	144	128	16
front.anm	26	1	26	264752	0	160	128	16
front.anm	27	1	27	264772	0	176	128	16
front.anm	28	1	28	264792	0	192	128	16
front.anm	29	1	29	264812	0	208	128	16
front.anm	30	1	30	264832	0	224	128	16
front.anm	31	1	31	264852	0	240	128	16
front.anm	32	1	32	264872	0	32	128	16
loading00.anm	0	0	0	108	0	0	384	448
loading00a.anm	0	0	0	108	0	0	384	448
loading00h.anm	0	0	0	108	0	0	384	448
loading01.anm	0	0	0	108	0	0	384	448
loading01a.anm	0	0	0	108	0	0	384	448
loading01h.anm	0	0	0	108	0	0	384	448
loading02.anm	0	0	0	108	0	0	384	448
loading02a.anm	0	0	0	108	0	0	384	448
loading02h.anm	0	0	0	108	0	0	384	448
loading03.anm	0	0	0	108	0	0	384	448
loading03a.anm	0	0	0	108	0	0	384	448
loading03h.anm	0	0	0	108	0	0	384	448
music00.anm	0	0	0	108	0	0	256	64
music00.anm	1	1	1	131780	0	0	512	17
music00.anm	2	1	2	131800	0	17	512	17
music00.anm	3	1	3	131820	0	34	512	17
music00.anm	4	1	4	131840	0	51	512	17
music00.anm	5	1	5	131860	0	68	512	17
music00.anm	6	1	6	131880	0	85	512	17
music00.anm	7	1	7	131900	0	102	512	17
music00.anm	8	1	8	131920	0	119	512	17
music00.anm	9	1	9	131940	0	136	512	17
music00.anm	10	1	10	131960	0	153	512	17
music00.anm	11	1	11	131980	0	170	512	17
music00.anm	12	1	12	132000	0	187	512	17
music00.anm	13	1	13	132020	0	204	512	17
music00.anm	14	1	14	132040	0	221	512	17
music00.anm	15	1	15	132060	0	238	512	17
music00.anm	16	1	16	132080	0	255	512	17
music00.anm	17	1	17	132100	0	272	512	17
music00.anm	18	1	18	132120	0	289	512	17
music00.anm	19	1	19	132140	0	306	512	17
music00.anm	20	1	20	132160	0	323	512	17
music00.anm	21	1	21	132180	0	340	512	17
music00.anm	22	1	22	132200	0	357	512	17
music00.anm	23	1	23	132220	0	374	512	17
music00.anm	24	1	24	132240	0	391	512	17
music00.anm	25	1	25	132260	0	408	512	17
music00.anm	26	1	26	132280	0	425	512	17
music00.anm	27	1	27	132300	0	442	512	17
music00.anm	28	1	28	132320	0	459	512	17
music00.anm	29	1	29	132340	0	476	512	17
music00.anm	30	1	30	132360	0	493	512	17
nowloading.anm	0	0	0	136	1	1	126	30
nowloading.anm	1	0	1	156	1	33	126	30
nowloading.anm	2	0	2	176	1	65	62	62
nowloading.anm	3	0	3	196	65	65	62	62
player00.anm	0	0	0	424	1	1	30	46
player00.anm	1	0	1	444	33	1	30	46
player00.anm	2	0	2	464	65	1	30	46
player00.anm	3	0	3	484	97	1	30	46
player00.anm	4	0	4	504	1	49	30	46
player00.anm	5	0	5	524	33	49	30	46
player00.anm	6	0	6	544	65	49	30	46
player00.anm	7	0	7	564	97	49	30	46
player00.anm	8	0	8	584	129	49	30	46
player00.anm	9	0	9	604	161	49	30	46
player00.anm	10	0	10	624	193	49	30	46
player00.anm	11	0	11	644	129	1	30	46
player00.anm	12	0	12	664	161	1	30	46
player00.anm	13	0	13	684	193	1	30	46
player00.anm	14	0	14	704	225	1	30	46
player00.anm	15	0	15	724	1	97	30	46
player00.anm	16	0	16	744	33	97	30	46
player00.anm	17	0	17	764	65	97	30	46
player00.anm	18	0	18	784	97	97	30	46
player00.anm	19	0	19	804	129	97	30	46
player00.anm	20	0	20	824	161	97	30	46
player00.anm	21	0	21	844	193	97	30	46
player00.anm	22	0	22	864	129	145	30	46
player00.anm	23	0	23	884	161	145	30	46
player00.anm	24	0	24	904	193	145	30	46
player00.anm	25	0	25	924	225	145	30	46
player00.anm	26	0	26	944	129	193	30	46
player00.anm	27	0	27	964	161	193	30	46
player00.anm	28	0	28	984	193	193	30	46
player00.anm	29	0	29	1004	225	193	30	46
player00.anm	30	0	30	1024	81	145	46	46
player00.anm	31	0	31	1044	0	144	64	16
player00.anm	32	0	32	1064	48	144	16	16
player00.anm	33	0	33	1084	33	177	14	14
player00.anm	34	0	34	1104	0	176	32	32
player00.anm	35	0	35	1124	0	160	64	16
player00.anm	36	0	36	1144	0	208	64	16
player00.anm	37	0	37	1164	1	160	30	62
player00.anm	38	0	38	1184	128	144	16	16
player00.anm	39	0	39	1204	144	144	16	16
player00.anm	40	0	40	1224	128	144	16	16
player00.anm	41	0	41	1244	1	97	62	62
player00.anm	42	0	42	1264	65	97	62	62
player00.anm	43	0	43	1284	128	128	128	128
player00.anm	44	1	44	134908	1	1	94	94
player00.anm	45	1	45	134928	129	1	126	126
player00.anm	46	1	46	134948	1	129	126	126
player01.anm	0	0	0	468	1	1	30	46
player01.anm	1	0	1	488	33	1	30	46
player01.anm	2	0	2	508	65	1	30	46
player01.anm	3	0	3	528	97	1	30	46
player01.anm	4	0	4	548	1	49	30	46
player01.anm	5	0	5	568	33	49	30	46
player01.anm	6	0	6	588	65	49	30	46
player01.anm	7	0	7	608	97	49	30	46
player01.anm	8	0	8	628	129	49	30	46
player01.anm	9	0	9	648	161	49	30	46
player01.anm	10	0	10	668	193	49	30	46
player01.anm	11	0	11	688	129	1	30	46
player01.anm	12	0	12	708	161	1	30	46
player01.anm	13	0	13	728	193	1	30	46
player01.anm	14	0	14	748	225	1	30	46
player01.anm	15	0	15	768	1	97	30	46
player01.anm	16	0	16	788	33	97	30	46
player01.anm	17	0	17	808	65	97	30	46
player01.anm	18	0	18	828	97	97	30	46
player01.anm	19	0	19	848	129	97	30	46
player01.anm	20	0	20	868	161	97	30	46
player01.anm	21	0	21	888	193	97	30	46
player01.anm	22	0	22	908	193	145	30	30
player01.anm	23	0	23	928	225	145	30	30
player01.anm	24	0	24	948	193	177	30	30
player01.anm	25	0	25	968	225	177	30	30
player01.anm	26	0	26	988	0	144	64	16
player01.anm	27	0	27	1008	0	160	64	16
player01.anm	28	0	28	1028	128	144	16	48
player01.anm	29	0	29	1048	64	144	64	64
player01.anm	30	0	30	1068	0	176	64	16
player01.anm	31	0	31	1088	0	192	64	16
player01.anm	32	0	32	1108	0	224	448	32
player01.anm	33	1	33	136304	1	0	255	128
player02.anm	0	0	0	396	1	1	30	46
player02.anm	1	0	1	416	33	1	30	46
player02.anm	2	0	2	436	65	1	30	46
player02.anm	3	0	3	456	97	1	30	46
player02.anm	4	0	4	476	1	49	30	46
player02.anm	5	0	5	496	33	49	30	46
player02.anm	6	0	6	516	65	49	30	46
player02.anm	7	0	7	536	97	49	30	46
player02.anm	8	0	8	556	129	49	30	46
player02.anm	9	0	9	576	161	49	30	46
player02.anm	10	0	10	596	193	49	30	46
player02.anm	11	0	11	616	1	97	46	46
player02.anm	12	0	12	636	49	97	46	46
player02.anm	13	0	13	656	97	97	46	46
player02.anm	14	0	14	676	145	97	46	46
player02.anm	15	0	15	696	1	145	46	46
player02.anm	16	0	16	716	49	145	46	46
player02.anm	17	0	17	736	97	145	46	46
player02.anm	18	0	18	756	145	145	46	46
player02.anm	19	0	19	776	193	145	46	46
player02.anm	20	0	20	796	1	193	30	30
player02.anm	21	0	21	816	0	224	32	16
player02.anm	22	0	22	836	64	240	48	16
player02.anm	23	0	23	856	32	192	16	32
player02.anm	24	0	24	876	64	224	48	16
player03.anm	0	0	0	384	1	1	30	46
player03.anm	1	0	1	404	33	1	30	46
player03.anm	2	0	2	424	65	1	30	46
player03.anm	3	0	3	444	97	1	30	46
player03.anm	4	0	4	464	1	49	30	46
player03.anm	5	0	5	484	33	49	30	46
player03.anm	6	0	6	504	65	49	30	46
player03.anm	7	0	7	524	97	49	30	46
player03.anm	8	0	8	544	1	97	30	46
player03.anm	9	0	9	564	33	97	30	46
player03.anm	10	0	10	584	65	97	30	46
player03.anm	11	0	11	604	97	97	30	46
player03.anm	12	0	12	624	1	145	30	46
player03.anm	13	0	13	644	33	145	30	46
player03.anm	14	0	14	664	65	145	30	46
player03.anm	15	0	15	684	97	145	30	46
player03.anm	16	0	16	704	1	193	30	30
player03.anm	17	0	17	724	33	193	30	30
player03.anm	18	0	18	744	65	193	30	30
player03.anm	19	0	19	764	97	193	30	30
player03.anm	20	0	20	784	129	193	30	30
player03.anm	21	0	21	804	161	193	30	30
player03.anm	22	0	22	824	193	193	30	30
player03.anm	23	0	23	844	225	193	30	30
player03.anm	24	0	24	864	0	240	48	16
player03.anm	25	0	25	884	128	0	32	32
player03.anm	26	0	26	904	160	0	32	32
player03.anm	27	0	27	924	160	0	32	32
result00.anm	0	0	0	524	0	128	256	32
result00.anm	1	0	1	544	0	160	256	32
result00.anm	2	0	2	564	0	192	256	32
result00.anm	3	0	3	584	0	224	256	32
result00.anm	4	0	4	604	0	256	256	32
result00.anm	5	0	5	624	0	256	256	32
result00.anm	6	0	6	644	0	288	256	32
result00.anm	7	0	7	664	0	320	256	32
result00.anm	8	0	8	684	0	352	256	32
result00.anm	9	0	9	704	0	384	256	32
result00.anm	10	0	10	724	0	416	256	32
result00.anm	11	0	11	744	0	448	256	32
result00.anm	12	0	12	764	0	480	256	32
result00.anm	13	0	13	784	256	0	256	32
result00.anm	14	0	14	804	256	32	256	32
result00.anm	15	0	15	824	256	64	256	32
result00.anm	16	0	16	844	256	96	256	32
result00.anm	17	0	17	864	256	128	256	32
result00.anm	18	0	18	884	256	160	256	32
result00.anm	19	0	19	904	256	192	256	32
result00.anm	20	0	20	924	256	224	256	32
result00.anm	21	0	21	944	0	0	256	32
result00.anm	22	0	22	964	0	32	256	32
result00.anm	23	0	23	984	0	64	256	32
result00.anm	24	0	24	1004	0	96	256	32
result00.anm	25	1	25	553456	0	0	112	48
result00.anm	26	1	26	553476	112	0	144	48
result00.anm	27	1	27	553496	0	48	112	48
result00.anm	28	1	28	553516	112	48	144	48
result00.anm	29	1	29	553536	0	96	112	48
result00.anm	30	1	30	553556	112	96	144	48
result00.anm	31	1	31	553576	0	144	256	48
result00.anm	32	1	32	553596	0	240	256	16
result00.anm	33	2	33	686020	0	0	256	32
result00.anm	34	2	34	686040	0	32	48	32
result00.anm	35	2	35	686060	48	32	64	32
result00.anm	36	2	36	686080	0	64	256	48
result00.anm	37	2	37	686100	0	112	256	48
result00.anm	38	2	38	686120	0	176	256	32
result00.anm	39	2	39	686140	0	208	256	48
result00.anm	40	3	40	821720	0	0	256	256
resulttext.anm	0	0	0	204	0	18	320	17
resulttext.anm	1	0	1	224	0	36	320	17
resulttext.anm	2	0	2	244	0	0	512	17
resulttext.anm	3	0	3	264	0	18	512	17
resulttext.anm	4	0	4	284	0	36	512	17
resulttext.anm	5	0	5	304	0	54	512	17
resulttext.anm	6	0	6	324	0	72	512	17
resulttext.anm	7	0	7	344	0	90	512	17
resulttext.anm	8	0	8	364	0	108	512	17
resulttext.anm	9	0	9	384	0	126	512	17
resulttext.anm	10	0	10	404	0	144	512	17
resulttext.anm	11	0	11	424	0	162	512	17
resulttext.anm	12	0	12	444	0	180	512	17
resulttext.anm	13	0	13	464	0	198	512	17
resulttext.anm	14	0	14	484	0	216	512	17
resulttext.anm	15	0	15	504	0	234	512	17
resulttext.anm	16	0	16	524	0	252	512	17
resulttext.anm	17	0	17	544	0	270	512	17
resulttext.anm	18	0	18	564	0	288	512	17
resulttext.anm	19	0	19	584	0	306	512	17
resulttext.anm	20	0	20	604	0	324	512	17
resulttext.anm	21	0	21	624	0	342	512	17
resulttext.anm	22	0	22	644	0	360	512	17
resulttext.anm	23	0	23	664	0	378	512	17
resulttext.anm	24	0	24	684	0	396	512	17
resulttext.anm	25	0	25	704	0	414	512	17
resulttext.anm	26	0	26	724	0	432	512	17
resulttext.anm	27	0	27	744	0	450	512	17
resulttext.anm	28	0	28	764	0	468	512	17
resulttext.anm	29	0	29	784	0	486	512	17
resulttext.anm	30	0	30	804	0	504	512	17
staff01.anm	0	0	0	176	0	0	256	64
staff01.anm	1	0	1	196	0	64	256	64
staff01.anm	2	0	2	216	0	128	256	64
staff01.anm	3	0	3	236	0	192	256	64
staff01.anm	4	1	4	263408	0	0	256	64
staff01.anm	5	1	5	263428	0	64	256	64
staff01.anm	6	1	6	263448	0	128	256	64
staff01.anm	7	1	7	263468	0	192	256	64
staff01.anm	8	2	8	525764	0	0	256	64
staff01.anm	9	2	9	525784	0	64	256	64
staff01.anm	10	2	10	525804	0	128	256	32
staff01.anm	11	2	11	525824	0	160	256	64
staff01.anm	12	2	12	525844	0	224	256	32
stg1bg.anm	0	0	0	132	1	1	254	254
stg1bg.anm	1	0	1	152	258	2	124	124
stg1bg.anm	2	0	2	172	386	2	124	124
stg1enm.anm	0	0	0	188	0	0	48	64
stg1enm.anm	1	0	1	208	48	0	48	64
stg1enm.anm	2	0	2	228	96	0	48	64
stg1enm.anm	3	0	3	248	144	0	48	64
stg1enm.anm	4	0	4	268	192	0	48	64
stg1enm.anm	5	0	5	288	0	64	48	64
stg1enm.anm	6	0	6	308	48	64	48	64
stg1enm.anm	7	0	7	328	96	64	48	64
stg1enm.anm	8	0	8	348	144	64	48	64
stg1enm.anm	9	0	9	368	0	128	48	64
stg1enm.anm	10	0	10	388	48	128	48	64
stg1txt.anm	0	0	0	152	0	0	256	48
stg1txt.anm	1	0	1	172	0	48	96	32
stg1txt.anm	2	0	2	192	256	0	256	48
stg1txt.anm	3	0	3	212	0	80	256	24
stg1txt.anm	4	0	4	232	0	104	256	24
stg1txt.anm	5	0	5	252	0	128	128	128
stg2bg.anm	0	0	0	132	1	258	254	252
stg2bg.anm	1	0	1	152	258	2	124	124
stg2bg.anm	2	0	2	172	386	2	124	124
stg2enm.anm	0	0	0	192	0	0	48	64
stg2enm.anm	1	0	1	212	48	0	48	64
stg2enm.anm	2	0	2	232	96	0	48	64
stg2enm.anm	3	0	3	252	144	0	48	64
stg2enm.anm	4	0	4	272	0	64	48	64
stg2enm.anm	5	0	5	292	48	64	48	64
stg2enm.anm	6	0	6	312	96	64	48	64
stg2enm.anm	7	0	7	332	144	64	48	64
stg2enm.anm	8	0	8	352	0	128	48	64
stg2enm.anm	9	0	9	372	48	128	48	64
stg2enm.anm	10	0	10	392	96	128	48	64
stg2enm.anm	11	0	11	412	144	128	48	64
stg2txt.anm	0	0	0	152	0	0	256	48
stg2txt.anm	1	0	1	172	0	48	96	32
stg2txt.anm	2	0	2	192	256	0	256	48
stg2txt.anm	3	0	3	212	0	80	256	24
stg2txt.anm	4	0	4	232	0	104	256	24
stg2txt.anm	5	0	5	252	0	128	128	128
stg3bg.anm	0	0	0	120	2	1	252	252
stg3bg.anm	1	0	1	140	258	1	252	252
stg3bg.anm	2	1	2	525492	1	1	254	254
stg3bg.anm	3	1	3	525512	1	1	254	254
stg3enm.anm	0	0	0	192	0	0	64	80
stg3enm.anm	1	0	1	212	64	0	64	80
stg3enm.anm	2	0	2	232	128	0	64	80
stg3enm.anm	3	0	3	252	192	0	64	80
stg3enm.anm	4	0	4	272	0	80	64	80
stg3enm.anm	5	0	5	292	64	80	64	80
stg3enm.anm	6	0	6	312	128	80	64	80
stg3enm.anm	7	0	7	332	192	80	64	80
stg3enm.anm	8	0	8	352	0	160	64	80
stg3enm.anm	9	0	9	372	64	160	64	80
stg3enm.anm	10	0	10	392	128	160	64	80
stg3enm.anm	11	0	11	412	192	160	64	80
stg3txt.anm	0	0	0	152	0	0	256	48
stg3txt.anm	1	0	1	172	0	48	96	32
stg3txt.anm	2	0	2	192	256	0	256	48
stg3txt.anm	3	0	3	212	0	80	256	24
stg3txt.anm	4	0	4	232	0	104	256	24
stg3txt.anm	5	0	5	252	0	128	128	128
stg4abg.anm	0	0	0	144	1	1	254	254
stg4abg.anm	1	0	1	164	496	0	16	512
stg4abg.anm	2	0	2	184	0	257	288	254
stg4abg.anm	3	0	3	204	257	0	237	192
stg4abg.anm	4	1	4	524880	0	0	384	448
stg4aenm.anm	0	0	0	288	0	0	64	80
stg4aenm.anm	1	0	1	308	64	0	64	80
stg4aenm.anm	2	0	2	328	128	0	64	80
stg4aenm.anm	3	0	3	348	192	0	64	80
stg4aenm.anm	4	0	4	368	0	80	64	80
stg4aenm.anm	5	0	5	388	64	80	64	80
stg4aenm.anm	6	0	6	408	128	80	64	80
stg4aenm.anm	7	0	7	428	192	80	64	80
stg4aenm.anm	8	0	8	448	0	160	64	80
stg4aenm.anm	9	0	9	468	64	160	64	80
stg4aenm.anm	10	0	10	488	128	160	64	80
stg4aenm.anm	11	0	11	508	192	160	64	80
stg4aenm.anm	12	0	12	528	0	0	64	80
stg4aenm.anm	13	0	13	548	64	0	64	80
stg4aenm.anm	14	0	14	568	128	0	64	80
stg4aenm.anm	15	0	15	588	192	0	64	80
stg4aenm.anm	16	0	16	608	0	80	64	80
stg4aenm.anm	17	0	17	628	64	80	64	80
stg4aenm.anm	18	0	18	648	128	80	64	80
stg4aenm.anm	19	0	19	668	192	80	64	80
stg4aenm.anm	20	0	20	688	0	160	64	80
stg4aenm.anm	21	0	21	708	64	160	64	80
stg4aenm.anm	22	0	22	728	128	160	64	80
stg4aenm.anm	23	0	23	748	192	160	64	80
stg4atxt.anm	0	0	0	152	0	0	256	48
stg4atxt.anm	1	0	1	172	0	48	96	32
stg4atxt.anm	2	0	2	192	256	0	256	48
stg4atxt.anm	3	0	3	212	0	80	256	24
stg4atxt.anm	4	0	4	232	0	104	256	24
stg4atxt.anm	5	0	5	252	0	128	128	128
stg4benm.anm	0	0	0	192	0	0	64	80
stg4benm.anm	1	0	1	212	64	0	64	80
stg4benm.anm	2	0	2	232	128	0	64	80
stg4benm.anm	3	0	3	252	192	0	64	80
stg4benm.anm	4	0	4	272	0	80	64	80
stg4benm.anm	5	0	5	292	64	80	64	80
stg4benm.anm	6	0	6	312	128	80	64	80
stg4benm.anm	7	0	7	332	192	80	64	80
stg4benm.anm	8	0	8	352	0	160	64	80
stg4benm.anm	9	0	9	372	64	160	64	80
stg4benm.anm	10	0	10	392	128	160	64	80
stg4benm.anm	11	0	11	412	192	160	64	80
stg4benm.anm	12	1	12	132964	1	0	255	128
stg4btxt.anm	0	0	0	152	0	0	256	48
stg4btxt.anm	1	0	1	172	0	48	96	32
stg4btxt.anm	2	0	2	192	256	0	256	48
stg4btxt.anm	3	0	3	212	0	80	256	24
stg4btxt.anm	4	0	4	232	0	104	256	24
stg4btxt.anm	5	0	5	252	0	128	128	128
stg5bg.anm	0	0	0	196	1	1	252	252
stg5bg.anm	1	0	1	216	257	1	254	254
stg5bg.anm	2	0	2	236	1	258	126	125
stg5bg.anm	3	0	3	256	257	1	30	254
stg5bg.anm	4	0	4	276	481	1	30	254
stg5bg.anm	5	0	5	296	257	257	252	252
stg5bg.anm	6	0	6	316	129	258	126	125
stg5enm.anm	0	0	0	260	0	0	48	64
stg5enm.anm	1	0	1	280	48	0	48	64
stg5enm.anm	2	0	2	300	96	0	48	64
stg5enm.anm	3	0	3	320	144	0	48	64
stg5enm.anm	4	0	4	340	0	192	256	64
stg5enm.anm	5	0	5	360	192	0	64	80
stg5enm.anm	6	0	6	380	192	0	64	80
stg5enm.anm	7	0	7	400	192	0	64	80
stg5enm.anm	8	0	8	420	192	0	64	80
stg5enm.anm	9	0	9	440	0	80	64	80
stg5enm.anm	10	0	10	460	64	80	64	80
stg5enm.anm	11	0	11	480	128	80	64	80
stg5enm.anm	12	0	12	500	192	80	64	80
stg5enm.anm	13	0	13	520	192	0	64	80
stg5enm.anm	14	0	14	540	192	0	64	80
stg5enm.anm	15	0	15	560	192	0	64	80
stg5enm.anm	16	0	16	580	192	0	64	80
stg5enm.anm	17	1	17	133772	0	0	64	80
stg5enm.anm	18	1	18	133792	64	0	64	80
stg5enm.anm	19	1	19	133812	128	0	64	80
stg5enm.anm	20	1	20	133832	192	0	64	80
stg5enm.anm	21	1	21	133852	0	80	64	80
stg5enm.anm	22	1	22	133872	64	80	64	80
stg5enm.anm	23	1	23	133892	128	80	64	80
stg5enm.anm	24	1	24	133912	192	80	64	80
stg5enm.anm	25	1	25	133932	0	160	64	80
stg5enm.anm	26	1	26	133952	64	160	64	80
stg5enm.anm	27	1	27	133972	128	160	64	80
stg5enm.anm	28	1	28	133992	192	160	64	80
stg5txt.anm	0	0	0	152	0	0	256	48
stg5txt.anm	1	0	1	172	0	48	96	32
stg5txt.anm	2	0	2	192	256	0	256	48
stg5txt.anm	3	0	3	212	0	80	256	24
stg5txt.anm	4	0	4	232	0	104	256	24
stg5txt.anm	5	0	5	252	0	128	128	128
stg6bg.anm	0	0	0	196	1	1	252	252
stg6bg.anm	1	0	1	216	257	1	254	254
stg6bg.anm	2	0	2	236	1	258	126	125
stg6bg.anm	3	0	3	256	257	1	30	254
stg6bg.anm	4	0	4	276	481	1	30	254
stg6bg.anm	5	0	5	296	257	257	252	252
stg6bg.anm	6	0	6	316	129	258	126	125
stg6bg.anm	7	1	7	1049648	0	0	384	448
stg6bg.anm	8	2	8	2098652	0	0	256	256
stg6bg.anm	9	3	9	2361168	0	0	256	256
stg6bg.anm	10	4	10	2623684	0	0	256	256
stg6enm.anm	0	0	0	204	0	0	64	80
stg6enm.anm	1	0	1	224	0	0	64	80
stg6enm.anm	2	0	2	244	0	0	64	80
stg6enm.anm	3	0	3	264	0	0	64	80
stg6enm.anm	4	0	4	284	0	80	64	80
stg6enm.anm	5	0	5	304	64	80	64	80
stg6enm.anm	6	0	6	324	128	80	64	80
stg6enm.anm	7	0	7	344	192	80	64	80
stg6enm.anm	8	0	8	364	0	160	64	80
stg6enm.anm	9	0	9	384	64	160	64	80
stg6enm.anm	10	0	10	404	128	160	64	80
stg6enm.anm	11	0	11	424	192	160	64	80
stg6enm.anm	12	0	12	444	176	0	80	80
stg6txt.anm	0	0	0	156	0	0	256	48
stg6txt.anm	1	0	1	176	0	48	96	32
stg6txt.anm	2	0	2	196	256	0	256	48
stg6txt.anm	3	0	3	216	0	80	256	24
stg6txt.anm	4	0	4	236	0	104	256	24
stg6txt.anm	5	0	5	256	256	80	256	24
stg6txt.anm	6	0	6	276	0	128	128	128
stg7bg.anm	0	0	0	196	1	1	252	252
stg7bg.anm	1	0	1	216	257	1	254	254
stg7bg.anm	2	0	2	236	1	258	126	125
stg7bg.anm	3	0	3	256	257	1	30	254
stg7bg.anm	4	0	4	276	481	1	30	254
stg7bg.anm	5	0	5	296	257	257	252	252
stg7bg.anm	6	0	6	316	129	258	126	125
stg7bg.anm	7	1	7	1049640	128	0	384	448
stg7bg.anm	8	2	8	2098528	0	0	256	256
stg7bg.anm	9	3	9	2230164	0	0	256	256
stg7enm.anm	0	0	0	204	0	0	64	80
stg7enm.anm	1	0	1	224	0	0	64	80
stg7enm.anm	2	0	2	244	0	0	64	80
stg7enm.anm	3	0	3	264	0	0	64	80
stg7enm.anm	4	0	4	284	0	80	64	80
stg7enm.anm	5	0	5	304	64	80	64	80
stg7enm.anm	6	0	6	324	128	80	64	80
stg7enm.anm	7	0	7	344	192	80	64	80
stg7enm.anm	8	0	8	364	0	160	64	80
stg7enm.anm	9	0	9	384	64	160	64	80
stg7enm.anm	10	0	10	404	128	160	64	80
stg7enm.anm	11	0	11	424	192	160	64	80
stg7enm.anm	12	0	12	444	176	0	80	80
stg7enm.anm	13	1	13	133096	0	0	80	80
stg7enm.anm	14	1	14	133116	0	0	80	80
stg7enm.anm	15	1	15	133136	0	0	80	80
stg7enm.anm	16	1	16	133156	0	0	80	80
stg7enm.anm	17	1	17	133176	0	80	80	80
stg7enm.anm	18	1	18	133196	80	80	80	80
stg7enm.anm	19	1	19	133216	160	80	80	80
stg7enm.anm	20	1	20	133236	160	80	80	80
stg7enm.anm	21	1	21	133256	0	160	80	80
stg7enm.anm	22	1	22	133276	80	160	80	80
stg7enm.anm	23	1	23	133296	160	160	80	80
stg7enm.anm	24	1	24	133316	0	160	80	80
stg7txt.anm	0	0	0	156	0	0	256	48
stg7txt.anm	1	0	1	176	0	48	96	32
stg7txt.anm	2	0	2	196	256	0	256	64
stg7txt.anm	3	0	3	216	0	80	256	24
stg7txt.anm	4	0	4	236	0	104	256	24
stg7txt.anm	5	0	5	256	256	80	256	24
stg7txt.anm	6	0	6	276	0	128	128	128
stg8bg.anm	0	0	0	144	1	1	254	254
stg8bg.anm	1	0	1	164	496	0	16	512
stg8bg.anm	2	0	2	184	0	257	288	254
stg8bg.anm	3	0	3	204	257	0	237	192
stg8bg.anm	4	1	4	524880	0	0	384	448
stg8enm.anm	0	0	0	192	0	0	64	80
stg8enm.anm	1	0	1	212	64	0	64	80
stg8enm.anm	2	0	2	232	128	0	64	80
stg8enm.anm	3	0	3	252	192	0	64	80
stg8enm.anm	4	0	4	272	0	80	64	80
stg8enm.anm	5	0	5	292	64	80	64	80
stg8enm.anm	6	0	6	312	128	80	64	80
stg8enm.anm	7	0	7	332	192	80	64	80
stg8enm.anm	8	0	8	352	0	160	64	80
stg8enm.anm	9	0	9	372	64	160	64	80
stg8enm.anm	10	0	10	392	128	160	64	80
stg8enm.anm	11	0	11	412	192	160	64	80
stg8enm.anm	12	1	12	132884	0	0	64	80
stg8enm.anm	13	1	13	132904	64	0	64	80
stg8enm.anm	14	1	14	132924	128	0	64	80
stg8enm.anm	15	1	15	132944	192	0	64	80
stg8enm.anm	16	1	16	132964	0	80	64	80
stg8enm.anm	17	1	17	132984	64	80	64	80
stg8enm.anm	18	1	18	133004	128	80	64	80
stg8enm.anm	19	1	19	133024	192	80	64	80
stg8enm.anm	20	1	20	133044	0	160	64	80
stg8enm.anm	21	1	21	133064	64	160	64	80
stg8enm.anm	22	1	22	133084	128	160	64	80
stg8enm.anm	23	1	23	133104	192	160	64	80
stg8enm.anm	24	2	24	265616	1	1	254	254
stg8txt.anm	0	0	0	156	0	0	256	48
stg8txt.anm	1	0	1	176	0	48	96	32
stg8txt.anm	2	0	2	196	256	0	256	64
stg8txt.anm	3	0	3	216	0	80	256	24
stg8txt.anm	4	0	4	236	0	104	256	24
stg8txt.anm	5	0	5	256	256	80	256	24
stg8txt.anm	6	0	6	276	0	128	128	128
stgenm_al.anm	0	0	0	196	0	0	48	64
stgenm_al.anm	1	0	1	216	0	0	48	64
stgenm_al.anm	2	0	2	236	0	0	48	64
stgenm_al.anm	3	0	3	256	0	0	48	64
stgenm_al.anm	4	0	4	276	0	64	48	64
stgenm_al.anm	5	0	5	296	48	64	48	64
stgenm_al.anm	6	0	6	316	96	64	48	64
stgenm_al.anm	7	0	7	336	144	64	48	64
stgenm_al.anm	8	0	8	356	192	64	48	64
stgenm_al.anm	9	0	9	376	0	160	64	80
stgenm_al.anm	10	0	10	396	64	160	64	80
stgenm_al.anm	11	0	11	416	128	160	64	80
stgenm_al.anm	12	0	12	436	192	160	64	80
stgenm_rm.anm	0	0	0	156	0	0	64	80
stgenm_rm.anm	1	0	1	176	64	0	64	80
stgenm_rm.anm	2	0	2	196	128	0	64	80
stgenm_sk.anm	0	0	0	192	0	0	64	80
stgenm_sk.anm	1	0	1	212	64	0	64	80
stgenm_sk.anm	2	0	2	232	128	0	64	80
stgenm_sk.anm	3	0	3	252	192	0	64	80
stgenm_sk.anm	4	0	4	272	0	80	64	80
stgenm_sk.anm	5	0	5	292	64	80	64	80
stgenm_sk.anm	6	0	6	312	128	80	64	80
stgenm_sk.anm	7	0	7	332	192	80	64	80
stgenm_sk.anm	8	0	8	352	0	160	64	80
stgenm_sk.anm	9	0	9	372	64	160	64	80
stgenm_sk.anm	10	0	10	392	128	160	64	80
stgenm_sk.anm	11	0	11	412	192	160	64	80
stgenm_yk.anm	0	0	0	312	0	192	80	96
stgenm_yk.anm	1	0	1	332	80	192	80	96
stgenm_yk.anm	2	0	2	352	160	192	80	96
stgenm_yk.anm	3	0	3	372	0	288	80	96
stgenm_yk.anm	4	0	4	392	80	288	80	96
stgenm_yk.anm	5	0	5	412	160	288	80	96
stgenm_yk.anm	6	0	6	432	0	384	80	96
stgenm_yk.anm	7	0	7	452	80	384	80	96
stgenm_yk.anm	8	0	8	472	160	384	80	96
stgenm_yk.anm	9	0	9	492	0	96	64	64
stgenm_yk.anm	10	0	10	512	384	384	128	128
stgenm_yk.anm	11	0	11	532	256	384	128	128
stgenm_yk.anm	12	0	12	552	256	80	64	80
stgenm_yk.anm	13	0	13	572	320	80	64	80
stgenm_yk.anm	14	0	14	592	384	80	64	80
stgenm_yk.anm	15	0	15	612	448	80	64	80
stgenm_yk.anm	16	0	16	632	256	160	64	80
stgenm_yk.anm	17	0	17	652	256	240	64	80
stgenm_yk.anm	18	0	18	672	320	240	64	80
stgenm_yk.anm	19	0	19	692	384	240	64	80
stgenm_ym.anm	0	0	0	232	0	0	48	64
stgenm_ym.anm	1	0	1	252	48	0	48	64
stgenm_ym.anm	2	0	2	272	96	0	48	64
stgenm_ym.anm	3	0	3	292	144	0	48	64
stgenm_ym.anm	4	0	4	312	0	64	48	64
stgenm_ym.anm	5	0	5	332	48	64	48	64
stgenm_ym.anm	6	0	6	352	96	64	48	64
stgenm_ym.anm	7	0	7	372	144	64	48	64
stgenm_ym.anm	8	0	8	392	192	0	48	64
stgenm_ym.anm	9	0	9	412	192	64	48	64
stgenm_ym.anm	10	0	10	432	96	128	48	64
stgenm_ym.anm	11	0	11	452	144	128	48	64
stgenm_ym.anm	12	0	12	472	0	176	48	80
stgenm_ym.anm	13	0	13	492	48	176	48	80
stgenm_ym.anm	14	0	14	512	96	192	48	64
stgenm_ym.anm	15	0	15	532	144	192	48	64
stgenm_ym.anm	16	0	16	552	192	192	48	64
stgenm_ym.anm	17	0	17	572	240	0	16	256
stgenm_yy.anm	0	0	0	204	0	0	48	80
stgenm_yy.anm	1	0	1	224	48	0	48	80
stgenm_yy.anm	2	0	2	244	96	0	48	80
stgenm_yy.anm	3	0	3	264	144	0	48	96
stgenm_yy.anm	4	0	4	284	0	80	48	80
stgenm_yy.anm	5	0	5	304	48	80	48	80
stgenm_yy.anm	6	0	6	324	96	80	48	80
stgenm_yy.anm	7	0	7	344	0	256	512	256
stgenm_yy.anm	8	0	8	364	0	160	208	48
text.anm	0	0	0	496	0	18	320	17
text.anm	1	0	1	516	0	36	320	17
text.anm	2	0	2	536	0	54	256	17
text.anm	3	0	3	556	0	72	256	17
text.anm	4	0	4	576	0	90	320	17
text.anm	5	0	5	596	0	108	320	17
text.anm	6	0	6	616	0	0	320	17
text.anm	7	0	7	636	0	18	320	17
text.anm	8	0	8	656	0	36	320	17
text.anm	9	0	9	676	0	54	320	17
text.anm	10	0	10	696	0	72	320	17
text.anm	11	0	11	716	0	90	320	17
text.anm	12	0	12	736	0	108	320	17
text.anm	13	0	13	756	0	126	320	17
text.anm	14	0	14	776	0	144	320	17
text.anm	15	0	15	796	0	162	320	17
text.anm	16	0	16	816	0	180	320	17
text.anm	17	0	17	836	0	198	320	17
text.anm	18	0	18	856	0	216	320	17
text.anm	19	0	19	876	0	234	320	17
text.anm	20	0	20	896	0	252	320	17
text.anm	21	0	21	916	0	0	512	17
text.anm	22	0	22	936	0	18	512	17
text.anm	23	0	23	956	0	36	512	17
text.anm	24	0	24	976	0	54	512	17
text.anm	25	0	25	996	0	72	512	17
text.anm	26	0	26	1016	0	90	512	17
text.anm	27	0	27	1036	0	108	512	17
text.anm	28	0	28	1056	0	126	512	17
text.anm	29	0	29	1076	0	144	512	17
text.anm	30	0	30	1096	0	162	512	17
text.anm	31	0	31	1116	0	180	512	17
text.anm	32	0	32	1136	0	198	512	17
text.anm	33	0	33	1156	0	216	512	17
text.anm	34	0	34	1176	0	234	512	17
text.anm	35	0	35	1196	0	252	512	17
times.anm	0	0	0	184	0	0	128	32
times.anm	1	0	1	204	0	32	128	32
times.anm	2	0	2	224	0	64	128	32
times.anm	3	0	3	244	0	96	128	32
times.anm	4	0	4	264	0	128	128	32
times.anm	5	0	5	284	0	160	128	32
times.anm	6	0	6	304	0	192	128	32
times.anm	7	0	7	324	0	224	128	32
times.anm	8	0	8	344	128	0	128	32
times.anm	9	0	9	364	128	32	128	32
times.anm	10	0	10	384	128	64	128	32
times.anm	11	0	11	404	128	96	128	32
times.anm	12	0	12	424	128	128	128	32
times.anm	13	0	13	444	128	160	128	32
times.anm	14	0	14	464	128	192	128	32
times.anm	15	0	15	484	128	224	128	32
title01.anm	0	0	0	108	0	0	256	480
title01.anm	1	1	1	263644	0	0	80	32
title01.anm	2	1	2	263664	0	64	80	32
title01.anm	3	1	3	263684	80	0	160	32
title01.anm	4	1	4	263704	80	64	160	32
title01.anm	5	1	5	263724	240	0	192	32
title01.anm	6	1	6	263744	240	64	192	32
title01.anm	7	1	7	263764	0	32	96	32
title01.anm	8	1	8	263784	0	96	96	32
title01.anm	9	1	9	263804	96	32	96	32
title01.anm	10	1	10	263824	96	96	96	32
title01.anm	11	1	11	263844	192	32	160	32
title01.anm	12	1	12	263864	192	96	160	32
title01.anm	13	1	13	263884	352	32	160	32
title01.anm	14	1	14	263904	352	96	160	32
title01.anm	15	1	15	263924	400	416	96	32
title01.anm	16	1	16	263944	400	480	96	32
title01.anm	17	1	17	263964	384	160	64	32
title01.anm	18	1	18	263984	384	224	64	32
title01.anm	19	1	19	264004	0	128	96	32
title01.anm	20	1	20	264024	0	192	96	32
title01.anm	21	1	21	264044	96	128	112	32
title01.anm	22	1	22	264064	96	192	112	32
title01.anm	23	1	23	264084	208	128	80	32
title01.anm	24	1	24	264104	208	192	80	32
title01.anm	25	1	25	264124	288	128	96	32
title01.anm	26	1	26	264144	288	192	96	32
title01.anm	27	1	27	264164	384	128	80	32
title01.anm	28	1	28	264184	384	192	80	32
title01.anm	29	1	29	264204	0	160	144	32
title01.anm	30	1	30	264224	0	224	144	32
title01.anm	31	1	31	264244	144	160	96	32
title01.anm	32	1	32	264264	144	224	96	32
title01.anm	33	1	33	264284	240	160	144	32
title01.anm	34	1	34	264304	240	224	144	32
title01.anm	35	1	35	264324	384	160	64	32
title01.anm	36	1	36	264344	384	224	64	32
title01.anm	37	1	37	264364	448	160	64	32
title01.anm	38	1	38	264384	448	224	64	32
title01.anm	39	1	39	264404	0	256	32	32
title01.anm	40	1	40	264424	0	320	32	32
title01.anm	41	1	41	264444	32	256	32	32
title01.anm	42	1	42	264464	32	320	32	32
title01.anm	43	1	43	264484	64	256	32	32
title01.anm	44	1	44	264504	64	320	32	32
title01.anm	45	1	45	264524	96	256	32	32
title01.anm	46	1	46	264544	96	320	32	32
title01.anm	47	1	47	264564	128	256	32	32
title01.anm	48	1	48	264584	128	320	32	32
title01.anm	49	1	49	264604	160	256	32	32
title01.anm	50	1	50	264624	160	320	32	32
title01.anm	51	1	51	264644	192	256	32	32
title01.anm	52	1	52	264664	192	320	32	32
title01.anm	53	1	53	264684	224	256	32	32
title01.anm	54	1	54	264704	224	320	32	32
title01.anm	55	1	55	264724	256	256	32	32
title01.anm	56	1	56	264744	256	320	32	32
title01.anm	57	1	57	264764	288	256	32	32
title01.anm	58	1	58	264784	288	320	32	32
title01.anm	59	1	59	264804	320	256	80	32
title01.anm	60	1	60	264824	320	320	80	32
title01.anm	61	1	61	264844	400	256	80	32
title01.anm	62	1	62	264864	400	320	80	32
title01.anm	63	1	63	264884	480	256	32	32
title01.anm	64	1	64	264904	480	320	32	32
title01.anm	65	1	65	264924	0	288	48	32
title01.anm	66	1	66	264944	0	352	48	32
title01.anm	67	1	67	264964	48	288	48	32
title01.anm	68	1	68	264984	48	352	48	32
title01.anm	69	1	69	265004	96	288	64	32
title01.anm	70	1	70	265024	96	352	64	32
title01.anm	71	1	71	265044	160	288	64	32
title01.anm	72	1	72	265064	160	352	64	32
title01.anm	73	1	73	265084	224	288	112	32
title01.anm	74	1	74	265104	224	352	112	32
title01.anm	75	1	75	265124	336	288	144	32
title01.anm	76	1	76	265144	336	352	144	32
title01.anm	77	1	77	265164	0	384	80	32
title01.anm	78	1	78	265184	0	448	80	32
title01.anm	79	1	79	265204	80	384	96	32
title01.anm	80	1	80	265224	80	448	96	32
title01.anm	81	1	81	265244	176	384	80	32
title01.anm	82	1	82	265264	176	448	80	32
title01.anm	83	1	83	265284	256	384	80	32
title01.anm	84	1	84	265304	256	448	80	32
title01.anm	85	1	85	265324	336	384	48	32
title01.anm	86	1	86	265344	336	448	48	32
title01.anm	87	1	87	265364	384	384	128	32
title01.anm	88	1	88	265384	384	448	128	32
title01.anm	89	1	89	265404	0	416	96	32
title01.anm	90	1	90	265424	0	480	96	32
title01.anm	91	1	91	265444	96	416	80	32
title01.anm	92	1	92	265464	96	480	80	32
title01.anm	93	1	93	265484	176	416	64	32
title01.anm	94	1	94	265504	176	480	64	32
title01.anm	95	1	95	265524	240	416	80	32
title01.anm	96	1	96	265544	240	480	80	32
title01.anm	97	1	97	265564	320	416	80	32
title01.anm	98	1	98	265584	320	480	80	32
title01.anm	99	1	99	265604	384	160	64	32
title01.anm	100	1	100	265624	384	224	64	32
title01.anm	101	2	101	809704	0	0	256	32
title01.anm	102	2	102	809724	0	32	48	16
title01.anm	103	2	103	809744	0	48	48	16
title01.anm	104	2	104	809764	0	64	64	16
title01.anm	105	2	105	809784	0	80	48	16
title01.anm	106	2	106	809804	0	96	64	16
title01.anm	107	2	107	809824	0	112	48	16
title01.anm	108	2	108	809844	0	128	64	16
title01.anm	109	2	109	809864	0	144	32	16
title01.anm	110	2	110	809884	0	160	80	16
title01.anm	111	2	111	809904	128	32	128	32
title01.anm	112	2	112	809924	128	64	128	48
title01.anm	113	2	113	809944	128	112	128	48
title01.anm	114	3	114	947896	0	0	512	480
title01.anm	115	4	115	1472876	0	0	512	480
title01.anm	116	5	116	1997856	0	0	512	480
title01.anm	117	6	117	2522836	0	0	512	480
title01.anm	118	7	118	3047816	0	0	512	480
title01.anm	119	8	119	3572796	0	0	512	480
title01.anm	120	9	120	4097776	0	0	512	480
title01.anm	121	10	121	4622756	0	0	512	480
title01.anm	122	11	122	5147736	0	0	256	256
title01.anm	123	12	123	5279308	0	0	256	256
title01.anm	124	13	124	5410880	0	0	256	256
title01.anm	125	14	125	5542452	0	0	256	256
title01.anm	126	15	126	5674024	0	0	256	256
title01.anm	127	16	127	5805596	0	0	256	256
title01.anm	128	17	128	5937168	0	0	256	256
title01.anm	129	18	129	6068740	0	0	256	256
title01.anm	130	19	130	6200312	0	0	256	256
title01.anm	131	20	131	6331884	0	0	256	256
title01.anm	132	21	132	6463456	0	0	256	256
title01.anm	133	22	133	6595028	0	0	256	256
title01.anm	134	23	134	6726700	0	0	256	80
title01.anm	135	23	135	6726720	256	0	256	80
title01.anm	136	23	136	6726740	0	80	256	80
title01.anm	137	23	137	6726760	256	80	256	80
title01.anm	138	23	138	6726780	0	160	256	80
title01.anm	139	23	139	6726800	256	160	256	80
title01.anm	140	23	140	6726820	0	240	256	80
title01.anm	141	23	141	6726840	256	240	256	80
title01.anm	142	23	142	6726860	0	320	256	80
title01.anm	143	23	143	6726880	256	320	256	80
title01.anm	144	23	144	6726900	0	400	96	64
title01.anm	145	23	145	6726920	96	400	144	16
title01.anm	146	23	146	6726940	96	416	144	16
title01.anm	147	23	147	6726960	96	432	144	16
title01.anm	148	23	148	6726980	96	448	144	16
title01.anm	149	23	149	6727000	96	464	144	16
title01.anm	150	23	150	6727020	0	480	256	32
title01.anm	151	23	151	6727040	256	480	256	32
title01.anm	152	24	152	7253908	0	0	256	48
title01.anm	153	24	153	7253928	0	48	256	48
title01.anm	154	24	154	7253948	0	96	256	48
title01.anm	155	24	155	7253968	0	144	256	48
title01.anm	156	24	156	7253988	0	192	256	48
