file	index	entry	raw_id	offset	instructions_including_end
ascii.anm	0	0	4294967269	4032	14
ascii.anm	1	0	4294967270	4228	14
ascii.anm	2	0	4294967271	4424	15
ascii.anm	3	0	4294967272	4640	12
ascii.anm	4	0	4294967273	4828	4
ascii.anm	5	0	4294967274	4868	17
ascii.anm	6	0	4294967275	5096	18
ascii.anm	7	0	4294967276	5320	17
ascii.anm	8	0	4294967277	5532	16
ascii.anm	9	0	4294967278	5736	6
ascii.anm	10	0	4294967279	5832	14
ascii.anm	11	0	4294967280	5996	8
ascii.anm	12	2	4294967281	271748	13
ascii.anm	13	2	4294967282	271944	13
ascii.anm	14	2	4294967283	272140	13
ascii.anm	15	2	4294967284	272336	13
ascii.anm	16	2	4294967285	272532	13
ascii.anm	17	2	4294967286	272728	13
ascii.anm	18	2	4294967287	272924	13
ascii.anm	19	2	4294967288	273120	11
ascii.anm	20	2	4294967289	273260	11
ascii.anm	21	2	4294967290	273400	11
ascii.anm	22	2	4294967291	273540	13
ascii.anm	23	2	4294967292	273736	13
ascii.anm	24	2	4294967293	273932	13
ascii.anm	25	2	4294967294	274128	11
ascii.anm	26	2	4294967295	274268	5
capture.anm	0	0	4294967291	192	11
capture.anm	1	0	4294967292	328	17
capture.anm	2	0	4294967293	616	18
capture.anm	3	0	4294967294	920	7
capture.anm	4	0	4294967295	1024	7
eff01.anm	0	0	4294967262	128	8
eff01.anm	1	1	4294967263	131448	8
eff02.anm	0	0	4294967264	128	9
eff02.anm	1	1	4294967265	131460	9
eff03.anm	0	0	4294967266	128	8
eff03.anm	1	1	4294967267	131452	9
eff04a.anm	0	0	4294967268	128	8
eff04a.anm	1	1	4294967269	131452	8
eff04b.anm	0	0	4294967270	128	8
eff04b.anm	1	1	4294967271	131452	8
eff05.anm	0	0	4294967272	128	12
eff05.anm	1	1	4294967273	524740	12
eff06.anm	0	0	4294967274	128	12
eff06.anm	1	1	4294967275	524740	12
eff06.anm	2	2	4294967276	656136	8
eff06.anm	3	3	4294967277	787456	8
eff07.anm	0	0	4294967278	128	12
eff07.anm	1	1	4294967279	524740	12
eff07.anm	2	2	4294967280	656136	8
eff07.anm	3	3	4294967281	787456	7
eff08.anm	0	0	4294967282	128	8
eff08.anm	1	1	4294967283	131452	9
eff08.anm	2	2	4294967284	262784	7
eff08.anm	3	3	4294967285	787308	12
eff09al.anm	0	0	4294967290	128	8
eff09al.anm	1	1	4294967291	131448	12
eff09rm.anm	0	0	4294967292	128	18
eff09rm.anm	1	1	4294967293	131616	9
eff09sk.anm	0	0	4294967286	128	18
eff09sk.anm	1	1	4294967287	131616	17
eff09yk.anm	0	0	0	128	18
eff09yk.anm	1	1	1	131588	11
eff09ym.anm	0	0	4294967288	128	17
eff09ym.anm	1	1	4294967289	131572	25
eff09yy.anm	0	0	4294967294	128	8
eff09yy.anm	1	1	4294967295	131448	8
enemy.anm	0	0	0	4672	6
enemy.anm	1	0	1	4744	6
enemy.anm	2	0	2	4808	7
enemy.anm	3	0	3	4880	10
enemy.anm	4	0	4	5000	11
enemy.anm	5	0	5	5128	12
enemy.anm	6	0	6	5292	6
enemy.anm	7	0	7	5364	6
enemy.anm	8	0	8	5428	7
enemy.anm	9	0	9	5500	10
enemy.anm	10	0	10	5620	11
enemy.anm	11	0	11	5748	12
enemy.anm	12	0	12	5912	6
enemy.anm	13	0	13	5984	6
enemy.anm	14	0	14	6048	7
enemy.anm	15	0	15	6120	10
enemy.anm	16	0	16	6240	11
enemy.anm	17	0	17	6368	12
enemy.anm	18	0	18	6532	6
enemy.anm	19	0	19	6604	6
enemy.anm	20	0	20	6668	7
enemy.anm	21	0	21	6740	10
enemy.anm	22	0	22	6860	11
enemy.anm	23	0	23	6988	12
enemy.anm	24	0	24	7152	6
enemy.anm	25	0	25	7224	6
enemy.anm	26	0	26	7288	7
enemy.anm	27	0	27	7360	10
enemy.anm	28	0	28	7480	11
enemy.anm	29	0	29	7608	12
enemy.anm	30	0	30	7772	6
enemy.anm	31	0	31	7844	6
enemy.anm	32	0	32	7908	7
enemy.anm	33	0	33	7980	10
enemy.anm	34	0	34	8100	11
enemy.anm	35	0	35	8228	12
enemy.anm	36	0	36	8392	6
enemy.anm	37	0	37	8464	6
enemy.anm	38	0	38	8528	7
enemy.anm	39	0	39	8600	10
enemy.anm	40	0	40	8720	11
enemy.anm	41	0	41	8848	12
enemy.anm	42	0	42	9012	6
enemy.anm	43	0	43	9084	6
enemy.anm	44	0	44	9148	7
enemy.anm	45	0	45	9220	10
enemy.anm	46	0	46	9340	11
enemy.anm	47	0	47	9468	12
enemy.anm	48	0	48	9632	6
enemy.anm	49	0	49	9728	4
enemy.anm	50	0	50	9776	4
enemy.anm	51	0	51	9824	4
enemy.anm	52	0	52	9872	4
enemy.anm	53	0	53	9920	10
enemy.anm	54	0	54	10040	10
enemy.anm	55	0	55	10160	10
enemy.anm	56	0	56	10280	10
enemy.anm	57	0	57	10400	7
enemy.anm	58	0	58	10484	7
enemy.anm	59	0	59	10568	7
enemy.anm	60	0	60	10652	7
enemy.anm	61	0	61	10736	4
enemy.anm	62	0	62	10784	4
enemy.anm	63	0	63	10832	4
enemy.anm	64	0	64	10880	4
enemy.anm	65	0	65	10928	4
enemy.anm	66	0	66	10976	4
enemy.anm	67	0	67	11024	4
enemy.anm	68	0	68	11072	4
enemy.anm	69	0	69	11120	4
enemy.anm	70	0	70	11168	4
enemy.anm	71	0	71	11216	4
enemy.anm	72	0	72	11264	4
enemy.anm	73	0	73	11312	4
enemy.anm	74	0	74	11360	4
enemy.anm	75	0	75	11408	4
enemy.anm	76	0	76	11456	4
enemy.anm	77	0	77	11504	6
enemy.anm	78	0	78	11576	6
enemy.anm	79	0	79	11640	7
enemy.anm	80	0	80	11712	10
enemy.anm	81	0	81	11832	11
enemy.anm	82	0	82	11960	12
enemy.anm	83	0	83	12124	6
enemy.anm	84	0	84	12196	6
enemy.anm	85	0	85	12260	7
enemy.anm	86	0	86	12332	10
enemy.anm	87	0	87	12452	11
enemy.anm	88	0	88	12580	12
enemy.anm	89	0	89	12744	6
enemy.anm	90	0	90	12816	6
enemy.anm	91	0	91	12880	7
enemy.anm	92	0	92	12952	10
enemy.anm	93	0	93	13072	11
enemy.anm	94	0	94	13200	12
enemy.anm	95	0	95	13364	6
enemy.anm	96	0	96	13436	6
enemy.anm	97	0	97	13500	7
enemy.anm	98	0	98	13572	10
enemy.anm	99	0	99	13692	11
enemy.anm	100	0	100	13820	12
etama.anm	0	0	4294967146	4328	3
etama.anm	1	0	4294967147	4356	3
etama.anm	2	0	4294967148	4384	4
etama.anm	3	0	4294967149	4424	3
etama.anm	4	0	4294967150	4452	4
etama.anm	5	0	4294967151	4492	4
etama.anm	6	0	4294967152	4532	4
etama.anm	7	0	4294967153	4572	3
etama.anm	8	0	4294967154	4600	4
etama.anm	9	0	4294967155	4640	4
etama.anm	10	0	4294967156	4680	4
etama.anm	11	0	4294967157	4720	4
etama.anm	12	0	4294967158	4760	3
etama.anm	13	0	4294967159	4788	3
etama.anm	14	0	4294967160	4816	4
etama.anm	15	0	4294967161	4856	5
etama.anm	16	0	4294967162	4916	6
etama.anm	17	0	4294967163	4992	6
etama.anm	18	0	4294967164	5068	7
etama.anm	19	0	4294967165	5164	7
etama.anm	20	0	4294967166	5264	7
etama.anm	21	0	4294967167	5364	7
etama.anm	22	0	4294967168	5464	7
etama.anm	23	0	4294967169	5564	13
etama.anm	24	0	4294967170	5744	7
etama.anm	25	1	4294967171	138708	4
etama.anm	26	1	4294967172	138748	6
etama.anm	27	1	4294967173	138820	8
etama.anm	28	1	4294967174	138920	7
etama.anm	29	1	4294967175	139008	9
etama.anm	30	1	4294967176	139128	8
etama.anm	31	1	4294967177	139228	8
etama.anm	32	1	4294967178	139328	14
etama.anm	33	1	4294967179	139532	14
etama.anm	34	1	4294967180	139736	15
etama.anm	35	1	4294967181	139972	8
etama.anm	36	1	4294967182	140084	9
etama.anm	37	1	4294967183	140204	9
etama.anm	38	1	4294967184	140324	9
etama.anm	39	1	4294967185	140444	9
etama.anm	40	1	4294967186	140564	10
etama.anm	41	1	4294967187	140696	10
etama.anm	42	1	4294967188	140828	10
etama.anm	43	1	4294967189	140960	10
etama.anm	44	1	4294967190	141092	8
etama.anm	45	1	4294967191	141192	10
etama.anm	46	1	4294967192	141332	9
etama.anm	47	1	4294967193	141444	10
etama.anm	48	1	4294967194	141572	27
etama.anm	49	1	4294967195	142040	27
etama.anm	50	1	4294967196	142508	27
etama.anm	51	1	4294967197	142976	10
etama.anm	52	1	4294967198	143104	14
etama.anm	53	1	4294967199	143320	17
etama.anm	54	1	4294967200	143592	13
etama.anm	55	1	4294967201	143776	9
etama.anm	56	1	4294967202	143900	8
etama.anm	57	1	4294967203	144000	8
etama.anm	58	1	4294967204	144112	9
etama.anm	59	1	4294967205	144236	9
etama.anm	60	1	4294967206	144360	9
etama.anm	61	1	4294967207	144484	3
etama.anm	62	1	4294967208	144512	3
etama.anm	63	1	4294967209	144540	3
etama.anm	64	1	4294967210	144568	3
etama.anm	65	1	4294967211	144596	3
etama.anm	66	1	4294967212	144624	3
etama.anm	67	1	4294967213	144652	4
etama.anm	68	1	4294967214	144692	5
etama.anm	69	1	4294967215	144768	12
etama.anm	70	1	4294967216	144956	5
etama.anm	71	1	4294967217	145016	18
etama.anm	72	1	4294967218	145308	19
etama.anm	73	1	4294967219	145624	22
etama.anm	74	1	4294967220	145992	22
etama.anm	75	1	4294967221	146360	10
etama.anm	76	2	4294967222	278080	9
etama.anm	77	2	4294967223	278208	9
etama.anm	78	2	4294967224	278336	9
etama.anm	79	2	4294967225	278464	5
etama.anm	80	2	4294967226	278520	9
etama.anm	81	2	4294967227	278648	16
etama.anm	82	2	4294967228	278912	16
etama.anm	83	2	4294967229	279184	7
etama.anm	84	2	4294967230	279276	6
etama.anm	85	2	4294967231	279348	5
etama.anm	86	2	4294967232	279408	10
etama.anm	87	2	4294967233	279568	13
etama.anm	88	2	4294967234	279772	9
etama.anm	89	2	4294967235	279896	9
etama.anm	90	2	4294967236	280020	9
etama.anm	91	2	4294967237	280144	9
etama.anm	92	2	4294967238	280268	9
etama.anm	93	2	4294967239	280392	9
etama.anm	94	2	4294967240	280516	9
etama.anm	95	2	4294967241	280640	9
etama.anm	96	2	4294967242	280764	13
etama.anm	97	2	4294967243	280972	13
etama.anm	98	2	4294967244	281180	13
etama.anm	99	2	4294967245	281388	13
etama.anm	100	2	4294967246	281596	14
etama.anm	101	2	4294967247	281824	14
etama.anm	102	2	4294967248	282052	11
etama.anm	103	2	4294967249	282208	11
etama.anm	104	3	4294967250	315276	9
etama.anm	105	4	4294967251	446616	3
etama.anm	106	5	4294967252	482204	4
etama.anm	107	5	4294967253	482244	4
etama.anm	108	5	4294967254	482292	4
etama.anm	109	5	4294967255	482340	4
etama.anm	110	5	4294967256	482388	4
etama.anm	111	5	4294967257	482436	4
etama.anm	112	5	4294967258	482476	4
etama.anm	113	5	4294967259	482516	4
etama.anm	114	5	4294967260	482556	8
etama.anm	115	5	4294967261	482652	4
face_al00.anm	0	0	4294967151	152	9
face_al00.anm	1	1	4294967152	524720	31
face_al00.anm	2	2	4294967153	656432	31
face_al00.anm	3	3	4294967154	788144	31
face_al00.anm	4	4	4294967155	919856	31
face_al00.anm	5	5	4294967156	1051568	31
face_al00.anm	6	6	4294967157	1183280	31
face_al00.anm	7	7	4294967158	1314992	31
face_al00.anm	8	8	4294967159	1446704	31
face_alsp.anm	0	0	4294967284	128	9
face_cdbg.anm	0	0	4294967120	176	16
face_cdbg.anm	1	0	4294967121	420	15
face_cdbg.anm	2	0	4294967122	652	16
face_cdbg.anm	3	0	4294967123	908	15
face_mr00.anm	0	0	4294967142	152	9
face_mr00.anm	1	1	4294967143	524736	31
face_mr00.anm	2	2	4294967144	656464	31
face_mr00.anm	3	3	4294967145	788192	31
face_mr00.anm	4	4	4294967146	919920	31
face_mr00.anm	5	5	4294967147	1051648	31
face_mr00.anm	6	6	4294967148	1183376	31
face_mr00.anm	7	7	4294967149	1315104	31
face_mr00.anm	8	8	4294967150	1446832	31
face_rm00.anm	0	0	4294967124	152	9
face_rm00.anm	1	1	4294967125	524720	31
face_rm00.anm	2	2	4294967126	656432	31
face_rm00.anm	3	3	4294967127	788144	31
face_rm00.anm	4	4	4294967128	919856	31
face_rm00.anm	5	5	4294967129	1051568	31
face_rm00.anm	6	6	4294967130	1183280	31
face_rm00.anm	7	7	4294967131	1314992	31
face_rm00.anm	8	8	4294967132	1446704	31
face_rs00.anm	0	0	4294967169	152	9
face_rs00.anm	1	1	4294967170	524736	31
face_rs00.anm	2	2	4294967171	656464	31
face_rs00.anm	3	3	4294967172	788192	31
face_rs00.anm	4	4	4294967173	919920	31
face_rs00.anm	5	5	4294967174	1051648	31
face_rs00.anm	6	6	4294967175	1183376	31
face_rs00.anm	7	7	4294967176	1315104	31
face_rs00.anm	8	8	4294967177	1446832	31
face_rssp.anm	0	0	4294967286	128	9
face_sk00.anm	0	0	4294967160	152	9
face_sk00.anm	1	1	4294967161	524736	31
face_sk00.anm	2	2	4294967162	656464	31
face_sk00.anm	3	3	4294967163	788192	31
face_sk00.anm	4	4	4294967164	919920	31
face_sk00.anm	5	5	4294967165	1051648	31
face_sk00.anm	6	6	4294967166	1183376	31
face_sk00.anm	7	7	4294967167	1315104	31
face_sk00.anm	8	8	4294967168	1446832	31
face_sksp.anm	0	0	4294967285	144	9
face_st01.anm	0	0	4294967196	128	9
face_st01.anm	1	1	4294967197	524712	8
face_st01.anm	2	2	4294967198	557732	30
face_st01.anm	3	3	4294967199	689488	30
face_st01.anm	4	4	4294967200	821292	30
face_st01sp.anm	0	0	4294967272	128	9
face_st02.anm	0	0	4294967201	128	9
face_st02.anm	1	1	4294967202	524712	8
face_st02.anm	2	2	4294967203	557732	30
face_st02.anm	3	3	4294967204	689488	30
face_st02.anm	4	4	4294967205	821244	30
face_st02.anm	5	5	4294967206	952976	30
face_st02sp.anm	0	0	4294967273	128	9
face_st03.anm	0	0	4294967207	128	9
face_st03.anm	1	1	4294967208	524712	8
face_st03.anm	2	2	4294967209	557732	30
face_st03.anm	3	3	4294967210	689488	30
face_st03.anm	4	4	4294967211	821220	30
face_st03.anm	5	5	4294967212	952928	30
face_st03.anm	6	6	4294967213	1084636	30
face_st03.anm	7	7	4294967214	1216344	30
face_st03sp.anm	0	0	4294967274	128	9
face_st04a.anm	0	0	4294967215	128	9
face_st04a.anm	1	1	4294967216	524712	8
face_st04a.anm	2	2	4294967217	557748	30
face_st04a.anm	3	3	4294967218	689496	30
face_st04a.anm	4	4	4294967219	821220	30
face_st04a.anm	5	5	4294967220	952944	30
face_st04a.anm	6	6	4294967221	1084716	30
face_st04a.anm	7	7	4294967222	1216440	30
face_st04asp.anm	0	0	4294967275	128	9
face_st04b.anm	0	0	4294967223	128	9
face_st04b.anm	1	1	4294967224	524712	8
face_st04b.anm	2	2	4294967225	557748	30
face_st04b.anm	3	3	4294967226	689496	30
face_st04b.anm	4	4	4294967227	821220	30
face_st04b.anm	5	5	4294967228	952944	30
face_st04b.anm	6	6	4294967229	1084668	30
face_st04b.anm	7	7	4294967230	1216416	30
face_st04b.anm	8	8	4294967231	1348140	30
face_st04bsp.anm	0	0	4294967276	128	9
face_st05.anm	0	0	4294967232	128	9
face_st05.anm	1	1	4294967233	524712	8
face_st05.anm	2	2	4294967234	557780	30
face_st05.anm	3	3	4294967235	820560	30
face_st05.anm	4	4	4294967236	1083340	30
face_st05.anm	5	5	4294967237	1346168	30
face_st05.anm	6	6	4294967238	1609020	30
face_st05b.anm	0	0	4294967239	432	30
face_st05b.anm	1	0	4294967240	924	30
face_st05b.anm	2	0	4294967241	1416	30
face_st05b.anm	3	0	4294967242	1908	30
face_st05b.anm	4	0	4294967243	2400	30
face_st05b.anm	5	0	4294967244	2892	30
face_st05msp.anm	0	0	4294967278	128	9
face_st05sp.anm	0	0	4294967277	128	9
face_st06.anm	0	0	4294967245	128	9
face_st06.anm	1	1	4294967246	1049000	8
face_st06.anm	2	2	4294967247	1082044	30
face_st06.anm	3	3	4294967248	1344824	30
face_st06.anm	4	4	4294967249	1607604	30
face_st06.anm	5	5	4294967250	1870384	30
face_st06.anm	6	6	4294967251	2133332	30
face_st06sp.anm	0	0	4294967279	128	9
face_st07.anm	0	0	4294967252	128	9
face_st07.anm	1	1	4294967253	1049000	8
face_st07.anm	2	2	4294967254	1082020	30
face_st07.anm	3	3	4294967255	1344824	30
face_st07.anm	4	4	4294967256	1607628	30
face_st07.anm	5	5	4294967257	1870576	30
face_st07sp.anm	0	0	4294967280	128	9
face_st08.anm	0	0	4294967261	128	9
face_st08.anm	1	1	4294967262	1049000	8
face_st08.anm	2	2	4294967263	1082020	30
face_st08.anm	3	3	4294967264	1344824	30
face_st08.anm	4	4	4294967265	1607604	30
face_st08.anm	5	5	4294967266	1870384	30
face_st08.anm	6	6	4294967267	2133212	30
face_st08.anm	7	7	4294967268	2396088	30
face_st08m.anm	0	0	4294967269	128	9
face_st08m.anm	1	1	4294967270	524712	8
face_st08m.anm	2	2	4294967271	558036	30
face_st08msp.anm	0	0	4294967282	128	9
face_st08sp.anm	0	0	4294967281	128	9
face_yk00.anm	0	0	4294967133	152	9
face_yk00.anm	1	1	4294967134	524736	31
face_yk00.anm	2	2	4294967135	656464	31
face_yk00.anm	3	3	4294967136	788192	31
face_yk00.anm	4	4	4294967137	919920	31
face_yk00.anm	5	5	4294967138	1051648	31
face_yk00.anm	6	6	4294967139	1183376	31
face_yk00.anm	7	7	4294967140	1315104	31
face_yk00.anm	8	8	4294967141	1446832	31
face_yksp.anm	0	0	4294967283	128	9
face_ym00.anm	0	0	4294967178	152	9
face_ym00.anm	1	1	4294967179	524720	31
face_ym00.anm	2	2	4294967180	656432	31
face_ym00.anm	3	3	4294967181	788144	31
face_ym00.anm	4	4	4294967182	919856	31
face_ym00.anm	5	5	4294967183	1051568	31
face_ym00.anm	6	6	4294967184	1183280	31
face_ym00.anm	7	7	4294967185	1314992	31
face_ym00.anm	8	8	4294967186	1446704	31
face_ymsp.anm	0	0	4294967287	128	9
face_yy00.anm	0	0	4294967187	152	9
face_yy00.anm	1	1	4294967188	524736	31
face_yy00.anm	2	2	4294967189	656464	31
face_yy00.anm	3	3	4294967190	788192	31
face_yy00.anm	4	4	4294967191	919920	31
face_yy00.anm	5	5	4294967192	1051648	31
face_yy00.anm	6	6	4294967193	1183376	31
face_yy00.anm	7	7	4294967194	1315104	31
face_yy00.anm	8	8	4294967195	1446832	31
face_yysp.anm	0	0	4294967288	128	9
front.anm	0	0	4294967269	608	8
front.anm	1	0	4294967270	708	9
front.anm	2	0	4294967271	840	9
front.anm	3	0	4294967272	964	9
front.anm	4	0	4294967273	1088	9
front.anm	5	0	4294967274	1212	9
front.anm	6	0	4294967275	1336	9
front.anm	7	0	4294967276	1460	9
front.anm	8	0	4294967277	1584	9
front.anm	9	0	4294967278	1708	9
front.anm	10	0	4294967279	1832	4
front.anm	11	0	4294967280	1868	4
front.anm	12	0	4294967281	1904	16
front.anm	13	0	4294967282	2120	4
front.anm	14	0	4294967283	2156	4
front.anm	15	0	4294967284	2192	4
loading00.anm	0	0	4294967285	128	7
loading00a.anm	0	0	4294967290	128	7
loading00h.anm	0	0	4294967289	128	7
loading01.anm	0	0	4294967286	128	7
loading01a.anm	0	0	4294967292	128	7
loading01h.anm	0	0	4294967291	128	7
loading02.anm	0	0	4294967287	128	7
loading02a.anm	0	0	4294967294	128	7
loading02h.anm	0	0	4294967293	128	7
loading03.anm	0	0	4294967288	128	7
loading03a.anm	0	0	0	128	7
loading03h.anm	0	0	4294967295	128	7
music00.anm	0	0	0	128	9
music00.anm	1	1	1	132380	15
music00.anm	2	1	2	132596	15
music00.anm	3	1	3	132812	15
music00.anm	4	1	4	133028	15
music00.anm	5	1	5	133244	15
music00.anm	6	1	6	133460	15
music00.anm	7	1	7	133676	15
music00.anm	8	1	8	133892	15
music00.anm	9	1	9	134108	15
music00.anm	10	1	10	134324	15
music00.anm	11	1	11	134540	15
music00.anm	12	1	12	134756	15
music00.anm	13	1	13	134972	15
music00.anm	14	1	14	135188	15
music00.anm	15	1	15	135404	15
music00.anm	16	1	16	135620	15
music00.anm	17	1	17	135836	15
music00.anm	18	1	18	136052	15
music00.anm	19	1	19	136268	15
music00.anm	20	1	20	136484	15
music00.anm	21	1	21	136700	15
music00.anm	22	1	22	136916	15
music00.anm	23	1	23	137132	15
music00.anm	24	1	24	137348	15
music00.anm	25	1	25	137564	15
music00.anm	26	1	26	137780	15
music00.anm	27	1	27	137996	15
music00.anm	28	1	28	138212	15
music00.anm	29	1	29	138428	15
music00.anm	30	1	30	138644	15
nowloading.anm	0	0	0	216	15
nowloading.anm	1	0	1	424	17
nowloading.anm	2	0	2	688	16
player00.anm	0	0	0	1304	6
player00.anm	1	0	1	1376	9
player00.anm	2	0	2	1484	10
player00.anm	3	0	3	1604	10
player00.anm	4	0	4	1720	11
player00.anm	5	0	5	1848	6
player00.anm	6	0	6	1920	9
player00.anm	7	0	7	2028	10
player00.anm	8	0	8	2148	10
player00.anm	9	0	9	2264	11
player00.anm	10	0	10	2392	7
player00.anm	11	0	11	2468	8
player00.anm	12	0	12	2572	7
player00.anm	13	0	13	2648	9
player00.anm	14	0	14	2776	7
player00.anm	15	0	15	2852	9
player00.anm	16	0	16	2964	7
player00.anm	17	0	17	3040	9
player00.anm	18	0	18	3152	37
player00.anm	19	1	19	134968	16
player00.anm	20	1	20	135252	8
player00.anm	21	1	21	135380	9
player00.anm	22	1	22	135512	11
player01.anm	0	0	0	1128	6
player01.anm	1	0	1	1200	9
player01.anm	2	0	2	1308	10
player01.anm	3	0	3	1428	10
player01.anm	4	0	4	1544	11
player01.anm	5	0	5	1672	6
player01.anm	6	0	6	1744	9
player01.anm	7	0	7	1852	10
player01.anm	8	0	8	1972	10
player01.anm	9	0	9	2088	11
player01.anm	10	0	10	2216	7
player01.anm	11	0	11	2292	10
player01.anm	12	0	12	2432	7
player01.anm	13	0	13	2512	11
player01.anm	14	0	14	2680	7
player01.anm	15	0	15	2760	11
player01.anm	16	0	16	2928	7
player01.anm	17	0	17	3008	11
player01.anm	18	0	18	3176	7
player01.anm	19	0	19	3256	11
player01.anm	20	0	20	3424	7
player01.anm	21	0	21	3504	11
player01.anm	22	0	22	3672	7
player01.anm	23	0	23	3748	10
player01.anm	24	0	24	3888	13
player01.anm	25	0	25	4056	13
player01.anm	26	0	26	4224	13
player01.anm	27	0	27	4392	13
player01.anm	28	0	28	4560	13
player01.anm	29	0	29	4728	21
player01.anm	30	1	30	136324	12
player01.anm	31	1	31	136516	12
player01.anm	32	1	32	136708	12
player01.anm	33	1	33	136900	12
player01.anm	34	1	34	137092	12
player01.anm	35	1	35	137284	12
player01.anm	36	1	36	137476	12
player01.anm	37	1	37	137668	12
player01.anm	38	1	38	137860	12
player01.anm	39	1	39	138052	12
player02.anm	0	0	0	896	6
player02.anm	1	0	1	968	9
player02.anm	2	0	2	1076	10
player02.anm	3	0	3	1196	10
player02.anm	4	0	4	1312	11
player02.anm	5	0	5	1440	6
player02.anm	6	0	6	1512	7
player02.anm	7	0	7	1596	8
player02.anm	8	0	8	1692	8
player02.anm	9	0	9	1784	9
player02.anm	10	0	10	1888	7
player02.anm	11	0	11	1964	9
player02.anm	12	0	12	2084	7
player02.anm	13	0	13	2160	9
player02.anm	14	0	14	2280	7
player02.anm	15	0	15	2356	9
player02.anm	16	0	16	2476	7
player02.anm	17	0	17	2552	9
player02.anm	18	0	18	2672	13
player02.anm	19	0	19	2872	11
player02.anm	20	0	20	3028	10
player02.anm	21	0	21	3156	10
player02.anm	22	0	22	3288	9
player02.anm	23	0	23	3400	11
player02.anm	24	0	24	3548	24
player03.anm	0	0	0	944	6
player03.anm	1	0	1	1016	6
player03.anm	2	0	2	1088	8
player03.anm	3	0	3	1184	7
player03.anm	4	0	4	1264	9
player03.anm	5	0	5	1368	6
player03.anm	6	0	6	1440	6
player03.anm	7	0	7	1512	8
player03.anm	8	0	8	1608	7
player03.anm	9	0	9	1688	9
player03.anm	10	0	10	1792	7
player03.anm	11	0	11	1868	10
player03.anm	12	0	12	2016	7
player03.anm	13	0	13	2092	9
player03.anm	14	0	14	2212	7
player03.anm	15	0	15	2288	9
player03.anm	16	0	16	2408	7
player03.anm	17	0	17	2484	9
player03.anm	18	0	18	2604	11
player03.anm	19	0	19	2748	11
player03.anm	20	0	20	2892	11
player03.anm	21	0	21	3028	24
result00.anm	0	0	0	1024	46
result00.anm	1	0	1	1716	46
result00.anm	2	0	2	2408	46
result00.anm	3	0	3	3100	46
result00.anm	4	0	4	3792	46
result00.anm	5	0	5	4484	46
result00.anm	6	0	6	5176	46
result00.anm	7	0	7	5868	46
result00.anm	8	0	8	6560	46
result00.anm	9	0	9	7252	46
result00.anm	10	0	10	7944	46
result00.anm	11	0	11	8636	46
result00.anm	12	0	12	9328	46
result00.anm	13	0	13	10020	46
result00.anm	14	0	14	10712	46
result00.anm	15	0	15	11404	46
result00.anm	16	0	16	12096	46
result00.anm	17	0	17	12788	46
result00.anm	18	0	18	13480	46
result00.anm	19	0	19	14172	46
result00.anm	20	0	20	14864	46
result00.anm	21	0	21	15556	46
result00.anm	22	0	22	16248	46
result00.anm	23	0	23	16940	46
result00.anm	24	0	24	17632	46
result00.anm	25	0	25	18324	46
result00.anm	26	0	26	19016	46
result00.anm	27	0	27	19708	46
result00.anm	28	0	28	20400	46
result00.anm	29	0	29	21092	46
result00.anm	30	0	30	21784	46
result00.anm	31	0	31	22476	46
result00.anm	32	0	32	23168	46
result00.anm	33	0	33	23860	46
result00.anm	34	0	34	24552	46
result00.anm	35	0	35	25244	46
result00.anm	36	0	36	25936	46
result00.anm	37	0	37	26628	46
result00.anm	38	0	38	27320	46
result00.anm	39	0	39	28012	46
result00.anm	40	0	40	28704	20
result00.anm	41	1	41	553616	11
result00.anm	42	1	42	553760	11
result00.anm	43	1	43	553904	11
result00.anm	44	1	44	554048	11
result00.anm	45	1	45	554192	11
result00.anm	46	1	46	554336	11
result00.anm	47	1	47	554480	11
result00.anm	48	2	48	686160	19
result00.anm	49	2	49	686408	17
result00.anm	50	2	50	686620	16
result00.anm	51	2	51	686828	16
result00.anm	52	2	52	687036	11
result00.anm	53	2	53	687168	11
result00.anm	54	2	54	687300	11
result00.anm	55	2	55	687432	11
result00.anm	56	2	56	687584	14
result00.anm	57	2	57	687780	14
result00.anm	58	2	58	687976	14
result00.anm	59	2	59	688172	14
result00.anm	60	2	60	688368	14
result00.anm	61	2	61	688564	14
result00.anm	62	2	62	688760	14
result00.anm	63	2	63	688956	14
result00.anm	64	2	64	689152	14
result00.anm	65	2	65	689348	14
result00.anm	66	2	66	689544	14
result00.anm	67	2	67	689740	14
result00.anm	68	2	68	689936	14
result00.anm	69	2	69	690132	14
result00.anm	70	2	70	690328	14
result00.anm	71	3	71	821740	13
staff01.anm	0	0	0	256	9
staff01.anm	1	0	1	396	8
staff01.anm	2	0	2	512	9
staff01.anm	3	0	3	652	8
staff01.anm	4	0	4	768	9
staff01.anm	5	0	5	908	6
staff01.anm	6	0	6	984	6
staff01.anm	7	0	7	1060	6
stg1bg.anm	0	0	0	192	5
stg1bg.anm	1	0	1	240	5
stg1bg.anm	2	0	2	292	5
stg1enm.anm	0	0	0	408	25
stg1enm.anm	1	0	1	740	7
stg1enm.anm	2	0	2	812	6
stg1enm.anm	3	0	3	876	30
stg1enm.anm	4	0	4	1264	29
stg1enm.anm	5	0	5	1644	7
stg1txt.anm	0	0	0	272	9
stg1txt.anm	1	0	1	424	9
stg1txt.anm	2	0	2	576	8
stg1txt.anm	3	0	3	700	8
stg2bg.anm	0	0	0	192	5
stg2bg.anm	1	0	1	240	5
stg2bg.anm	2	0	2	292	5
stg2enm.anm	0	0	0	432	21
stg2enm.anm	1	0	1	716	7
stg2enm.anm	2	0	2	788	6
stg2enm.anm	3	0	3	852	26
stg2enm.anm	4	0	4	1192	25
stg2enm.anm	5	0	5	1524	9
stg2txt.anm	0	0	0	272	9
stg2txt.anm	1	0	1	424	9
stg2txt.anm	2	0	2	576	8
stg2txt.anm	3	0	3	700	8
stg3bg.anm	0	0	0	160	31
stg3bg.anm	1	0	1	800	14
stg3bg.anm	2	1	2	525532	17
stg3bg.anm	3	1	3	525836	37
stg3bg.anm	4	1	4	526456	8
stg3bg.anm	5	1	5	526548	10
stg3enm.anm	0	0	0	432	21
stg3enm.anm	1	0	1	716	7
stg3enm.anm	2	0	2	788	6
stg3enm.anm	3	0	3	852	26
stg3enm.anm	4	0	4	1192	25
stg3enm.anm	5	0	5	1524	9
stg3txt.anm	0	0	0	272	9
stg3txt.anm	1	0	1	424	9
stg3txt.anm	2	0	2	576	8
stg3txt.anm	3	0	3	700	8
stg4abg.anm	0	0	0	224	6
stg4abg.anm	1	0	1	288	5
stg4abg.anm	2	0	2	340	5
stg4abg.anm	3	0	3	392	5
stg4abg.anm	4	1	4	524900	8
stg4abg.anm	5	1	5	525000	7
stg4abg.anm	6	1	6	525100	8
stg4abg.anm	7	1	7	525200	5
stg4aenm.anm	0	0	0	768	21
stg4aenm.anm	1	0	1	1052	7
stg4aenm.anm	2	0	2	1124	6
stg4aenm.anm	3	0	3	1188	26
stg4aenm.anm	4	0	4	1528	25
stg4aenm.anm	5	0	5	1860	6
stg4aenm.anm	6	0	6	1932	22
stg4aenm.anm	7	0	7	2228	8
stg4aenm.anm	8	0	8	2312	7
stg4aenm.anm	9	0	9	2388	27
stg4aenm.anm	10	0	10	2740	26
stg4aenm.anm	11	0	11	3084	7
stg4atxt.anm	0	0	0	272	9
stg4atxt.anm	1	0	1	424	9
stg4atxt.anm	2	0	2	576	8
stg4atxt.anm	3	0	3	700	8
stg4benm.anm	0	0	0	432	21
stg4benm.anm	1	0	1	716	7
stg4benm.anm	2	0	2	788	6
stg4benm.anm	3	0	3	852	26
stg4benm.anm	4	0	4	1192	25
stg4benm.anm	5	0	5	1524	5
stg4benm.anm	6	1	6	132984	14
stg4benm.anm	7	1	7	133212	14
stg4benm.anm	8	1	8	133440	14
stg4benm.anm	9	1	9	133668	14
stg4benm.anm	10	1	10	133896	14
stg4benm.anm	11	1	11	134124	14
stg4benm.anm	12	1	12	134352	14
stg4benm.anm	13	1	13	134580	14
stg4benm.anm	14	1	14	134808	14
stg4benm.anm	15	1	15	135036	14
stg4benm.anm	16	1	16	135264	14
stg4benm.anm	17	1	17	135492	14
stg4benm.anm	18	1	18	135720	14
stg4benm.anm	19	1	19	135948	14
stg4benm.anm	20	1	20	136176	14
stg4benm.anm	21	1	21	136404	14
stg4benm.anm	22	1	22	136632	14
stg4benm.anm	23	1	23	136860	14
stg4benm.anm	24	1	24	137088	14
stg4benm.anm	25	1	25	137316	14
stg4btxt.anm	0	0	0	272	9
stg4btxt.anm	1	0	1	424	9
stg4btxt.anm	2	0	2	576	8
stg4btxt.anm	3	0	3	700	8
stg5bg.anm	0	0	0	336	5
stg5bg.anm	1	0	1	396	5
stg5bg.anm	2	0	2	456	4
stg5bg.anm	3	0	3	496	9
stg5bg.anm	4	0	4	604	4
stg5bg.anm	5	0	5	644	4
stg5bg.anm	6	0	6	684	5
stg5bg.anm	7	0	7	744	5
stg5bg.anm	8	0	8	804	9
stg5enm.anm	0	0	0	600	6
stg5enm.anm	1	0	1	704	7
stg5enm.anm	2	0	2	776	6
stg5enm.anm	3	0	3	840	10
stg5enm.anm	4	0	4	988	9
stg5enm.anm	5	0	5	1128	9
stg5enm.anm	6	0	6	1260	21
stg5enm.anm	7	0	7	1544	7
stg5enm.anm	8	0	8	1616	6
stg5enm.anm	9	0	9	1680	26
stg5enm.anm	10	0	10	2020	25
stg5enm.anm	11	0	11	2352	9
stg5enm.anm	12	1	12	134012	21
stg5enm.anm	13	1	13	134296	7
stg5enm.anm	14	1	14	134368	6
stg5enm.anm	15	1	15	134432	26
stg5enm.anm	16	1	16	134772	25
stg5enm.anm	17	1	17	135104	9
stg5txt.anm	0	0	0	272	10
stg5txt.anm	1	0	1	436	10
stg5txt.anm	2	0	2	600	9
stg5txt.anm	3	0	3	736	8
stg6bg.anm	0	0	0	336	5
stg6bg.anm	1	0	1	396	5
stg6bg.anm	2	0	2	456	4
stg6bg.anm	3	0	3	496	9
stg6bg.anm	4	0	4	604	5
stg6bg.anm	5	0	5	664	4
stg6bg.anm	6	0	6	704	5
stg6bg.anm	7	0	7	764	5
stg6bg.anm	8	0	8	824	9
stg6bg.anm	9	1	9	1049668	9
stg6bg.anm	10	1	10	1049780	6
stg6bg.anm	11	1	11	1049864	7
stg6bg.anm	12	2	12	2098672	8
stg6bg.anm	13	2	13	2098792	7
stg6bg.anm	14	3	14	2361188	8
stg6bg.anm	15	3	15	2361308	7
stg6bg.anm	16	4	16	2623704	8
stg6bg.anm	17	4	17	2623824	7
stg6enm.anm	0	0	0	464	21
stg6enm.anm	1	0	1	748	7
stg6enm.anm	2	0	2	820	6
stg6enm.anm	3	0	3	884	26
stg6enm.anm	4	0	4	1224	25
stg6enm.anm	5	0	5	1556	7
stg6enm.anm	6	0	6	1640	10
stg6txt.anm	0	0	0	296	10
stg6txt.anm	1	0	1	460	10
stg6txt.anm	2	0	2	624	9
stg6txt.anm	3	0	3	760	8
stg7bg.anm	0	0	0	336	5
stg7bg.anm	1	0	1	396	5
stg7bg.anm	2	0	2	456	4
stg7bg.anm	3	0	3	496	9
stg7bg.anm	4	0	4	604	5
stg7bg.anm	5	0	5	664	4
stg7bg.anm	6	0	6	704	5
stg7bg.anm	7	0	7	764	5
stg7bg.anm	8	0	8	824	9
stg7bg.anm	9	1	9	1049660	8
stg7bg.anm	10	1	10	1049760	6
stg7bg.anm	11	2	11	2098548	25
stg7bg.anm	12	3	12	2230184	42
stg7enm.anm	0	0	0	464	21
stg7enm.anm	1	0	1	748	7
stg7enm.anm	2	0	2	820	6
stg7enm.anm	3	0	3	884	26
stg7enm.anm	4	0	4	1224	25
stg7enm.anm	5	0	5	1556	7
stg7enm.anm	6	0	6	1640	10
stg7enm.anm	7	1	7	133336	21
stg7enm.anm	8	1	8	133620	7
stg7enm.anm	9	1	9	133692	6
stg7enm.anm	10	1	10	133756	26
stg7enm.anm	11	1	11	134096	25
stg7enm.anm	12	1	12	134428	7
stg7txt.anm	0	0	0	296	10
stg7txt.anm	1	0	1	460	10
stg7txt.anm	2	0	2	624	9
stg7txt.anm	3	0	3	760	8
stg8bg.anm	0	0	0	224	6
stg8bg.anm	1	0	1	288	5
stg8bg.anm	2	0	2	340	5
stg8bg.anm	3	0	3	392	5
stg8bg.anm	4	1	4	524900	8
stg8bg.anm	5	1	5	525000	7
stg8bg.anm	6	1	6	525100	7
stg8bg.anm	7	1	7	525180	5
stg8enm.anm	0	0	0	432	21
stg8enm.anm	1	0	1	716	7
stg8enm.anm	2	0	2	788	6
stg8enm.anm	3	0	3	852	26
stg8enm.anm	4	0	4	1192	25
stg8enm.anm	5	0	5	1524	6
stg8enm.anm	6	1	6	133124	21
stg8enm.anm	7	1	7	133408	7
stg8enm.anm	8	1	8	133480	6
stg8enm.anm	9	1	9	133544	26
stg8enm.anm	10	1	10	133884	25
stg8enm.anm	11	1	11	134216	6
stg8enm.anm	12	1	12	134288	7
stg8enm.anm	13	2	13	265636	7
stg8enm.anm	14	2	14	265744	11
stg8enm.anm	15	2	15	265916	3
stg8enm.anm	16	2	16	265952	8
stg8enm.anm	17	2	17	266072	11
stg8enm.anm	18	2	18	266244	13
stg8txt.anm	0	0	0	296	9
stg8txt.anm	1	0	1	448	9
stg8txt.anm	2	0	2	600	8
stg8txt.anm	3	0	3	724	8
stgenm_al.anm	0	0	0	456	21
stgenm_al.anm	1	0	1	740	8
stgenm_al.anm	2	0	2	824	7
stgenm_al.anm	3	0	3	900	27
stgenm_al.anm	4	0	4	1252	26
stgenm_al.anm	5	0	5	1596	6
stgenm_rm.anm	0	0	0	216	6
stgenm_rm.anm	1	0	1	320	5
stgenm_rm.anm	2	0	2	368	4
stgenm_rm.anm	3	0	3	408	9
stgenm_rm.anm	4	0	4	544	8
stgenm_rm.anm	5	0	5	672	3
stgenm_sk.anm	0	0	0	432	21
stgenm_sk.anm	1	0	1	716	7
stgenm_sk.anm	2	0	2	788	6
stgenm_sk.anm	3	0	3	852	26
stgenm_sk.anm	4	0	4	1192	25
stgenm_sk.anm	5	0	5	1524	6
stgenm_yk.anm	0	0	0	712	5
stgenm_yk.anm	1	0	1	772	7
stgenm_yk.anm	2	0	2	864	6
stgenm_yk.anm	3	0	3	968	8
stgenm_yk.anm	4	0	4	1076	8
stgenm_yk.anm	5	0	5	1184	10
stgenm_yk.anm	6	0	6	1352	10
stgenm_yk.anm	7	0	7	1520	10
stgenm_yk.anm	8	0	8	1684	15
stgenm_yk.anm	9	0	9	1912	12
stgenm_yk.anm	10	0	10	2088	10
stgenm_yk.anm	11	0	11	2244	19
stgenm_yk.anm	12	0	12	2516	18
stgenm_yk.anm	13	0	13	2780	7
stgenm_yk.anm	14	0	14	2912	12
stgenm_yk.anm	15	0	15	3116	13
stgenm_yk.anm	16	0	16	3332	8
stgenm_ym.anm	0	0	0	592	21
stgenm_ym.anm	1	0	1	876	6
stgenm_ym.anm	2	0	2	940	6
stgenm_ym.anm	3	0	3	1004	25
stgenm_ym.anm	4	0	4	1336	25
stgenm_ym.anm	5	0	5	1668	10
stgenm_ym.anm	6	0	6	1804	5
stgenm_ym.anm	7	0	7	1872	8
stgenm_yy.anm	0	0	0	384	6
stgenm_yy.anm	1	0	1	488	9
stgenm_yy.anm	2	0	2	596	8
stgenm_yy.anm	3	0	3	696	11
stgenm_yy.anm	4	0	4	864	10
stgenm_yy.anm	5	0	5	1024	8
stgenm_yy.anm	6	0	6	1124	8
stgenm_yy.anm	7	0	7	1260	11
stgenm_yy.anm	8	0	8	1472	9
text.anm	0	0	4294967257	1216	7
text.anm	1	0	4294967258	1300	7
text.anm	2	0	4294967259	1384	7
text.anm	3	0	4294967260	1476	7
text.anm	4	0	4294967261	1568	13
text.anm	5	0	4294967262	1772	14
text.anm	6	0	4294967263	1988	12
text.anm	7	0	4294967264	2180	10
text.anm	8	0	4294967265	2324	10
text.anm	9	0	4294967266	2468	10
text.anm	10	0	4294967267	2600	17
text.anm	11	0	4294967268	2812	17
text.anm	12	0	4294967269	3024	17
text.anm	13	0	4294967270	3236	17
text.anm	14	0	4294967271	3448	17
text.anm	15	0	4294967272	3660	17
text.anm	16	0	4294967273	3872	17
text.anm	17	0	4294967274	4084	17
text.anm	18	0	4294967275	4296	13
text.anm	19	0	4294967276	4468	13
text.anm	20	0	4294967277	4640	13
text.anm	21	0	4294967278	4812	13
text.anm	22	0	4294967279	4984	13
text.anm	23	0	4294967280	5156	13
text.anm	24	0	4294967281	5328	13
text.anm	25	0	4294967282	5500	13
text.anm	26	0	4294967283	5672	13
text.anm	27	0	4294967284	5844	13
text.anm	28	0	4294967285	6016	13
text.anm	29	0	4294967286	6188	13
text.anm	30	0	4294967287	6360	13
text.anm	31	0	4294967288	6532	13
text.anm	32	0	4294967289	6704	13
text.anm	33	0	4294967290	6876	11
times.anm	0	0	0	504	10
times.anm	1	0	1	672	14
times.anm	2	0	2	880	25
title01.anm	0	0	0	128	19
title01.anm	1	1	1	265644	22
title01.anm	2	1	2	265976	22
title01.anm	3	1	3	266308	22
title01.anm	4	1	4	266640	22
title01.anm	5	1	5	266972	22
title01.anm	6	1	6	267304	22
title01.anm	7	1	7	267636	22
title01.anm	8	1	8	267968	22
title01.anm	9	1	9	268300	22
title01.anm	10	1	10	268632	19
title01.anm	11	1	11	268876	19
title01.anm	12	1	12	269120	19
title01.anm	13	1	13	269364	19
title01.anm	14	1	14	269608	19
title01.anm	15	1	15	269852	19
title01.anm	16	1	16	270096	19
title01.anm	17	1	17	270340	19
title01.anm	18	1	18	270584	19
title01.anm	19	1	19	270828	19
title01.anm	20	1	20	271072	19
title01.anm	21	1	21	271316	19
title01.anm	22	1	22	271560	19
title01.anm	23	1	23	271804	19
title01.anm	24	1	24	272048	19
title01.anm	25	1	25	272292	19
title01.anm	26	1	26	272536	19
title01.anm	27	1	27	272780	19
title01.anm	28	1	28	273024	19
title01.anm	29	1	29	273268	19
title01.anm	30	1	30	273512	19
title01.anm	31	1	31	273756	19
title01.anm	32	1	32	274000	19
title01.anm	33	1	33	274244	19
title01.anm	34	1	34	274488	19
title01.anm	35	1	35	274732	19
title01.anm	36	1	36	274976	19
title01.anm	37	1	37	275220	19
title01.anm	38	1	38	275464	19
title01.anm	39	1	39	275708	19
title01.anm	40	1	40	275952	19
title01.anm	41	1	41	276196	19
title01.anm	42	1	42	276440	19
title01.anm	43	1	43	276684	19
title01.anm	44	1	44	276928	19
title01.anm	45	1	45	277172	19
title01.anm	46	1	46	277416	19
title01.anm	47	1	47	277660	19
title01.anm	48	1	48	277904	19
title01.anm	49	1	49	278148	19
title01.anm	50	1	50	278392	19
title01.anm	51	1	51	278636	19
title01.anm	52	1	52	278880	19
title01.anm	53	1	53	279124	19
title01.anm	54	1	54	279368	19
title01.anm	55	1	55	279612	19
title01.anm	56	1	56	279856	19
title01.anm	57	1	57	280100	19
title01.anm	58	1	58	280344	19
title01.anm	59	1	59	280588	19
title01.anm	60	1	60	280832	19
title01.anm	61	1	61	281076	19
title01.anm	62	1	62	281320	19
title01.anm	63	1	63	281564	19
title01.anm	64	1	64	281808	19
title01.anm	65	1	65	282052	19
title01.anm	66	1	66	282296	19
title01.anm	67	1	67	282540	19
title01.anm	68	1	68	282784	19
title01.anm	69	1	69	283028	19
title01.anm	70	1	70	283272	19
title01.anm	71	1	71	283516	19
title01.anm	72	1	72	283760	19
title01.anm	73	1	73	284004	19
title01.anm	74	1	74	284248	19
title01.anm	75	1	75	284492	19
title01.anm	76	1	76	284736	19
title01.anm	77	2	77	809964	13
title01.anm	78	2	78	810136	11
title01.anm	79	2	79	810280	14
title01.anm	80	2	80	810464	16
title01.anm	81	2	81	810680	16
title01.anm	82	2	82	810896	16
title01.anm	83	2	83	811112	16
title01.anm	84	2	84	811328	16
title01.anm	85	2	85	811544	16
title01.anm	86	2	86	811760	16
title01.anm	87	2	87	811976	16
title01.anm	88	2	88	812192	16
title01.anm	89	2	89	812408	16
title01.anm	90	2	90	812624	16
title01.anm	91	2	91	812840	16
title01.anm	92	2	92	813056	16
title01.anm	93	2	93	813272	16
title01.anm	94	2	94	813488	16
title01.anm	95	2	95	813704	12
title01.anm	96	2	96	813868	12
title01.anm	97	2	97	814032	12
title01.anm	98	2	98	814196	12
title01.anm	99	2	99	814360	12
title01.anm	100	2	100	814524	12
title01.anm	101	2	101	814688	12
title01.anm	102	2	102	814852	12
title01.anm	103	2	103	815016	12
title01.anm	104	2	104	815180	12
title01.anm	105	2	105	815344	12
title01.anm	106	2	106	815508	12
title01.anm	107	2	107	815672	12
title01.anm	108	2	108	815836	19
title01.anm	109	2	109	816124	19
title01.anm	110	2	110	816412	19
title01.anm	111	3	111	947916	34
title01.anm	112	4	112	1472896	34
title01.anm	113	5	113	1997876	34
title01.anm	114	6	114	2522856	34
title01.anm	115	7	115	3047836	34
title01.anm	116	8	116	3572816	34
title01.anm	117	9	117	4097796	34
title01.anm	118	10	118	4622776	34
title01.anm	119	11	119	5147756	25
title01.anm	120	12	120	5279328	25
title01.anm	121	13	121	5410900	25
title01.anm	122	14	122	5542472	25
title01.anm	123	15	123	5674044	25
title01.anm	124	16	124	5805616	25
title01.anm	125	17	125	5937188	25
title01.anm	126	18	126	6068760	25
title01.anm	127	19	127	6200332	25
title01.anm	128	20	128	6331904	25
title01.anm	129	21	129	6463476	25
title01.anm	130	22	130	6595048	25
title01.anm	131	23	131	6727060	34
title01.anm	132	23	132	6727536	34
title01.anm	133	23	133	6728012	34
title01.anm	134	23	134	6728488	34
title01.anm	135	23	135	6728964	34
title01.anm	136	24	136	7254008	19
title01.anm	137	24	137	7254256	18
title01.anm	138	24	138	7254492	17
title01.anm	139	24	139	7254716	18
title01.anm	140	24	140	7254952	17
title01.anm	141	24	141	7255176	13
