name	decoded_bytes	sha256
ascii.anm	405420	f703d05264e942b31b8b5af92b4f9c1c6b97649ea933fa893844130c19db4947
capture.anm	1128	952bfb3280e7482c63e3e3ef95116181af96efb157bfca0d137111e92ef0df99
demorpy0.rpy	3539	6de76d9f5d0ef8d58887bc74087fd566c246c676b6429850ea4702776f2533d8
demorpy1.rpy	2716	b13b50fb09e5a2a545e284a1c9b160f95f1f63072822fda7fdfdd0e1e3990092
demorpy2.rpy	3081	d9fabd1d7c661909c6ecdfc83ae6caaea908ba4eae7b465fd1458bdc81a4efaa
demorpy3.rpy	3211	cfad7206efdb23d5a3ee704f5367781115dfe814ae4d83ba94a6c5838bd75f97
ecldata1.ecl	45844	6b44a0ea36648edcdeae522a2ac16d1f09bf2097d3ddaa1a61c8c1703bad68ea
ecldata1sp.ecl	39808	aac506b4eaf8fdfaa90e876f74db711d3c0724f63798e7d62801b02bbb29e00e
ecldata2.ecl	51244	a1b183c4e1c9d939290192f84e50ac551e31a5abe91ac396e5b056a813051a10
ecldata2sp.ecl	37512	2f83c57da937f35288f6f0e1b6ef3aecddd25b4e80fbc3ed5ef7289bef2229f1
ecldata3.ecl	50240	113e52b73dfdd94408b99dd7646ac973554cef76f1b7bd6686a773da6e974ce8
ecldata3sp.ecl	41392	3d458ec6549f1d7fb6c694388adb55c010ac4cb405457ab9af6df2e13928ca5f
ecldata4a.ecl	49852	797c83391c77d386abd264249224821be3d878fcf73b2bd71189dbfd3776f6cf
ecldata4asp.ecl	41876	9ac983ec5a34fd607b73891d5ba95a19caadb493565b8986320c04d0de8a8df3
ecldata4b.ecl	58688	aa4c1d45accc12faa9fab021f3ba6a19f668e1edeaafcad04293483d4b18bcc6
ecldata4bsp.ecl	50248	007da9d02374f01292eada9a065c21b54cebbb81a5bff7a1660753498df65b51
ecldata5.ecl	47224	3148f45faf78bd8211a956edcdc353be73d2781995d3dadd36bdca8132f8fe19
ecldata5sp.ecl	31184	d9140821aae21c9426f7ebb0a4e8334718265bdd011f20b7c026eda901639d4b
ecldata6.ecl	51504	3ede62afec737de7970ab979e14db0e6433d1eff43eac3a036a6df10ba821f72
ecldata6sp.ecl	50844	c1cd463702f1e621b67d1e2f4915fd3e3a27ac61687ef477f4ff1bde554a44d7
ecldata7.ecl	67324	20b35dca3820438f0b90ae44e3362a7af27d2fc1ac7ae5888c477dc1c89a3734
ecldata7sp.ecl	70808	7f1a847fdd7ceb5e35dfd3529a54961ab4d1c9e7607fbcfb577936465326ab0e
ecldata8.ecl	90468	a4da962f3621ef626a62fd01c3d1607f11e5706f3ab45480d3e36ac5b7b67741
ecldata8sp.ecl	74456	695f6f89d34e961d9bef6d4773b63e57339156db5747c0c314a1696aa8217660
ecldata_al.ecl	6864	fc669292ee41f99c9eed4e72b644c591a522deaa255ed106224f656d5431e4a8
ecldata_rm.ecl	5924	7ed4ef732520461bee14e61f6f8747c1b65d48d7f20c3381eaf42d380efe36a1
ecldata_sk.ecl	6212	2ec1b8299d4c2a46b8fb59bfb61376d55a20fdae597ce4a05d4bb5e5ea061117
ecldata_yk.ecl	24456	86037d70bb2dc44357f65eb5ee917b5a07834849fb2f528ef9930ceea71cff7a
ecldata_ym.ecl	7492	fc10e4aa40f2d10ab976416cb1ecc0fd773b9934b4cc6f531bfd93f3c1f8be19
ecldata_yy.ecl	9600	967ac94f260108eb081c64ed5242debf78c10f4da205aec15de8c5ea2e1cbdda
eff01.anm	262640	bd8285e1e242ff3c58beb48d8c37225bc910ee1902dc088bf76df93a9f89b87b
eff02.anm	262664	104b1ac19082b815000cec8d5715c5db14b4f9101b4d605c6715d059de91e9d9
eff03.anm	262656	5ff42b0d5ea49d047b68a5274032bc6ac2ff69a48ea44a5ccd2c6200308232cb
eff04a.anm	262660	de30efb46de7370d663e612632862fe248259749c1a384ec2e1b907ca743f6aa
eff04b.anm	262644	39eee91c4d0138e9f3be7d20171dfef247f5a4111503cbcaedfb509c1d12171e
eff05.anm	656008	e53bcb93879affc4785dd361a0e61df386d731cd677c573edacd4ad8ab996541
eff06.anm	918652	b0da5f083cf405995824d64f65867578df25915fd4dafc4c3066d6444fff2740
eff07.anm	1836140	1187265c4b15becd342974fb9f4a7d10aface990c8ef2e416b770db8d68fbf0b
eff08.anm	1836080	298d650379e6fef56372e5bd394b8504744514964671c4c81c011ac4cb8b7084
eff09al.anm	8520252	e9284375951d90b689225cd32956e6a6f565f1b15d83df2b8d2bc2f63ec8f720
eff09rm.anm	262820	4e470f30e10dcd2dca23a9f6eb677eeb8b60772ad1fd21ee9190ba9eb0cc259a
eff09sk.anm	8520492	4cdaacd68775b439dc164384fc7b4faf9bf29579cd57b52553179fb27694a42d
eff09yk.anm	262860	d6d45d1ea50d5418107ad93028d7a5198f2dcb74fc3f21f2c9dc932d2e38f54f
eff09ym.anm	263068	c739f76e2462400dbd09fd0013de2c9668b801589939330996a8e7bb23b115a1
eff09yy.anm	262644	adb230fb549d748de2c8e497a4bda3028ed9236621005704dc503bddeb867880
end00.jpg	99984	a166f7175071ac3bbe14350cd4ddf9501e24f2ff7ed4a76d4460b95b30f89909
end00a.end	751	46632e0f5f43b06eef33f4c75d46ef1ffe78ffd725abd1c572f18a6a9a21ad6d
end00b.end	1947	7fb7935bfd730fe8fdceb30d61a53649f794e798f12e1f1b786c4554f55ecda7
end00b.jpg	105794	133104bef9feb57340ef5c4095bedd3b51f0f454d84f5335c9e909df9a0b7c7c
end00b0.jpg	112723	6093a879f3d3ab1f28a88e9b597ef455584936ecc19a7c2583d7c706eb8186e8
end00b1.jpg	106968	98b28984910e39664d027b559890e44fd0b6642de7ad0f450343a917a80ddd7e
end00c.end	4636	16e9d34be786be6dda290f807b5075b1ec7944cec97d609b642e8bfd1e5faf60
end00c0.jpg	108975	bdfe6bc394b2de13f70e08251859719b75b99c0b96e5a58e3f14628293121a5d
end00c1.jpg	108991	a578dad0d9e54ac0c963a2b97e57f8b8770961f39e16529447bba46855560535
end00c2.jpg	109923	2c4da157925ccc7f22e74578f358fc42ea6796215189d236a344cc029772b048
end01.jpg	103499	1d12ca43d4daeb49ce27b7b1b22d63950f07a79cf8cb81c3ba00823d7cd50a6d
end01a.end	719	c726bb2b37fb6c5a1810ea5e4fc738f5c16b6f18e78d6a7591122263042f9bed
end01b.end	2425	5cb84a122cdd6ba8fd8a469f301270016c42160a3269821b4ff10fd1a0bc3104
end01b0.jpg	108113	94b3b548abb77da063dff16b78d2c14c7624287eaec1e795b8a22c7d09e04b16
end01b1.jpg	59596	5d5384be591f80825540e0d2fa710fa955a9115e1767833ab7e22d83a0ccb588
end01c.end	4390	032cd87f61b907e84f0754f479b3b7a4fe82fd3d44559db10de7027876b65147
end01c.jpg	94586	2c97347fa2120013e70b5fa669a490939850e3500ebe4609abceeb3ac7a4f7ea
end01c0.jpg	107856	ff9b16fadd4e632f9534f6f602a020dc34507e92632efda6302537ef1365d4c5
end01c1.jpg	105707	9e5eb8634e3a5f9d2e9ab35bc1bdb59b658dc43279127bb9cf2036977c71418d
end01c2.jpg	107017	f23ca489936095806ea302e6678ff3f228b07a081f881dc956681912adc7c182
end02.jpg	99070	2ff831d1d0caf538e4db17cdd60531c949ed1dc1812e1c1f38ce98e0f21c2b2f
end02a.end	759	3fd2bcb27a163d3e34810efa65be3ef125f855d3cf0b48a7b719beddcbd42750
end02b.end	2513	81999c640506583947df3094081856a553138f87d182cd014d43026097adadc6
end02b.jpg	104890	ac204e7f689a8f98e0e16210232135cd489e9a789cb089f1357f374d4e518427
end02b0.jpg	109639	1142c4fd07188fa51219a73b48822621cbbbdf9c5bffa8e531fee97aba0e8bfa
end02b1.jpg	108015	15a76d4045a1cda01da57be4894d449cd3334c1f35cd2032cc8f01fc6a128cc8
end02c.end	4616	86c6126e62b4b4b716557a8a6e632f7e45c67835b72d31245a7f81eeb0257fbf
end02c0.jpg	105179	31a60f81aeb9ff6c4086060092f59263bd9b5b58b85bd258c5985c6314844f35
end02c1.jpg	110132	bead3aa6a1cc4c3807c4446407eed23154029d9bfa43ca211695afaeb7495492
end02c2.jpg	109490	d205d7636d7a4745ef599036d110b19fcd6697a8ef5e7ca6cc23a1d28cd99174
end03.jpg	98234	afacc74793811f3e6d256da7938a1cc201346537ad7034f73c5a7da6e48229ee
end03a.end	817	4f79b8ad2d52defce2d49527fe88f2f1988b5731a899edac97b768fa1c06d9e8
end03b.end	2287	895bb92c7974d47a8be57077dc833fed8b62a6a73faaf0095dce6850c37c7405
end03b.jpg	103632	80695853756a533660a773a35b171f88605bb318f5832118ae0d01fe7e0060bc
end03b0.jpg	106804	d8b0f46c9b2d9d00687e3ad9badbd80450600b9371c328bba0dcaccb648dc2b2
end03b1.jpg	107371	cb11dba44dfca0dda8918b16c909d0eae58207809eb50d725530cc8b9d2b9bd1
end03c.end	5230	eb7d0df0dff7796abc19791ba9f05d991dae55fa3d8aa879af427f1e24f29080
end03c0.jpg	106135	af419d641a8e2c99669fb2645120d1e21fbbe156eb3a547221a48a47ee99c58e
end03c1.jpg	105483	b8a041ca843415e11e6d3d6cb9646dafec6ed0abc72106a0dee71f8108f6ee6f
end03c2.jpg	105669	8e9688af0ba26936af400ee09c31bdbf37ef95fe8b50c2795f9a2302df23c3b6
enemy.anm	538288	203902359e0d9f741356f48f5ea451f3ec5e95750542861012483a6d80483cb6
etama.anm	613780	c3d19370bcbbc2f9b320f437ab5493834c9a6cd2b7bb9f866a4ed4df1d59f3de
face_al00.anm	1578288	df4fff87c13a532a996c38e0e6be1d89885595de75dcfbb67846c3cdab065a17
face_alsp.anm	524568	5e5c88372aa0a8a223aba1dd8442cc5e032d68893fe982c95fd38d1ec6e8bd37
face_cdbg.anm	525456	ff3b4338f9eeaacd99f66d94cae3fc2ee926b23143ddb85b9bfa72579e4a5870
face_mr00.anm	1578416	5e1e496d8fcb7e4645f6369a916ad870c0c8b2caf543ec00764ba19084381097
face_rm00.anm	1578288	ba4cd47465b248d686519704cfb80ac5cb8b527ee5f8f80d7e973b754f6ba0df
face_rs00.anm	1578416	c51185dbcfc65e92abc43b42025c9e2738e8876ddb27a1071d39ac95714e60c6
face_rssp.anm	524568	4a35ea68d1bd425f9a55ddaf541857dc6439d492a913e67cd4292bd75aba7c82
face_sk00.anm	1578416	7125d6e247f0af344041eb8b9412bce2294337de70cb89e687b0ac9c345edd6f
face_sksp.anm	524584	ba6bebba3e9ed906413fa0d29d3631fcc5ab5079dfd39241f4533437e1b1ce61
face_st01.anm	952872	603b9c5c2c172b35bb355d30b4122dc4da33e2be46d869d07d44e52f3d678a7c
face_st01sp.anm	524568	a383620784af5c91ecdaeccd591299e925c34d91985eaef6504781a4796def29
face_st02.anm	1084556	f1e7107a6f039f7b4a9c212e98927fd68cd13ab944c74e44a99d80f679cb5a27
face_st02sp.anm	524568	04a39ca11ba89954ef1a84cb754f274ee45f8f27a03514590cb0d614acf02365
face_st03.anm	1347924	b3a53c7f82bbab334e0076bb50dfaf2d71b15db4afacba7e807b184df24b237f
face_st03sp.anm	524568	418e82f3c5b5f30d340413e949cbba03b33738e9d159d87adf736f866013b4c2
face_st04a.anm	1348020	6c5f8a754c5616033045de9dc74d743e60a651b2afa30b08dd2a0042c447a838
face_st04asp.anm	524568	f634c08f11b4fed9a1df248819813d57a7960058a76e5d94dd0f502b537e7174
face_st04b.anm	1479720	cdc66e116566698730756d3ddc0df7562edc43af3ea0f9309d4b1fd03ba38f73
face_st04bsp.anm	524568	4ed2c76082cd48817bf2759b82ddb9697699a5ab8fd935fc166ee27a787dbf6d
face_st05.anm	1871672	09445197921580b6f676bbaffd804224f83901f08b7c0ad23830fabbfca4a9a4
face_st05b.anm	265544	660e2257d8dacd9786762ee40b8b75619f7c9b69ef712953ea24b9b698148a02
face_st05msp.anm	1048856	6ce141159dd746f35b36fd4968b68ba8bac7333fd94ed9b20a6b8a8a7b98c0e7
face_st05sp.anm	524568	e0d9436acffe4a633f91b4c32afad52ea489c2ba36840bfd2d8a091ee4d4920c
face_st06.anm	2395984	d7abd05fca89b5d2a4ab76d4a77f5df7660c755eddb761046b1d8b721437ffd7
face_st06sp.anm	1048856	b2c54e34533535dea95e8d4a83b8bb427f1e7ec4a43decc0c01035ce8bd9004f
face_st07.anm	2133228	3be6157311e39a8794b5d8f66810eb35599950e7899a0f4e4c523a1c89bf45f4
face_st07sp.anm	1048856	43d8f12628d457fa374dd2e5afcf7a7294b91a2d18d7a6075e9e438f515e8986
face_st08.anm	2658740	76359be7286145765d2a57e62cb48231c35ee9ace6cc44e9afcc923bdc102dd3
face_st08m.anm	689616	941cd4ac58d03c24a8f6a7230dbd4bf4ddd0c81f3dcd48952bfb466079029cab
face_st08msp.anm	524568	974371b81cb98b1c84fb5c7a88dc1744b78ffc5e0d645db47e2a11078b497ac3
face_st08sp.anm	1048856	24698f01a3f6d851bca624ef17be23ca452dd44a053d8cb54184800e62c05ce9
face_yk00.anm	1578416	643883d3401ab2634aa11a62908e7db61ad63611d8c93fab2e6bc41931d264ad
face_yksp.anm	1048856	765b85b959b6bd10cb7bb701a7b7fc7319e7b25f0fb3e54fc3f6bf43b2241f1c
face_ym00.anm	1578288	9323a301e4c72bc7196aa1a5ab39ee48d1064a3be4ab1474ee2ec2bfe5b6f6e0
face_ymsp.anm	524568	082fb93f8ddc52eb6dd09a0006ed9afa62856d6e89d43e7d6a1d45aa36f5b0e7
face_yy00.anm	1578416	6e0c967a0025ca11e20d691d045262da860647b869a234f01b465233f9346eb6
face_yysp.anm	524568	096c35c0252e30185a380aae2c69f405390a10c70a8a2a609b8c1fdd141a4234
front.anm	395980	9ab5cbaeb378cd6fd1e2160714395150e099153972a9cb3cea2e163f28b5f131
info00.jpg	172227	45606291ab5032736a74d456e2dda08690f776da0339a2fc001c45c5b3695ca0
info01.jpg	169375	c5e53e4fe0fdf25846d3d9439230e37a0490b375ade067cddf11186f4b951f24
info02.jpg	172296	09100e7599435ebd5b73c261005ecee1aad7b08eef31cc6393075a6c549dd8e1
init.mid	728	08f6e69d49d64e7c84f938a8473aa06841558772d90cfd98f379f523f57a4384
loading00.anm	524508	e041ade525048a726d52f7a9fa3324fe369acf1f3703b558cd31151498507b93
loading00a.anm	524508	ee1af9bc61c6fd808f5dbf5e8ac2146797d0b5b107b11bef6f1e2f51cd3ec7b2
loading00h.anm	524508	c2cf89b63aab1267c1f6309e2e621148f15cde2fbb633941a5331bcb4f1a1771
loading01.anm	524508	8b7859ee08ba4acbe18f7967d774aa71695a58bc13976aa5d672082d24465f9a
loading01a.anm	524508	3023fa017f5691dd7fafee10c910329cd590a6d2c34626a51d2156bcbae00f19
loading01h.anm	524508	bfaf3b357d90e42a608a87cc75b10e7afa3c54b7474bcfa2a3dc93c40d0ba20f
loading02.anm	524508	b9f83b370f10e1d9e10c1f785a48a1e0d0c379c04a7348e8179026721739a5ef
loading02a.anm	524508	2ab15ddc867affea96de6fe2bc80ed45e49280b999436be4706a6473413ba22b
loading02h.anm	524508	08d7c32c716a58519188fa9a820a2f243edbb65535a9eb8d500e4d6d7af235c2
loading03.anm	524508	a0d4c25afddee5c2eea0ccc392458f9f26cff55a3d2f9dd34ef987b571ca30c9
loading03a.anm	524508	d1c67682627c3db36874304fb45f44ca2a0cc1d2a7eb4cc4353dfdb3ce6d428c
loading03h.anm	524508	a112736c8a0055f9d7678f9b278c594b9c28ba4f5a0914a03d0be2d76d320f7f
msg1a.dat	1740	e8ee11141619839e00dafbcc609a620a497c2ecc095f6c30a39bdbcec172830f
msg1b.dat	1636	ae41e16fa592716011a04df7dc5b2abee7483581afaa2f51e0a98a77851b68b0
msg1c.dat	1600	cea6dffa8de9bfa9d173e0c2fc1000702c5c63761ce2343636bf69cbcdf4aebc
msg1d.dat	2132	060acb5dcaedd64db155bedc9a084a7f7fe5a3603f449bb6a39052ea080a3dee
msg2a.dat	2284	0d2901dffaccc2063b027d931e44a5d24aa059e4214559a5cf281834ac869621
msg2b.dat	1864	0dd50ba0e48d06610a24d9fa88c68fb6a4f6bdf63005d210cf0d49818b6003ad
msg2c.dat	1740	f7bef8b829594c264f2ae8666360c8be1cccc383d72c94722d93c81cf053bc43
msg2d.dat	1704	8039df31968581293198a10af562407d4380a27c5670d84beb88cd8bee4172a8
msg3a.dat	3332	b169a88fe1e0c14f150ca75df60f0c00792045a775699f1cfe7c4abac7852b1a
msg3b.dat	3224	82eaf9455af59a60c2ac6f5538807c510ced19ee109238d90a0ef90232a8b8b0
msg3c.dat	3508	84d7806049c477fd6857665a3f366d725aa1e4a4707aa85ff68f6ba13f6a4240
msg3d.dat	3068	3f5d1920dfcabe8c9ce5bf2305dbd66cd0dc5ecd4462a14b1c6fc6ec5ddadf8e
msg4ab.dat	2896	3b2c5288043466833fef940d426a03cee3f365bf2f9ff6ebb43a10f553b617b2
msg4ac.dat	3532	82964f7fe7168d9093b5fb45950504dc7c3cd059104c3664ea0b48209a72ee9c
msg4ba.dat	3004	5147122d0a7fbd25373c8d7db9490416b3a9df82c315b93ab514572aa77c8189
msg4bd.dat	2764	00b43afa101bc10e7a0607a5be3749d9b76aed06b8628ccbb1c73b3a8f6e631b
msg4dm.dat	280	ad800b3da337ffd028db544a53558ab39260988bad3bae3cbf9046f5b8949c8f
msg5a.dat	3680	bb646d2e392fe4b33234785eb143ba02cebf9d08531c114f1d09b13ce12944ed
msg5b.dat	4784	5d4cac1b0d7fa5770c955307a4b02c9e6fb30cd88232695243943bc646f3f758
msg5c.dat	4268	8b4cec78d09a6f4c6e385292a2782359b2f0ded0e3e6ad7fd8415ed400c5da5b
msg5d.dat	4272	f3870fc6d40d7afad4b971d637501cb95fb1032f69dfc5121736be4b30394338
msg6a.dat	3672	7fc7f53bf6d03cf5a8714f257484c3483bead3073ef3bb777b77bb24281f87a9
msg6b.dat	3716	6bbb6beaecfc01dd369a207f90a9d1d856f626f4571705d547406dfbfd9585b9
msg6c.dat	4592	7881047cb9e3431f4cd92e1608c57d3cc47714b9f66c762553a27be2d981e85f
msg6d.dat	4672	cded9de97322eeadfce66429a42bde1b38fdae935a1c44e82424154d2b9c3d00
msg7a.dat	3612	c025cf087f1d2eee5e75b06b30108a6653f442a24ebde7b3aa98b1209d4f20ad
msg7b.dat	3884	823021c007def26cdf06ed2257b63bc1b8e459b9e362a0c7d968b912cb832224
msg7c.dat	4532	7253005becdd400e22834311e805408ba009c53509f96ffd3be93c9a5a22c712
msg7d.dat	4364	e5aae30135605c5ee056f15d04e758c4e8229f21fc8e3588e915398e6f1cf2a7
msg8a.dat	5984	5851a7b66c96b9d9a15a2f6f00d059274f1bcc9abf130a8eff2d5cbd2baa253e
msg8b.dat	6612	f55a258192625f82843fd0c487c99c59a5eaa280940d8c92db8ec83f8787b5fe
msg8c.dat	6076	bdf04da2fc2edc6d53cf21e78dab4b59cb81ccaa7d55291190f95c00ee59b23b
msg8d.dat	6816	98368d5a31443189b4e5064413a58d9b5911336e95dc2980e84ae23fa3bd880e
music.jpg	147931	a97897c26262400913da43b709a3839efe524c9aaa1c5919fb5d1d11a7628c30
music00.anm	138860	275759a5e01728524553f484c8d852758cb05acd126a9243fec32fb47edf9da2
musiccmt.txt	7427	cf3ccfdf98b05daa67b46fa2f6c6e93fbefa46c21570a03b7c02b48c5e4f7797
nowloading.anm	33700	c56699172ed4b0432d2f4db2c91d397594748a083872033c54f635e2f826be2f
phantasm.jpg	74656	62b3d329c707b6530720aadb7db47cf46e8e2048f2b5ceedbe46038eecfdd86e
player00.anm	266764	130441992c30768ce4b29cc8035355454d35c2f49ceac920ddf3bdd3b8311efc
player01.anm	269332	ee392427079b8b3114ee9d85d166793172b8ed6b22bd3e07ed457c30405d494c
player02.anm	135008	a711aec5e823686102d67dddb1d795d0003a9118d0e4b9ed51afabc639a71d35
player03.anm	134444	b795080b0d25dcde9922751b77b4a92b4543300c17090de7abce55c787a94a74
ply00a.sht	1472	6d34144de8fd700902dab2ed085c39e6c13031761cf80b13568942bb95226b2f
ply00as.sht	1416	3f17584e5b35daefbe5ada047882e2382a7b8fe9244336da13269c2b68ab0972
ply01a.sht	1360	81f69c95bbdc63046c8e922984f06117dc864be8df65eedae355912692a250fe
ply01as.sht	800	eb3b36e734f80ecd3815a1610e951d01c8e7f940824b144db4d39a4a2c28d30b
ply02a.sht	1584	4765744ab5bbf797746469d5a6afc6ec7d4b0371422b5aa5a2e54ae668c48885
ply02as.sht	3568	f7554b3a32e16da01de9432e22609482a1c98a33212eb904ad47789079abebd3
ply03a.sht	1304	7060751eb805629da8ec5a4429656adc6c3283438ff21af08dd1a619bc7855ba
ply03as.sht	2256	74b7ff0d2948fe30a2a90b4405aa19414e561b042518b3a0d0e9a281e0ca5071
result.jpg	312710	fea162387a04a473f9a919eec926709fa4d8215b3112e98f264f93f6ec96e8fd
result00.anm	952980	f91a80dd3221489c9973f0348604e8cfe6378a11efc388eee3e93f9e1d935b22
resulttext.anm	824	e00193bd718c3e4b2e14f262f63e3c31051a1871a20936f1fbed3702457fc635
select00.png	364750	d5bbdf99cbd5361c81175018da8afb414e60125ade1caee865840657400cbd72
se_bonus.wav	45336	c40a1c57b3d73c75e1a508884bee3ce472508a7f9a6af60db8ac6eec7d0c1da3
se_bonus2.wav	45336	d7943c70dba49574e45f66f1ed697000b66288e791834cd82b6527270c03e985
se_border.wav	132428	fbc1cc70acbbd562068c7860082fb425bb126b0de1e5f71331e9f096d8df620c
se_cancel00.wav	13652	ca2ea7b33553c10458a943303ee90a8fb8bd24f483f92903e6612fe753d45294
se_cardget.wav	222864	825b2e9657219a3800add15dde3346ba95455c10e55fa7953b5c547816ac96ab
se_cat00.wav	84260	2ce7c84a41a87b94980b3076b6060e325a8a4f4e97f7024836e0689197a99123
se_damage00.wav	6772	65005a55fc76953ae5953a158a9cf3ef8970bf69552328ebbc9f2d073db1a8f6
se_damage01.wav	27028	ea007e46843e724aed7454be86229f6b00b97c9a5464a58bd7d3c364f80254a8
se_enep00.wav	115584	e81bf126739df5e0dc3fdaada135a65738bfc82e37b0ae97654ebe413d27abb2
se_enep01.wav	230300	4f24499e56320d672061076a3e63b0a0466c82baf83974ea3f8f84420096521a
se_extend.wav	70188	1cf15b01b3480309c6e469ffe1aa80f1aa36b3b34de3535260190e0fb7c9b722
se_graze.wav	4542	cca0bb46e2936548e582ebd94c995174f3a565839f32ac2950bba9459b1499e9
se_gun00.wav	134694	08b2ef872dcf04ce23f12559399640d3064283cf33f69b4b02b6490a557a9a0e
se_invalid.wav	62950	e747b6b52e036fc1e6141da79eaeefecb0bd1dee555aa6a7cf50d77de252c967
se_item00.wav	7378	4368fac39524f00236c476feab41084c95bba5cb8c5496af538cee8cd9551e50
se_item01.wav	10852	2376107bf1b61893f99066056390e3d6b5313dad0825e1edd6192e0a2ab31965
se_kira00.wav	35222	3e00ab7cef811a3ee71252a4968183750a558e04a873f81f451477edd8a61666
se_kira01.wav	21940	efc36ce49509bdadf4e8587f71b54f6162c8516091ca84c100fee2f8816ef632
se_kira02.wav	25782	e4399c45fa320195b97279378a10223801559294d1b2c91bf0ad0d7f6981516d
se_lazer00.wav	22182	d9a3c2a404a1ca06c344c8efe5f8a912dc5c1265ce6ddd653d14a92d6d0aa9f7
se_lazer01.wav	24182	21c5c1d0eb8635564a4cc620a3c0437b8042c3b2f4723322d3ba7b7afa8ccaab
se_nep00.wav	224926	2a7560aa679941c48b992bec677cb2420379171850efc9f8a07959d702afe023
se_ok00.wav	10876	78ca9f9fdfe69ff24581c8c2a3c226e5b62eff175330f9bef25a49b490e46815
se_ophide.wav	15452	b9a404ab86022f824e55316f52a5e021058b5c96d97150a13b9428731734ee1b
se_opshow.wav	18826	ae496c7f15663356e89fd1e91d5487288f55a9ce868a8ecce5e4cca0c28e4a6f
se_option.wav	26504	4ce9131a02b37547e96759b0d82c830f920846f8df5d823ca46ee322a886f274
se_pause.wav	133676	5d69f408049765fb1e4c3361b5dd8e49e646adba63767b7995cdf9dd7625f235
se_pldead00.wav	60852	571c1272aa9ea1d82779f897021226959888f6a915a7b20fdab59de3af6df2b8
se_plst00.wav	3596	3af00e5bc936626bb52cc14b472ca726269a30ab5a6d44d482437fc0611c233f
se_power0.wav	73004	e6224a927ab1c601cb7381a0d575434ead05e207eb1ce000a822a354629df12f
se_power1.wav	30412	0817535be3608754e065b289753fcd7a7cb7f5b0591e2888dd95afb4d259556e
se_powerup.wav	77278	03f727d2fd30aff2460e5f54f0c3341799f6dbfb50258a25cb39ea80f68af2d9
se_select00.wav	1146	3e4face4547ffde93b387e5d64183179d718a1c4ebff1c34fc98f94c945592a3
se_slash.wav	54782	0b81607ea9f2f7edd72cd92114548ee3f075c834c0ec3451062dd382501e806a
se_tan00.wav	15100	f29bffaef4186fb2ba2bf8d1ecbe1c689f036bb9d742606465268229686da87e
se_tan01.wav	15100	50579bd19596b5dd0258e63a3c27b395d0c75ad9a5a1eb5f9ca612e89a26ead6
se_tan02.wav	11708	790d9c5759912489aa2ad94c9df25a08f999ea2fb40dde2e7a370f866c8645f0
se_timeout.wav	19390	b96ffd1f914d0e1597b04189ca2044a06378e53c91d18dfbcbc947a4a2dde21f
se_timeout2.wav	19388	7223e92514a21ea2ca7a5a99f715afaa4b9d324de0db7f081b6046eb6ce600c2
staff00.end	428	f1734a6cfb1c7e74a09790dd79cebb5d4e8aceabf26300fa6a49faec503b90ac
staff00.jpg	41838	347f64d57da2e3372d84b5da294d514507887d05dbb60138bb0819dea2e9fcfb
staff00b.end	389	71c89a1d20ab54c4791d3e044d03e6a404110ec17daf76a42fecb5b8eb021b2e
staff00b.jpg	33559	e9bdf384f9b3179e7de433fade68250753f75d3b08ed1a01995de89f12c292e1
staff01.anm	788024	5ff9dd3c14913a6e9a08be935a09507a845180fcd1cec9aa780364224d25d773
stage1.std	4428	73a540bf6fa05029b17a88a01fe939b7f1ade2e9a38c5b75162d505f2b5e1111
stage1_s.std	3848	c3895cdfeac5e66a7c35e48077e4ee8841c3136000c0cfea2dd537c74daa58c6
stage2.std	6356	d7e8ef359f528aa9f39cc39522e9ba0a05ada6773a4b851442a225634c234944
stage2_s.std	5916	67ea28f994c8b40ecae78aae512a59cee19808302fb15a4a160fb12c4a6e30b7
stage3.std	2828	2c7083b7fd02578209ecf0d107cdad6adeaeef49f56106029864d0689f1ddeea
stage3_s.std	2508	3ad7ee71ce2495702ece8f319628596658ec0f54526331aeda8ae4fa35e294f4
stage4a.std	5332	df21245c38d76c0b2afe4d386dedb8a7f5ca0114216427603a855dff5a711004
stage4a_s.std	4012	b90893f4c3913c26479d400c281b3e502a0ccc1a1b0f46ffa81206f57f2843a6
stage4b.std	5332	d285e9287277053cbaa1abd0ec4ad2854e73165b011a69a3896bf4daf586099e
stage4b_s.std	4012	b90893f4c3913c26479d400c281b3e502a0ccc1a1b0f46ffa81206f57f2843a6
stage5.std	4516	c37dd068edca858874307803f479d58c8eff8db675f9967b1b70ac331de17761
stage5_s.std	3636	c2c5b4c48c5ef983b56e1607a2e724c0ea92d538ed7c2857b3b25cde0a355ef6
stage6.std	3804	78ad9aca527642672afda8532c2afe12e8526a02fc73f1c355a43c8a86e78e66
stage6_s.std	2824	0fc0ff2311ae98b9b10f2606a0f3e7b92590bd4673552097317ed4aeb968a7b7
stage7.std	3728	0f4543772c3dd83fffc0727faeec8a131bafcccd4e61241d6b68e650b2baa8a6
stage7_s.std	2928	00aabb329cfbcdc9e9482e8285cc0c6da23d61da5ceb99550ad5b442a6d20d58
stage8.std	5352	555c531a194cdb376004698137f57af482f66f24e634a310ac8afcbe3893fe3e
stage8_s.std	4012	3bd5c0539fc172d9ab70c5a3ddad296853b88e0fd1106f377ec1a8796c0cd722
stg1bg.anm	1048936	07684736b6c9e982fed2215f0d00e8e4401cb57a273aa71795885dd6cc892318
stg1enm.anm	132848	ddfdbe49e6b9886f21807c4326aac4af6cca1c8ae8208d6e477fb65a417a98d5
stg1txt.anm	262980	91d28e98663103522a17868c1c0f8a6f5d46d06b266295d3df5b44439f139a9f
stg2bg.anm	1048936	43da222fe85fbd5b5ae9d8f220a371cb6ec9331d97faaac0e1902146999e4537
stg2enm.anm	132752	a310e0d095d65551623e29a23deb06fcf4d4ede490832fbd886943a315c72f05
stg2txt.anm	262980	20cbe0610b86d9057574d5813f0137f2b56a15c7a9945faaadc4ac18648da650
stg3bg.anm	788828	5561eb051e8f5811e538bbd8da1ea6028362c1d33f1cbd797dc89d7329fb9597
stg3enm.anm	132752	c02471726b8c000e45f2f5d327aed374721b88e60882019914f8085f33ff3ad0
stg3txt.anm	262980	348cbd80161076b57ad41cf360cffaae2411d84b0dac26692787ad0286b7f28f
stg4abg.anm	1573852	5ee2986279d79f83d342cc54723d76362f6cbbdd086b54f1cb19babae5e038ca
stg4aenm.anm	134256	c3b223546da63ba40abc2d48b91fe8e9bedb2db6164e23cc87ff081a6760b410
stg4atxt.anm	262980	ae2bb0ae8a23b10af7e843e3b3adcdd0adba96bbf21bd68e8e5d60446f596f41
stg4benm.anm	268632	1ecad6b6ab9c4549eba1e97dbf17bf5c2d38ff0f5c1605639345a1226adc30ad
stg4btxt.anm	262980	92f121144a6acea5c91aed0e21a0867c5b7e543b7edde6a502da4c58a7d698e8
stg5bg.anm	1049504	888aea10804f26aa19e350736e46b5706ad996dac44897603c9c1ad21824ccaf
stg5enm.anm	266332	c73a6e7a3660b23105005413a59aa715d59a490cb473defb7a998bcdadb59987
stg5txt.anm	263016	0054f33b0fbbf476aeb8ded608b50cb7dd53bd6527c87b0a953338b363c9c0e7
stg6bg.anm	2886084	7077ccc6344911de705eebcd9d2164fe37ceae80bbf69bcdd019b9010417610e
stg6enm.anm	132904	10926e34d2cf7a3dc5dfcf83df174b7e3c94145a359911ec8826622a5227267a
stg6txt.anm	263040	34adae2afc42244f44b4c75096ae99b966e9571bf9a466b5079c4769d80c13e1
stg7bg.anm	2361980	23ebc407c66b7e1878beec23cd424a8a1d9365ae425759c640aabc0862763281
stg7enm.anm	265600	6f13728ee1e557b28040777de21aeb9cbba291f3fde8874b92b7f69df581403c
stg7txt.anm	263040	cb6acdc4c973f76b56fda9ac8ea2ccfe53947db5641ad1e13a69f44d39f41ea9
stg8bg.anm	1573832	83e54196ed4850c15e110706d864073363277dc9babfa070b7ce6560ada96325
stg8enm.anm	397532	23bf662eec969b7f284cd75a174b8dfe02044df8125cfd124d3bbe21527ea898
stg8txt.anm	263004	19d77222da8078a1741bea1a7e7ddd8927851d660b23d7a69e5ce98840235300
stgenm_al.anm	132756	d9936ec83ea78488c9edd0bb1b6868bbc505698cea353f68adf61bdbaf3c1fce
stgenm_rm.anm	131796	27b8aa42d3b922dfaccfc0372bfd9547625a21111199bdc438c7251282a9d52f
stgenm_sk.anm	132684	20131ace3454c4a7ef9a92828bc5ac92012b776b2e03f28511f67654016cab21
stgenm_yk.anm	527788	eb8a0a921277e01bc75a9f91a5d67dd05418e8510b515343158307369d8570b4
stgenm_ym.anm	133080	a105f9190a63fae82a7147e8947b4204128eadbe94351ff3e62b7fa589172e15
stgenm_yy.anm	1050196	bfd34397a172166cacb206bb046a819226dc7eb98953a868721105ab44b972d5
text.anm	7048	985b3cb320890f38053255289b234943289f0ca9b908942dd074ff833da56883
th08logo.jpg	299727	5a40f13cb8a2ca2b60ac3293cc0b5d91b8a08d5f0124539f1ecf9860e63b57d9
th08_00.mid	27031	bf5d644a37329ad0e1622efbbdd2c5d4f229cb1a36ddadf85b5109a435e4d437
th08_01.mid	13952	02275ca835fbbe114c93a89180953f2d8b681bed601f277897d33199f4991bdb
th08_0100d.ver	356	da42325763784bdaaed45e81246a6911deabffae9b36cc6d6f34dded6137d21a
th08_03.mid	31172	7894c808bd6735a382d56006a8f41b7b9538575b94cdfbd93d02e6770117e109
th08_04.mid	74725	aefec9b07abf76460087d18c33e5f5641a7070174a344fc20ed379a8506de160
th08_05.mid	37809	3ed8a0b58d6154426ceb9b2615796cefe30550d0ac9ef88c298c5ccaf807f225
th08_06.mid	31762	38b7a0b649a5753abac32112fe9044fd72e0afff403ea04f79dd31d967afc2e0
th08_07.mid	49080	5e5e94b245b7285d9d23886d3b60a7e86100e119f92dc10d335db5688d84c0b1
th08_08.mid	36446	f219b59db7139b9653e8cf0db88c47cc14267bb1a5286caa9e541d16b989211b
th08_09.mid	93971	1bd5a2a45068beadbf6ae70d0e511f3fe6a58ca1405a68d467776fef94afebc8
th08_10.mid	49413	d7bd64d53ceb11dd103f216b2f939e8279b6d9d97575859c6939db0ef17874d4
th08_11.mid	65364	61327a0f0207ac4e55430f0e0e86a9104e581a4d3ad27f7a893d5d8c83310a5e
th08_12.mid	43944	180d76cadd1939ff9e8340eeb04f751219cd3399dc87f790a02e7ab8f94f58a8
th08_13.mid	32177	92d7eba8995d75512afc25da3aafff3aa530a04e2f90db570e55614c2054e0c5
th08_13b.mid	32277	2dcefbd452638931ceeb9502c64bea19a48933b91e119c858aee3ce6592b4e7c
th08_14.mid	75936	afa21308f033e1c67b9f8e6537a37e7d481d0eecb15e62b93cdb59c898395b90
th08_15.mid	70999	02a9de7f7d4f15d14b0c56ec16389adc6ab9199032e6f65bb5b33a7ba6c0ab0d
th08_16.mid	13510	c1d87c9e13dfc0ace771b038488251c87d42d0f516d371ef83c29cf6f0841d3a
th08_17.mid	40610	ac2face25bbaa7b142608820de1238d801c471e0c3430536b78da0e7b5893f2b
th08_18.mid	64839	14ea270a5e4988d45d213ca28458ec7cd6a877213a224ed9c161e195e3d1e6a3
th08_19.mid	97791	d42144f6d17e1728754fb6a7d408c76f447a504c397f7d3fa7d2f906b7698283
th08_20.mid	27052	810235e3c9f8517f51f4cd77bf776fe7d7a36ee04e474918aa1b059e39cc4cdd
thbgm.fmt	1109	b1a0b2b45a1e97c55b42bdd673ca1f06b87cd6630733486ca23420a99bccc144
times.anm	132424	4843ad5f2c2f6ae9ce16e602cca29d5ca8d0bd96f80fb85654780dc843b96ca2
title00.png	634998	deacede3523f51413ae0240c8d6125cfc0b112e00afa45990566e58cf0d21b9b
title01.anm	7386444	1d4cbc0f58c2ce1df294453e6f10e57eba5120be92112a45b09c616197534c07
