tick	action_x	action_y	x	y
0	0	0	192	400
1	0	0	192	400
2	0	0	192	400
3	0	0	192	400
4	0	0	192	400
5	0	0	192	400
6	0	0	192	400
7	0	0	192	400
8	0	0	192	400
9	0	0	192	400
10	0	0	192	400
11	0	0	192	400
12	0	0	192	400
13	0	0	192	400
14	0	0	192	400
15	0	0	192	400
16	0	0	192	400
17	0	0	192	400
18	0	0	192	400
19	0	0	192	400
20	0	0	192	400
21	0	0	192	400
22	0	0	192	400
23	0	0	192	400
24	0	0	192	400
25	0	0	192	400
26	0	0	192	400
27	0	0	192	400
28	0	0	192	400
29	0	0	192	400
30	0	0	192	400
31	0	0	192	400
32	0	0	192	400
33	0	0	192	400
34	0	0	192	400
35	0	0	192	400
36	0	0	192	400
37	0	0	192	400
38	0	0	192	400
39	0	0	192	400
40	0	0	192	400
41	0	0	192	400
42	0	0	192	400
43	0	0	192	400
44	0	0	192	400
45	0	0	192	400
46	0	0	192	400
47	0	0	192	400
48	0	0	192	400
49	0	0	192	400
50	0	0	192	400
51	0	0	192	400
52	0	0	192	400
53	0	0	192	400
54	0	0	192	400
55	0	0	192	400
56	0	0	192	400
57	0	0	192	400
58	0	0	192	400
59	0	0	192	400
60	0	0	192	400
61	0	0	192	400
62	0	0	192	400
63	0	0	192	400
64	0	0	192	400
65	0	0	192	400
66	0	0	192	400
67	0	0	192	400
68	0	0	192	400
69	0	0	192	400
70	0	0	192	400
71	0	0	192	400
72	0	0	192	400
73	0	0	192	400
74	0	0	192	400
75	0	0	192	400
76	0	0	192	400
77	0	0	192	400
78	0	0	192	400
79	0	0	192	400
80	0	0	192	400
81	0	0	192	400
82	0	0	192	400
83	0	0	192	400
84	0	0	192	400
85	0	0	192	400
86	0	0	192	400
87	0	0	192	400
88	0	0	192	400
89	0	0	192	400
90	0	0	192	400
91	0	0	192	400
92	0	0	192	400
93	0	0	192	400
94	0	0	192	400
95	0	0	192	400
96	0	0	192	400
97	0	0	192	400
98	0	0	192	400
99	0	0	192	400
100	0	0	192	400
101	0	0	192	400
102	0	0	192	400
103	0	0	192	400
104	0	0	192	400
105	0	0	192	400
106	0	0	192	400
107	0	0	192	400
108	0	0	192	400
109	0	0	192	400
110	0	0	192	400
111	0	0	192	400
112	0	0	192	400
113	0	0	192	400
114	0	0	192	400
115	0	0	192	400
116	0	0	192	400
117	0	0	192	400
118	0	0	192	400
119	0	0	192	400
120	0	0	192	400
121	0	0	192	400
122	0	0	192	400
123	0	0	192	400
124	0	0	192	400
125	0	0	192	400
126	0	0	192	400
127	0	0	192	400
128	0	0	192	400
129	0	0	192	400
130	0	0	192	400
131	0	0	192	400
132	0	0	192	400
133	0	0	192	400
134	0	0	192	400
135	0	0	192	400
136	0	0	192	400
137	0	0	192	400
138	0	0	192	400
139	0	0	192	400
140	0	0	192	400
141	0	0	192	400
142	0	0	192	400
143	0	0	192	400
144	0	0	192	400
145	0	0	192	400
146	0	0	192	400
147	0	0	192	400
148	0	0	192	400
149	0	0	192	400
150	0	0	192	400
151	0	0	192	400
152	0	0	192	400
153	0	0	192	400
154	0	0	192	400
155	0	0	192	400
156	0	0	192	400
157	0	0	192	400
158	0	0	192	400
159	0	0	192	400
160	0	0	192	400
161	0	0	192	400
162	0	0	192	400
163	0	0	192	400
164	0	0	192	400
165	0	0	192	400
166	0	0	192	400
167	0	0	192	400
168	0	0	192	400
169	0	0	192	400
170	0	0	192	400
171	0	0	192	400
172	0	0	192	400
173	0	0	192	400
174	0	0	192	400
175	0	0	192	400
176	0	0	192	400
177	0	0	192	400
178	0	0	192	400
179	0	0	192	400
180	0	0	192	400
181	0	0	192	400
182	0	0	192	400
183	0	0	192	400
184	0	0	192	400
185	0	0	192	400
186	0	0	192	400
187	0	0	192	400
188	0	0	192	400
189	0	0	192	400
190	0	0	192	400
191	0	0	192	400
192	0	0	192	400
193	0	0	192	400
194	0	0	192	400
195	0	0	192	400
196	0	0	192	400
197	0	0	192	400
198	0	0	192	400
199	0	0	192	400
200	0	0	192	400
201	0	0	192	400
202	0	0	192	400
203	0	0	192	400
204	0	0	192	400
205	0	0	192	400
206	0	0	192	400
207	0	0	192	400
208	0	0	192	400
209	0	0	192	400
210	0	0	192	400
211	0	0	192	400
212	0	0	192	400
213	0	0	192	400
214	0	0	192	400
215	0	0	192	400
216	0	0	192	400
217	0	0	192	400
218	0	0	192	400
219	0	0	192	400
220	0	0	192	400
221	0	0	192	400
222	0	0	192	400
223	0	0	192	400
224	0	0	192	400
225	0	0	192	400
226	0	0	192	400
227	0	0	192	400
228	0	0	192	400
229	0	0	192	400
230	0	0	192	400
231	0	0	192	400
232	0	0	192	400
233	0	0	192	400
234	0	0	192	400
235	0	0	192	400
236	0	0	192	400
237	0	0	192	400
238	0	0	192	400
239	0	0	192	400
240	0	0	192	400
241	0	0	192	400
242	0	0	192	400
243	0	0	192	400
244	0	0	192	400
245	0	0	192	400
246	0	0	192	400
247	0	0	192	400
248	0	0	192	400
249	0	0	192	400
250	0	0	192	400
251	0	0	192	400
252	0	0	192	400
253	0	0	192	400
254	0	0	192	400
255	0	0	192	400
256	0	0	192	400
257	0	0	192	400
258	0	0	192	400
259	0	0	192	400
260	0	0	192	400
261	0	0	192	400
262	0	0	192	400
263	0	0	192	400
264	0	0	192	400
265	0	0	192	400
266	0	0	192	400
267	0	0	192	400
268	0	0	192	400
269	0	0	192	400
270	0	0	192	400
271	0	0	192	400
272	0	0	192	400
273	0	0	192	400
274	0	0	192	400
275	0	0	192	400
276	0	0	192	400
277	0	0	192	400
278	0	0	192	400
279	0	0	192	400
280	0	0	192	400
281	0	0	192	400
282	0	0	192	400
283	0	0	192	400
284	0	0	192	400
285	0	0	192	400
286	0	0	192	400
287	0	0	192	400
288	0	0	192	400
289	0	0	192	400
290	0	0	192	400
291	0	0	192	400
292	0	0	192	400
293	0	0	192	400
294	0	0	192	400
295	0	0	192	400
296	0	0	192	400
297	0	0	192	400
298	0	0	192	400
299	0	0	192	400
300	0	0	192	400
301	0	0	192	400
302	0	0	192	400
303	0	0	192	400
304	0	0	192	400
305	0	0	192	400
306	0	0	192	400
307	0	0	192	400
308	0	0	192	400
309	0	0	192	400
310	0	0	192	400
311	0	0	192	400
312	0	0	192	400
313	0	0	192	400
314	0	0	192	400
315	0	0	192	400
316	0	0	192	400
317	0	0	192	400
318	0	0	192	400
319	0	0	192	400
320	0	0	192	400
321	0	0	192	400
322	0	0	192	400
323	0	0	192	400
324	0	0	192	400
325	0	0	192	400
326	0	0	192	400
327	0	0	192	400
328	0	0	192	400
329	0	0	192	400
330	0	0	192	400
331	0	0	192	400
332	0	0	192	400
333	0	0	192	400
334	0	0	192	400
335	0	0	192	400
336	0	0	192	400
337	0	0	192	400
338	0	0	192	400
339	0	0	192	400
340	0	0	192	400
341	0	0	192	400
342	0	0	192	400
343	0	0	192	400
344	0	0	192	400
345	0	0	192	400
346	0	0	192	400
347	0	0	192	400
348	0	0	192	400
349	0	0	192	400
350	0	0	192	400
351	0	0	192	400
352	0	0	192	400
353	0	0	192	400
354	0	0	192	400
355	0	0	192	400
356	0	0	192	400
357	0	0	192	400
358	0	0	192	400
359	0	0	192	400
360	0	0	192	400
361	0	0	192	400
362	0	0	192	400
363	0	0	192	400
364	0	0	192	400
365	0	0	192	400
366	0	0	192	400
367	0	0	192	400
368	0	0	192	400
369	0	0	192	400
370	0	0	192	400
371	0	0	192	400
372	0	0	192	400
373	0	0	192	400
374	0	0	192	400
375	0	0	192	400
376	0	0	192	400
377	0	0	192	400
378	0	0	192	400
379	0	0	192	400
380	0	0	192	400
381	0	0	192	400
382	0	0	192	400
383	0	0	192	400
384	0	0	192	400
385	0	0	192	400
386	0	0	192	400
387	0	0	192	400
388	0	0	192	400
389	0	0	192	400
390	0	0	192	400
391	0	0	192	400
392	0	0	192	400
393	0	0	192	400
394	0	0	192	400
395	0	0	192	400
396	0	0	192	400
397	0	0	192	400
398	0	0	192	400
399	0	0	192	400
400	0	0	192	400
401	0	0	192	400
402	0	0	192	400
403	0	0	192	400
404	0	0	192	400
405	0	0	192	400
406	0	0	192	400
407	0	0	192	400
408	0	0	192	400
409	0	0	192	400
410	0	0	192	400
411	0	0	192	400
412	0	0	192	400
413	0	0	192	400
414	0	0	192	400
415	0	0	192	400
416	0	0	192	400
417	0	0	192	400
418	0	0	192	400
419	0	0	192	400
420	0	0	192	400
421	0	0	192	400
422	0	0	192	400
423	0	0	192	400
424	0	0	192	400
425	0	0	192	400
426	0	0	192	400
427	0	0	192	400
428	0	0	192	400
429	0	0	192	400
430	0	0	192	400
431	0	0	192	400
432	0	0	192	400
433	0	0	192	400
434	0	0	192	400
435	0	0	192	400
436	0	0	192	400
437	0	0	192	400
438	0	0	192	400
439	0	0	192	400
440	0	0	192	400
441	0	0	192	400
442	0	0	192	400
443	0	0	192	400
444	0	0	192	400
445	0	0	192	400
446	0	0	192	400
447	0	0	192	400
448	0	0	192	400
449	0	0	192	400
450	0	0	192	400
451	0	0	192	400
452	0	0	192	400
453	0	0	192	400
454	0	0	192	400
455	0	0	192	400
456	0	0	192	400
457	0	0	192	400
458	0	0	192	400
459	0	0	192	400
460	0	0	192	400
461	0	0	192	400
462	0	0	192	400
463	0	0	192	400
464	0	0	192	400
465	0	0	192	400
466	0	0	192	400
467	0	0	192	400
468	0	0	192	400
469	0	0	192	400
470	0	0	192	400
471	0	0	192	400
472	0	0	192	400
473	0	0	192	400
474	0	0	192	400
475	0	0	192	400
476	0	0	192	400
477	0	0	192	400
478	0	0	192	400
479	0	0	192	400
480	0	0	192	400
481	0	0	192	400
482	0	0	192	400
483	0	0	192	400
484	0	0	192	400
485	0	0	192	400
486	0	0	192	400
487	0	0	192	400
488	0	0	192	400
489	0	0	192	400
490	0	0	192	400
491	0	0	192	400
492	0	0	192	400
493	0	0	192	400
494	0	0	192	400
495	0	0	192	400
496	0	0	192	400
497	0	0	192	400
498	0	0	192	400
499	0	0	192	400
500	0	0	192	400
501	0	0	192	400
502	0	0	192	400
503	0	0	192	400
504	0	0	192	400
505	0	0	192	400
506	0	0	192	400
507	0	0	192	400
508	0	0	192	400
509	0	0	192	400
510	0	0	192	400
511	0	0	192	400
512	0	0	192	400
513	0	0	192	400
514	0	0	192	400
515	0	0	192	400
516	0	0	192	400
517	0	0	192	400
518	0	0	192	400
519	0	0	192	400
520	0	0	192	400
521	0	0	192	400
522	0	0	192	400
523	0	0	192	400
524	0	0	192	400
525	0	0	192	400
526	0	0	192	400
527	0	0	192	400
528	0	0	192	400
529	0	0	192	400
530	0	0	192	400
531	0	0	192	400
532	0	0	192	400
533	0	0	192	400
534	0	0	192	400
535	0	0	192	400
536	0	0	192	400
537	0	0	192	400
538	0	0	192	400
539	0	0	192	400
540	0	0	192	400
541	0	0	192	400
542	0	0	192	400
543	0	0	192	400
544	0	0	192	400
545	0	0	192	400
546	0	0	192	400
547	0	0	192	400
548	0	0	192	400
549	0	0	192	400
550	0	0	192	400
551	0	0	192	400
552	0	0	192	400
553	0	0	192	400
554	0	0	192	400
555	0	0	192	400
556	0	0	192	400
557	0	0	192	400
558	0	0	192	400
559	0	0	192	400
560	0	0	192	400
561	0	0	192	400
562	0	0	192	400
563	0	0	192	400
564	0	0	192	400
565	0	0	192	400
566	0	0	192	400
567	0	0	192	400
568	0	0	192	400
569	0	0	192	400
570	0	0	192	400
571	0	0	192	400
572	0	0	192	400
573	0	0	192	400
574	0	0	192	400
575	0	0	192	400
576	0	0	192	400
577	0	0	192	400
578	0	0	192	400
579	0	0	192	400
580	0	0	192	400
581	0	0	192	400
582	0	0	192	400
583	0	0	192	400
584	0	0	192	400
585	0	0	192	400
586	0	0	192	400
587	0	0	192	400
588	0	0	192	400
589	0	0	192	400
590	0	0	192	400
591	0	0	192	400
592	0	0	192	400
593	0	0	192	400
594	0	0	192	400
595	0	0	192	400
596	0	0	192	400
597	0	0	192	400
598	0	0	192	400
599	0	0	192	400
