tick	allocated_total	live	lethal	state_digest
0	21	21	0	11049571273449808409
1	21	21	0	2343782350076569364
2	21	21	0	7834082781104181094
3	21	21	0	1746621057498895199
4	21	21	0	6854824136886095505
5	21	21	0	4764005971748268504
6	21	21	0	657879004457592982
7	21	21	0	7281396833865020507
8	21	21	0	15566032955444462441
9	42	42	21	10486332587460094268
10	42	42	21	478694138073436335
11	42	42	21	6537242512781551935
12	42	42	21	6019301492782551941
13	42	42	21	14129548459164744461
14	42	42	21	17275995955245292583
15	42	42	21	9699461100278201071
16	42	42	21	10714173615594693831
17	42	42	21	1493802218344360752
18	63	63	42	9511023746631125581
19	63	63	42	8151634213001705810
20	63	63	42	16461203532810570653
21	63	63	42	4219342443241913124
22	63	63	42	17526067123256775092
23	63	63	42	13769769397680561157
24	63	63	42	1774444246999985966
25	63	63	42	1350408319938350704
26	63	63	42	7170257011342772413
27	84	84	63	9965181214808002737
28	84	84	63	18354235547500788568
29	84	84	63	13271207990883939540
30	84	84	63	7428533236342675072
31	84	84	63	17741762362622783528
32	84	84	63	2930346983358285347
33	84	84	63	482689780178182265
34	84	84	63	14495851471609734037
35	84	84	63	14789083210374905806
36	105	105	84	13467506078527382149
37	105	105	84	16524258999749619934
38	105	105	84	7132971377811143204
39	105	105	84	14651415717241827667
40	105	105	84	6135321199248000306
41	105	105	84	12389226081423060285
42	105	105	84	53596003107661140
43	105	105	84	12136319322917187540
44	105	105	84	13027013430488225734
45	126	126	105	10014771147661592347
46	126	126	105	9758373132204121010
47	126	126	105	14739365613858185841
48	126	126	105	6643591829298961121
49	126	126	105	15051876161355289247
50	126	126	105	11434288578862514001
51	126	126	105	13481520559227775703
52	126	126	105	17886967184363687814
53	126	126	105	7581124878491781181
54	147	147	126	5816727204218224062
55	147	146	125	4171487654201857870
56	147	146	125	2732120810366209558
57	147	146	125	1367980808018759345
58	147	146	125	16387899972352334356
59	147	146	125	17575004342648046821
60	147	146	125	13002061499826843756
61	147	146	125	6903931903161443683
62	147	146	125	9438386795125664651
63	168	167	146	17995441171168035884
64	168	164	143	1911866779635634898
65	168	164	143	15969926201129850200
66	168	164	143	12642546689538880236
67	168	164	143	5009743042435952531
68	168	164	143	5075499493603582305
69	168	164	143	235730490127514852
70	168	163	142	13872068842422276052
71	168	163	142	12097093582584090071
72	189	184	163	5498702058122588981
73	189	184	163	6732442284450478290
74	189	181	160	1147077490973919931
75	189	181	160	6664115201614845706
76	189	181	160	7879674721152474883
77	189	181	160	17815185855698913985
78	189	179	158	17648869523583681705
79	189	178	157	9627128466776923742
80	189	178	157	6629255614392592450
81	210	199	178	16418357461449079090
82	210	198	177	3592367899476212546
83	210	198	177	8512473686640174408
84	210	197	176	18383222161421644961
85	210	197	176	7086710936070375224
86	210	197	176	7590500906990889604
87	210	197	176	8519153560301997112
88	210	195	174	9833970035004390934
89	210	195	174	12323273716108606998
90	231	216	195	6695194746348606488
91	231	215	194	15769724403679459946
92	231	215	194	16013469480425321995
93	231	215	194	15516087762590251581
94	231	214	193	2273430648878869197
95	231	213	192	16960660376512256963
96	231	212	191	2240391439831132042
97	231	212	191	1618456268541734216
98	231	210	189	1483185648864725074
99	252	228	207	7895461727768831916
100	252	228	207	16453744645726769737
101	252	225	204	14442127340775922658
102	252	225	204	13250918254941991088
103	252	225	204	17567432431348426548
104	252	225	204	17358809368634946105
105	252	224	203	10836987360894113578
106	252	224	203	9986438297134339804
107	252	223	202	16688523912114713533
108	273	244	223	8170024012920393750
109	273	242	221	5689448355552405135
110	273	241	220	7940005834863595897
111	273	240	219	1535767709458041420
112	273	240	219	9310359375044331234
113	273	240	219	4121838065827353574
114	273	239	218	7102098035678221870
115	273	237	216	3185960249838497413
116	273	237	216	11065832687360466348
117	294	257	236	13469306657745139535
118	294	254	233	7278174710399118294
119	294	254	233	1220617766750919342
120	294	252	231	17393158689898314803
121	294	252	231	4706918839240046423
122	294	252	231	3028958592540950806
123	294	252	231	9547849261154850330
124	294	252	231	6284591772602998436
125	294	250	229	1919818726793195199
126	315	271	250	14388258292200139483
127	315	270	249	11208857170811014806
128	315	270	249	14183553856792791490
129	315	270	249	8947749549261820164
130	315	270	249	12079900850814550581
131	315	269	248	8325882635953991625
132	315	268	247	4908884295522593419
133	315	267	246	14667814077681599604
134	315	267	246	7623247608872179083
135	336	286	265	16405466460623645394
136	336	283	262	7408309987722492640
137	336	282	261	14235789705003415905
138	336	282	261	2699284389236072040
139	336	282	261	8899776326039728609
140	336	282	261	2652934163909388571
141	336	280	259	4735015440356271136
142	336	279	258	8087194594002491912
143	336	278	257	15062927575721945777
144	357	298	277	13284307483210135260
145	357	297	276	14683566615301407522
146	357	296	275	17472115873279118795
147	357	296	275	11586769964949784601
148	357	295	274	973235574357180797
149	357	295	274	17972068122103887871
150	357	294	273	9611644176030679509
151	357	294	273	1609884374182043635
152	357	294	273	18315520167171469138
153	378	311	290	5510995896497858476
154	378	311	290	8557400936208260323
155	378	311	290	14131373892597565604
156	378	311	290	4810727604501628427
157	378	310	289	5199088724575350748
158	378	309	288	1214065511926723577
159	378	309	288	1831659147036024704
160	378	308	287	8949160867147137083
161	378	306	285	8366229822061138956
162	399	327	306	7098647779674520193
163	399	327	306	402325973233068431
164	399	326	305	7295024623744750216
165	399	326	305	9398541986320225765
166	399	325	304	14754708930595213056
167	399	325	304	9787583455584605525
168	399	325	304	4134101196606936814
169	399	325	304	14058711212482246273
170	399	324	303	216719425320321092
171	420	345	324	2196778754196916589
172	420	345	324	7285608549298193577
173	420	344	323	1042349195179914738
174	420	344	323	15283478358173307476
175	420	344	323	3549744795098747847
176	420	342	321	13298697084681606616
177	420	341	320	2603213365463566120
178	420	340	319	13392167319666871564
179	420	339	318	8179526483511310863
180	441	358	337	8317843558744450129
181	441	355	334	8259327878182474151
182	441	355	334	14518933829489232546
183	441	355	334	15379526587028168953
184	441	355	334	606885120541444199
185	441	354	333	6385274485563719872
186	441	354	333	1338944993723621082
187	441	354	333	13064805869994278792
188	441	352	331	10793683907770106332
189	462	372	351	16065647291754593922
190	462	372	351	7798468861676558910
191	462	372	351	18240220004260803763
192	462	371	350	21704753668042273
193	462	370	349	15276549716287877433
194	462	370	349	17550821227587734299
195	462	370	349	3588275355211967745
196	462	370	349	3643765827148782307
197	462	369	348	16754662944156331270
198	483	388	367	14976805311390668786
199	483	388	367	5386949568256675781
200	483	388	367	7932991761578622252
201	483	387	366	12091636037463430589
202	483	386	365	3417593300469393746
203	483	386	365	14606178216724556317
204	483	386	365	14929725578329320008
205	483	386	365	16765990511112453077
206	483	385	364	7959446484575822046
207	504	405	384	8921619834716145658
208	504	404	383	5902994346362880039
209	504	402	381	14810681216537042146
210	504	401	380	7216921763457390812
211	504	401	380	1269405559493082907
212	504	401	380	11853477601802286277
213	504	399	378	12749530600008204058
214	504	399	378	10358735782004004353
215	504	397	376	15798767301368715589
216	525	418	397	7960100267243765612
217	525	417	396	896404508375953511
218	525	417	396	12106531229164207586
219	525	416	395	2617352750166753247
220	525	416	395	2481381028797437173
221	525	415	394	12505018045563198265
222	525	415	394	11361027541450398312
223	525	414	393	9365656652524437565
224	525	413	392	1038181500488191994
225	546	434	413	715497647652026016
226	546	433	412	3925325333333977460
227	546	433	412	11385122823178022675
228	546	433	412	6416786431607614344
229	546	431	410	6639759708522588321
230	546	431	410	4319124681522668041
231	546	430	409	5654165426072947003
232	546	430	409	437015903741431786
233	546	430	409	12678660453581112187
234	567	450	429	931508405060593622
235	567	449	428	1028478293252590296
236	567	446	425	4680344152121799986
237	567	446	425	8550666930323929484
238	567	445	424	6469125340539906966
239	567	444	423	820150259665230432
240	567	443	422	17680156691687954732
241	567	443	422	10079197093333004668
242	567	443	422	16361079904367667954
243	588	462	441	10995680881489332220
244	588	462	441	2409707412501831560
245	588	462	441	8380983240143104270
246	588	462	441	5567156898517091499
247	588	462	441	3033722682434494544
248	588	459	438	16828717779884675330
249	588	458	437	10165121341894305179
250	588	456	435	10556700747206632657
251	588	454	433	3717905137159154280
252	609	474	453	17325710171795480035
253	609	473	452	9410978072521503391
254	609	473	452	2209479549086755945
255	609	472	451	11716525512341364853
256	609	472	451	12761419610029008939
257	609	471	450	6396337302526490700
258	609	469	448	3029646979295112512
259	609	469	448	11667655323606816383
260	609	467	446	4210668998205724784
261	630	487	466	4456016908331424532
262	630	486	465	4229980548411741216
263	630	485	464	8604620682097634909
264	630	483	462	4112989277429372126
265	630	482	461	5107505246766587526
266	630	482	461	5537177461352135644
267	630	482	461	17724500519076824946
268	630	480	459	1898096928017061965
269	630	476	455	17765083173898192708
270	651	495	474	2139764102986009829
271	651	494	473	13032433765026142396
272	651	491	470	14633374644045595198
273	651	489	468	8719863204847310117
274	651	489	468	11906452823136420894
275	651	488	467	1138638162050546650
276	651	487	466	9905555683451060304
277	651	487	466	4115752303389782935
278	651	486	465	14818273866090235278
279	672	507	486	15994883548042371856
280	672	506	485	9860308926337126604
281	672	506	485	13672222487580368426
282	672	505	484	13497816656819816110
283	672	503	482	7991280986933574082
284	672	502	481	10589305525535042344
285	672	501	480	14779549936219037106
286	672	501	480	13086260363437970093
287	672	500	479	7031434584178381859
288	693	519	498	12573690880283630553
289	693	517	496	3138875243166249876
290	693	517	496	3663845126914258620
291	693	515	494	8660347954828660307
292	693	512	491	1281388146429617584
293	693	510	489	16572540673705629411
294	693	509	488	8626752113326352545
295	693	508	487	891766186368743728
296	693	506	485	11354633055658104336
297	714	526	505	626883180393468068
298	714	526	505	12001761417849825221
299	714	525	504	16622165717156427319
300	714	524	503	8951543587219805679
301	714	524	503	5986550068117629580
302	714	522	501	9435151718986160208
303	714	519	498	5691765575360903405
304	714	518	497	6392115825098149756
305	714	518	497	13220462569245407401
306	735	538	517	16622196141328978637
307	735	537	516	1781083199639798804
308	735	534	513	7501213352962146199
309	735	533	512	10365396650797813095
310	735	533	512	12059027502522633209
311	735	531	510	13175099267767953881
312	735	531	510	13125657315509161207
313	735	530	509	13077425027147762404
314	735	529	508	2733188979879720404
315	756	550	529	16854686083611524789
316	756	549	528	18080440375111595527
317	756	549	528	15322928908482592973
318	756	548	527	9391795499613774477
319	756	547	526	3950743232143657757
320	756	545	524	1519478284692918735
321	756	543	522	3910435017106130823
322	756	542	521	16188414753791184315
323	756	539	518	866027661961180807
324	777	559	538	6056685910977615493
325	777	557	536	7778143652790468083
326	777	554	533	15356369713347896858
327	777	552	531	6878324832743515042
328	777	550	529	3805737076711432802
329	777	548	527	4532357660863506130
330	777	548	527	16148300750860197748
331	777	548	527	2723767129067399191
332	777	547	526	3704583417466172890
333	798	565	544	2021200678365097093
334	798	565	544	1309597243450545571
335	798	564	543	10889770993467926807
336	798	564	543	1969472269660999254
337	798	562	541	13311459447818671738
338	798	561	540	1044742294781184034
339	798	561	540	1604794319048654014
340	798	560	539	7844492723136842936
341	798	558	537	1660185074222075236
342	819	577	556	12948493022188710222
343	819	575	554	10461979193320169801
344	819	574	553	5517678926338310578
345	819	572	551	17044422992803360835
346	819	571	550	15755263096105052143
347	819	567	546	17961582219609094574
348	819	567	546	11891319744896889158
349	819	564	543	12900291725998386715
350	819	563	542	2545043184988967017
351	840	582	561	14912875569620889083
352	840	577	556	14899791162685551720
353	840	576	555	1592291140802663463
354	840	575	554	6565677196007340247
355	840	574	553	12120223172450467149
356	840	574	553	15817044372364367946
357	840	572	551	13561461610373379075
358	840	570	549	10286443620907351659
359	840	568	547	9094101630569430222
360	840	568	568	8856202486741622705
361	840	565	565	17677673256363701864
362	840	562	562	6112603958946079513
363	840	562	562	13429245466718101154
364	840	562	562	12057968022965129100
365	840	560	560	8038406051269134896
366	840	555	555	7112958610957229061
367	840	555	555	1349486931865546377
368	840	552	552	10942764800445292776
369	840	550	550	11922304800042410087
370	840	548	548	16165723824400833033
371	840	546	546	18334371539603419098
372	840	546	546	12509087435086946868
373	840	545	545	11236215567604450112
374	840	541	541	6933292761576814166
375	840	539	539	407953297218902590
376	840	537	537	11404617486734099701
377	840	532	532	13029975566040564681
378	840	530	530	2564517119593658202
379	840	527	527	8457330280916595060
380	840	527	527	18274382382197109856
381	840	524	524	4085464072358850300
382	840	522	522	14095988117539250874
383	840	521	521	7066637153930595453
384	840	521	521	5654744861420981810
385	840	519	519	14710603894051607717
386	840	516	516	2019016812253112640
387	840	516	516	9394610871471150647
388	840	516	516	14018822362757363285
389	840	513	513	13819381023894739474
390	840	511	511	6689695075115385084
391	840	510	510	2528131605237334387
392	840	503	503	15200157168441087927
393	840	501	501	350499036449788993
394	840	498	498	10061115809569535034
395	840	496	496	14541653169405040396
396	840	495	495	8961787300625591582
397	840	490	490	8667413090913616316
398	840	488	488	5451220573098941866
399	840	485	485	8553834904928640746
400	840	483	483	5420916343384258006
401	840	483	483	1141367857138300977
402	840	479	479	13504156507616669386
403	840	478	478	12642273012354111042
404	840	473	473	3004575171713748031
405	840	472	472	9418672182682520872
406	840	468	468	11488796735411653418
407	840	466	466	14573511218112854281
408	840	466	466	1577360651039612652
409	840	466	466	5937377849280025417
410	840	463	463	18011545327437694743
411	840	462	462	14414234143775025984
412	840	458	458	6211647407687200416
413	840	453	453	5915032770874390973
414	840	453	453	17078142783291954267
415	840	450	450	15808273428987745960
416	840	447	447	271409435948604796
417	840	445	445	3710657785680229100
418	840	445	445	428553599098158427
419	840	443	443	3784149718631031005
420	840	441	441	8527430815432902678
421	840	439	439	7862503995620056277
422	840	438	438	540519107024147854
423	840	436	436	14508792724246320516
424	840	434	434	15453178357963852367
425	840	432	432	7407765577204063739
426	840	431	431	12014916286454677347
427	840	427	427	14669398092251970777
428	840	424	424	5672494499209172822
429	840	424	424	16654348580945478257
430	840	422	422	15010628109676514603
431	840	420	420	3668204516349210813
432	840	418	418	305447995187500682
433	840	417	417	737878705831712748
434	840	413	413	2670033887982754123
435	840	411	411	181993384530026249
436	840	410	410	3454844219962396455
437	840	409	409	7263117056564480767
438	840	407	407	17529318644642180397
439	840	406	406	335187951434951359
440	840	404	404	4683836481909452106
441	840	403	403	7137214955142055609
442	840	403	403	3826414961691703657
443	840	401	401	13879039337366365965
444	840	398	398	10667889023618407182
445	840	397	397	3630334264887949259
446	840	396	396	2634897943557039382
447	840	394	394	17209265831289321672
448	840	393	393	17832652979584937767
449	840	391	391	17278179778556683208
450	840	388	388	13182127026690949245
451	840	387	387	17969836323730174630
452	840	385	385	18075760958848454373
453	840	381	381	193695061270288217
454	840	378	378	7892362523317231367
455	840	376	376	38983238862088284
456	840	375	375	14597780341322040572
457	840	373	373	6718221868747856803
458	840	370	370	541435416861243515
459	840	367	367	12538266256943600670
460	840	366	366	8498358528357754865
461	840	364	364	14727183308386846146
462	840	361	361	8776084795154895538
463	840	361	361	17364521964818548355
464	840	359	359	3539818724223556117
465	840	358	358	1287839705888179245
466	840	356	356	9177777609656953471
467	840	353	353	7762159006570730651
468	840	351	351	11108269939866707288
469	840	347	347	14189673915061284452
470	840	347	347	17157932015851226218
471	840	347	347	16553917347598466907
472	840	345	345	12245533045795542742
473	840	343	343	3500436353899247414
474	840	340	340	1215395648706869248
475	840	340	340	2105276653730683390
476	840	338	338	5465743694843035286
477	840	336	336	1507058751158815438
478	840	336	336	17192176229031338784
479	840	334	334	4927449816948395321
480	840	333	333	14179823939548742511
481	840	332	332	9504561894288182656
482	840	331	331	6452783480726319882
483	840	331	331	6950951351227713549
484	840	330	330	10064265133440637966
485	840	329	329	702383662891057621
486	840	329	329	3280908831432675324
487	840	329	329	3586130058682345092
488	840	329	329	5000354823105159705
489	840	327	327	16907947761663056432
490	840	325	325	11710542913784895855
491	840	323	323	9267306576243951961
492	840	320	320	1420390053462558288
493	840	320	320	8624075051751175968
494	840	319	319	6677619005678560071
495	840	318	318	4245026790696695005
496	840	316	316	15101785373441811186
497	840	316	316	4983683713596184915
498	840	316	316	13680977573601028780
499	840	314	314	8084967776545070343
500	840	310	310	5419269259690605507
501	840	309	309	8470475988610388832
502	840	309	309	537649956467946449
503	840	309	309	13605371204352380274
504	840	309	309	10817803532133222088
505	840	308	308	7410465058881908193
506	840	308	308	8880386973828390462
507	840	306	306	10285020615765842022
508	840	303	303	11918658483218294325
509	840	302	302	2145895672101533674
510	840	302	302	5861735642223067798
511	840	301	301	14541000252787112051
512	840	298	298	15149828193312496246
513	840	298	298	3260916113806266467
514	840	297	297	10457074999197144923
515	840	297	297	677889060724559808
516	840	297	297	8465009772284636572
517	840	297	297	17144409411261946815
518	840	297	297	11935424404651904633
519	840	297	297	7105128320640166358
520	840	297	297	10152893543998600391
521	840	293	293	2486252698536182322
522	840	291	291	18249444444804302141
523	840	291	291	12749689700915659398
524	840	289	289	14907510476942065254
525	840	288	288	12099806268751974246
526	840	287	287	17299084081618296935
527	840	284	284	14531189682344586758
528	840	282	282	18234674923302321930
529	840	282	282	4261341646953425375
530	840	279	279	2924096995597825169
531	840	277	277	14508326063079806675
532	840	276	276	3805922696427250570
533	840	275	275	7185663357257440766
534	840	274	274	9769678397102594188
535	840	272	272	13764530941193402443
536	840	271	271	6022755576363454478
537	840	271	271	6484150136790068976
538	840	270	270	4656712298305958049
539	840	268	268	7014347122356089765
540	840	265	265	17387067920211706179
541	840	263	263	17282059336370764247
542	840	263	263	13965710067433400378
543	840	263	263	3744133289365304868
544	840	262	262	5570201942921601351
545	840	260	260	6617222692620985068
546	840	256	256	3145383671797392219
547	840	256	256	5565245519967422869
548	840	255	255	5223471303021797785
549	840	254	254	8050291368076274888
550	840	253	253	7571226018547869058
551	840	253	253	578695810282127585
552	840	251	251	3586106473764946044
553	840	248	248	5723178471167405159
554	840	247	247	7546678207619820519
555	840	245	245	11099278701135702337
556	840	244	244	3295938883078060394
557	840	243	243	18145446073498492497
558	840	240	240	5889412393437295540
559	840	237	237	9709135991835982716
560	840	234	234	829152446958712370
561	840	234	234	10050937324271939902
562	840	233	233	4525010732192813620
563	840	232	232	3012393343023109187
564	840	232	232	346245777551149324
565	840	231	231	16769450129388361487
566	840	230	230	17259212413849724350
567	840	230	230	1908829356102936308
568	840	227	227	11229876480499479762
569	840	226	226	9963553173428107896
570	840	225	225	9208209655186168675
571	840	223	223	14597434881366770727
572	840	223	223	11114975836850442687
573	840	222	222	11295229953567880931
574	840	220	220	4780651795175996019
575	840	217	217	11280479225941641692
576	840	217	217	4801838494987331564
577	840	217	217	16840647985226934876
578	840	216	216	6365629793736214974
579	840	214	214	14563710203642891154
580	840	213	213	13850038320559996480
581	840	213	213	7464730002484719813
582	840	211	211	12841073292267040633
583	840	211	211	15711333684975764637
584	840	211	211	5990799393477380711
585	840	210	210	6325140222977427583
586	840	209	209	3977576545803935318
587	840	209	209	10806041670337245147
588	840	207	207	18082286980440253931
589	840	205	205	3978598775164165822
590	840	204	204	5020296921515467851
591	840	202	202	16051820541096163055
592	840	201	201	10924957661395929205
593	840	201	201	16291516427576054732
594	840	201	201	5326274765593786123
595	840	200	200	11294232680390616339
596	840	197	197	18156136469897045859
597	840	196	196	8246295894573905539
598	840	196	196	8376121279249883122
599	840	194	194	1031848885946428969
