opcode	observed_sites	runtime_semantics
0	278	NOT_IMPLEMENTED
1	519	NOT_IMPLEMENTED
2	530	NOT_IMPLEMENTED
3	8	NOT_IMPLEMENTED
4	1005	NOT_IMPLEMENTED
5	575	NOT_IMPLEMENTED
6	3954	NOT_IMPLEMENTED
7	3816	NOT_IMPLEMENTED
8	0	NOT_IMPLEMENTED
9	38	NOT_IMPLEMENTED
10	105	NOT_IMPLEMENTED
11	48	NOT_IMPLEMENTED
12	12	NOT_IMPLEMENTED
13	8	NOT_IMPLEMENTED
14	0	NOT_IMPLEMENTED
15	2239	NOT_IMPLEMENTED
16	442	NOT_IMPLEMENTED
17	325	NOT_IMPLEMENTED
18	30	NOT_IMPLEMENTED
19	0	NOT_IMPLEMENTED
20	2	NOT_IMPLEMENTED
21	14	NOT_IMPLEMENTED
22	2	NOT_IMPLEMENTED
23	28	NOT_IMPLEMENTED
24	64	NOT_IMPLEMENTED
25	355	NOT_IMPLEMENTED
26	263	NOT_IMPLEMENTED
27	499	NOT_IMPLEMENTED
28	128	NOT_IMPLEMENTED
29	0	NOT_IMPLEMENTED
30	81	NOT_IMPLEMENTED
31	25	NOT_IMPLEMENTED
32	136	NOT_IMPLEMENTED
33	131	NOT_IMPLEMENTED
34	38	NOT_IMPLEMENTED
35	0	NOT_IMPLEMENTED
36	97	NOT_IMPLEMENTED
37	1708	NOT_IMPLEMENTED
38	110	NOT_IMPLEMENTED
39	2	NOT_IMPLEMENTED
40	93	NOT_IMPLEMENTED
41	0	NOT_IMPLEMENTED
42	94	NOT_IMPLEMENTED
43	0	NOT_IMPLEMENTED
44	28	NOT_IMPLEMENTED
45	11	NOT_IMPLEMENTED
46	35	NOT_IMPLEMENTED
47	31	NOT_IMPLEMENTED
48	95	NOT_IMPLEMENTED
49	6	NOT_IMPLEMENTED
50	70	NOT_IMPLEMENTED
51	139	NOT_IMPLEMENTED
52	614	NOT_IMPLEMENTED
53	250	NOT_IMPLEMENTED
54	291	NOT_IMPLEMENTED
55	12	NOT_IMPLEMENTED
56	0	NOT_IMPLEMENTED
57	46	NOT_IMPLEMENTED
58	73	NOT_IMPLEMENTED
59	138	NOT_IMPLEMENTED
60	0	NOT_IMPLEMENTED
61	76	NOT_IMPLEMENTED
62	201	NOT_IMPLEMENTED
63	96	NOT_IMPLEMENTED
64	342	NOT_IMPLEMENTED
65	171	NOT_IMPLEMENTED
66	188	NOT_IMPLEMENTED
67	270	NOT_IMPLEMENTED
68	0	NOT_IMPLEMENTED
69	0	NOT_IMPLEMENTED
70	54	NOT_IMPLEMENTED
71	78	NOT_IMPLEMENTED
72	61	NOT_IMPLEMENTED
73	70	NOT_IMPLEMENTED
74	114	NOT_IMPLEMENTED
75	157	NOT_IMPLEMENTED
76	34	NOT_IMPLEMENTED
77	363	NOT_IMPLEMENTED
78	33	NOT_IMPLEMENTED
79	16	NOT_IMPLEMENTED
80	702	NOT_IMPLEMENTED
81	535	NOT_IMPLEMENTED
82	76	NOT_IMPLEMENTED
83	195	NOT_IMPLEMENTED
84	0	NOT_IMPLEMENTED
85	0	NOT_IMPLEMENTED
86	0	NOT_IMPLEMENTED
87	2	NOT_IMPLEMENTED
88	2	NOT_IMPLEMENTED
89	0	NOT_IMPLEMENTED
90	214	NOT_IMPLEMENTED
91	377	NOT_IMPLEMENTED
92	425	NOT_IMPLEMENTED
93	9	NOT_IMPLEMENTED
94	152	NOT_IMPLEMENTED
95	157	NOT_IMPLEMENTED
96	352	NOT_IMPLEMENTED
97	546	NOT_IMPLEMENTED
98	241	NOT_IMPLEMENTED
99	802	NOT_IMPLEMENTED
100	10	NOT_IMPLEMENTED
101	1	NOT_IMPLEMENTED
102	0	NOT_IMPLEMENTED
103	0	NOT_IMPLEMENTED
104	56	NOT_IMPLEMENTED
105	165	NOT_IMPLEMENTED
106	44	NOT_IMPLEMENTED
107	25	NOT_IMPLEMENTED
108	25	NOT_IMPLEMENTED
109	0	NOT_IMPLEMENTED
110	423	NOT_IMPLEMENTED
111	1269	NOT_IMPLEMENTED
112	10	NOT_IMPLEMENTED
113	161	NOT_IMPLEMENTED
114	59	NOT_IMPLEMENTED
115	0	NOT_IMPLEMENTED
116	18	NOT_IMPLEMENTED
117	10	NOT_IMPLEMENTED
118	0	NOT_IMPLEMENTED
119	10	NOT_IMPLEMENTED
120	2	NOT_IMPLEMENTED
121	4	NOT_IMPLEMENTED
122	431	NOT_IMPLEMENTED
123	191	NOT_IMPLEMENTED
124	422	NOT_IMPLEMENTED
125	0	NOT_IMPLEMENTED
126	52	NOT_IMPLEMENTED
127	307	NOT_IMPLEMENTED
128	210	NOT_IMPLEMENTED
129	368	NOT_IMPLEMENTED
130	357	NOT_IMPLEMENTED
131	252	NOT_IMPLEMENTED
132	153	NOT_IMPLEMENTED
133	113	NOT_IMPLEMENTED
134	353	NOT_IMPLEMENTED
135	625	NOT_IMPLEMENTED
136	182	NOT_IMPLEMENTED
137	95	NOT_IMPLEMENTED
138	0	NOT_IMPLEMENTED
139	404	NOT_IMPLEMENTED
140	1093	NOT_IMPLEMENTED
141	17	NOT_IMPLEMENTED
142	22	NOT_IMPLEMENTED
143	0	NOT_IMPLEMENTED
144	121	NOT_IMPLEMENTED
145	107	NOT_IMPLEMENTED
146	0	NOT_IMPLEMENTED
147	41	NOT_IMPLEMENTED
148	188	NOT_IMPLEMENTED
149	0	NOT_IMPLEMENTED
150	0	NOT_IMPLEMENTED
151	0	NOT_IMPLEMENTED
152	34	NOT_IMPLEMENTED
153	153	NOT_IMPLEMENTED
154	0	NOT_IMPLEMENTED
155	19	NOT_IMPLEMENTED
156	0	NOT_IMPLEMENTED
157	22	NOT_IMPLEMENTED
158	244	NOT_IMPLEMENTED
159	38	NOT_IMPLEMENTED
160	538	NOT_IMPLEMENTED
161	0	NOT_IMPLEMENTED
162	10	NOT_IMPLEMENTED
163	0	NOT_IMPLEMENTED
164	0	NOT_IMPLEMENTED
165	28	NOT_IMPLEMENTED
166	0	NOT_IMPLEMENTED
167	10	NOT_IMPLEMENTED
168	22	NOT_IMPLEMENTED
169	0	NOT_IMPLEMENTED
170	0	NOT_IMPLEMENTED
171	0	NOT_IMPLEMENTED
172	0	NOT_IMPLEMENTED
173	118	NOT_IMPLEMENTED
174	38	NOT_IMPLEMENTED
175	5	NOT_IMPLEMENTED
176	41	NOT_IMPLEMENTED
177	6	NOT_IMPLEMENTED
178	4	NOT_IMPLEMENTED
179	2	NOT_IMPLEMENTED
180	0	NOT_IMPLEMENTED
181	8	NOT_IMPLEMENTED
182	30	NOT_IMPLEMENTED
183	61	NOT_IMPLEMENTED
184	82	NOT_IMPLEMENTED
