file	sub	offset	opcode	mask	operand_flags
ecldata1.ecl	0	776	96	242	0
ecldata1.ecl	0	820	96	244	0
ecldata1.ecl	0	864	96	248	0
ecldata1.ecl	0	980	96	244	0
ecldata1.ecl	0	1024	96	248	0
ecldata1.ecl	1	1220	96	241	0
ecldata1.ecl	1	1264	96	242	0
ecldata1.ecl	1	1308	96	244	0
ecldata1.ecl	1	1352	96	248	0
ecldata1.ecl	1	1532	99	242	0
ecldata1.ecl	1	1576	99	244	0
ecldata1.ecl	1	1620	99	248	0
ecldata1.ecl	3	2048	96	241	0
ecldata1.ecl	3	2092	96	242	0
ecldata1.ecl	3	2136	96	244	0
ecldata1.ecl	3	2180	96	248	0
ecldata1.ecl	3	2360	99	242	0
ecldata1.ecl	3	2404	99	244	0
ecldata1.ecl	3	2448	99	248	0
ecldata1.ecl	5	2892	99	242	64
ecldata1.ecl	5	2936	99	244	64
ecldata1.ecl	5	2980	99	248	64
ecldata1.ecl	6	3328	98	255	0
ecldata1.ecl	7	3452	98	255	0
ecldata1.ecl	7	3496	98	255	0
ecldata1.ecl	8	3620	98	255	0
ecldata1.ecl	8	3664	98	255	0
ecldata1.ecl	8	3708	98	255	0
ecldata1.ecl	9	3832	98	255	0
ecldata1.ecl	9	3876	98	255	0
ecldata1.ecl	9	3920	98	255	0
ecldata1.ecl	9	3964	98	255	0
ecldata1.ecl	9	4008	98	255	0
ecldata1.ecl	11	4420	99	242	64
ecldata1.ecl	11	4464	99	244	64
ecldata1.ecl	11	4508	99	248	64
ecldata1.ecl	13	5156	96	255	0
ecldata1.ecl	16	6260	96	255	64
ecldata1.ecl	16	6344	96	255	64
ecldata1.ecl	16	6476	96	255	64
ecldata1.ecl	16	6560	96	255	64
ecldata1.ecl	16	6644	96	255	64
ecldata1.ecl	16	6728	96	255	64
ecldata1.ecl	16	6860	96	255	64
ecldata1.ecl	16	6944	96	255	64
ecldata1.ecl	16	7028	96	255	64
ecldata1.ecl	16	7112	96	255	64
ecldata1.ecl	16	7216	96	255	64
ecldata1.ecl	16	7300	96	255	64
ecldata1.ecl	16	7384	96	255	64
ecldata1.ecl	16	7468	96	255	64
ecldata1.ecl	16	7552	96	255	64
ecldata1.ecl	16	7636	96	255	64
ecldata1.ecl	16	7792	96	255	64
ecldata1.ecl	16	7876	96	255	64
ecldata1.ecl	16	8008	96	255	64
ecldata1.ecl	16	8092	96	255	64
ecldata1.ecl	16	8176	96	255	64
ecldata1.ecl	16	8260	96	255	64
ecldata1.ecl	16	8392	96	255	64
ecldata1.ecl	16	8476	96	255	64
ecldata1.ecl	16	8560	96	255	64
ecldata1.ecl	16	8644	96	255	64
ecldata1.ecl	16	8748	96	255	64
ecldata1.ecl	16	8832	96	255	64
ecldata1.ecl	16	8916	96	255	64
ecldata1.ecl	16	9000	96	255	64
ecldata1.ecl	16	9084	96	255	64
ecldata1.ecl	16	9168	96	255	64
ecldata1.ecl	16	9412	97	241	0
ecldata1.ecl	16	9456	97	242	0
ecldata1.ecl	16	9500	97	244	0
ecldata1.ecl	16	9544	97	248	0
ecldata1.ecl	16	9588	97	255	0
ecldata1.ecl	16	9672	97	241	0
ecldata1.ecl	16	9716	97	242	0
ecldata1.ecl	16	9760	97	244	0
ecldata1.ecl	16	9804	97	248	0
ecldata1.ecl	16	9848	97	255	0
ecldata1.ecl	16	10012	97	241	0
ecldata1.ecl	16	10056	97	242	0
ecldata1.ecl	16	10100	97	244	0
ecldata1.ecl	16	10144	97	248	0
ecldata1.ecl	16	10188	97	255	0
ecldata1.ecl	16	10272	97	241	0
ecldata1.ecl	16	10316	97	242	0
ecldata1.ecl	16	10360	97	244	0
ecldata1.ecl	16	10404	97	248	0
ecldata1.ecl	16	10448	97	255	0
ecldata1.ecl	17	11180	99	241	64
ecldata1.ecl	17	11224	99	242	64
ecldata1.ecl	17	11268	99	244	64
ecldata1.ecl	17	11312	99	248	64
ecldata1.ecl	19	11624	97	241	64
ecldata1.ecl	19	11668	97	242	64
ecldata1.ecl	19	11712	97	244	64
ecldata1.ecl	19	11756	97	248	64
ecldata1.ecl	20	12020	97	241	64
ecldata1.ecl	20	12064	97	242	64
ecldata1.ecl	20	12108	97	244	64
ecldata1.ecl	20	12152	97	248	64
ecldata1.ecl	21	12348	96	244	0
ecldata1.ecl	21	12392	96	248	0
ecldata1.ecl	21	12436	98	244	0
ecldata1.ecl	21	12480	98	248	0
ecldata1.ecl	23	14640	99	255	64
ecldata1.ecl	27	16992	96	255	68
ecldata1.ecl	27	17036	96	255	68
ecldata1.ecl	27	17120	96	255	68
ecldata1.ecl	27	17164	96	255	68
ecldata1.ecl	27	17248	96	255	68
ecldata1.ecl	27	17292	96	255	68
ecldata1.ecl	27	17376	96	255	68
ecldata1.ecl	27	17420	96	255	68
ecldata1.ecl	27	17572	96	255	68
ecldata1.ecl	27	17616	96	255	68
ecldata1.ecl	27	17700	96	255	68
ecldata1.ecl	27	17744	96	255	68
ecldata1.ecl	27	17828	96	255	68
ecldata1.ecl	27	17872	96	255	68
ecldata1.ecl	27	17956	96	255	68
ecldata1.ecl	27	18000	96	255	68
ecldata1.ecl	27	18152	96	255	68
ecldata1.ecl	27	18196	96	255	68
ecldata1.ecl	27	18280	96	255	68
ecldata1.ecl	27	18324	96	255	68
ecldata1.ecl	27	18408	96	255	68
ecldata1.ecl	27	18452	96	255	68
ecldata1.ecl	27	18536	96	255	68
ecldata1.ecl	27	18580	96	255	68
ecldata1.ecl	29	18840	96	241	16
ecldata1.ecl	29	18884	96	242	16
ecldata1.ecl	29	18928	96	244	16
ecldata1.ecl	29	18972	96	248	16
ecldata1.ecl	30	19264	99	255	80
ecldata1.ecl	30	19328	99	255	80
ecldata1.ecl	30	19392	99	255	80
ecldata1.ecl	31	19520	99	255	64
ecldata1.ecl	34	21156	98	241	0
ecldata1.ecl	34	21200	98	242	0
ecldata1.ecl	34	21244	98	244	0
ecldata1.ecl	34	21288	98	248	0
ecldata1.ecl	35	21896	104	241	0
ecldata1.ecl	35	21940	104	242	0
ecldata1.ecl	35	21984	104	244	0
ecldata1.ecl	35	22028	104	248	0
ecldata1.ecl	40	25660	99	241	64
ecldata1.ecl	40	25704	99	242	64
ecldata1.ecl	40	25748	99	244	64
ecldata1.ecl	40	25792	99	248	64
ecldata1.ecl	40	25836	97	241	64
ecldata1.ecl	40	25880	97	242	64
ecldata1.ecl	40	25924	97	244	64
ecldata1.ecl	40	25968	97	248	64
ecldata1.ecl	40	26052	97	242	64
ecldata1.ecl	40	26096	97	242	64
ecldata1.ecl	40	26140	97	244	64
ecldata1.ecl	40	26184	97	244	64
ecldata1.ecl	40	26228	97	248	64
ecldata1.ecl	40	26272	97	248	64
ecldata1.ecl	41	26604	99	241	64
ecldata1.ecl	41	26648	99	242	64
ecldata1.ecl	41	26692	99	244	64
ecldata1.ecl	41	26736	99	248	64
ecldata1.ecl	41	26780	97	241	64
ecldata1.ecl	41	26824	97	242	64
ecldata1.ecl	41	26868	97	244	64
ecldata1.ecl	41	26912	97	248	64
ecldata1.ecl	41	26996	97	242	64
ecldata1.ecl	41	27040	97	242	64
ecldata1.ecl	41	27084	97	244	64
ecldata1.ecl	41	27128	97	244	64
ecldata1.ecl	41	27172	97	248	64
ecldata1.ecl	41	27216	97	248	64
ecldata1.ecl	42	27628	96	63	0
ecldata1.ecl	42	27672	96	95	24
ecldata1.ecl	42	27732	96	63	0
ecldata1.ecl	45	29976	104	255	0
ecldata1.ecl	47	31080	99	255	84
ecldata1.ecl	47	31164	99	244	84
ecldata1.ecl	47	31208	99	248	84
ecldata1.ecl	47	31372	99	255	84
ecldata1.ecl	47	31456	99	244	84
ecldata1.ecl	47	31500	99	248	84
ecldata1.ecl	47	31664	99	255	84
ecldata1.ecl	47	31748	99	244	84
ecldata1.ecl	47	31792	99	248	84
ecldata1.ecl	47	32020	99	255	84
ecldata1.ecl	47	32104	99	244	84
ecldata1.ecl	47	32148	99	248	84
ecldata1.ecl	47	32312	99	255	84
ecldata1.ecl	47	32396	99	244	84
ecldata1.ecl	47	32440	99	248	84
ecldata1.ecl	47	32604	99	255	84
ecldata1.ecl	47	32688	99	244	84
ecldata1.ecl	47	32732	99	248	84
ecldata1.ecl	49	34816	99	255	84
ecldata1.ecl	49	34900	99	244	84
ecldata1.ecl	49	34944	99	248	84
ecldata1.ecl	49	35108	99	255	84
ecldata1.ecl	49	35192	99	244	84
ecldata1.ecl	49	35236	99	248	84
ecldata1.ecl	49	35400	99	255	84
ecldata1.ecl	49	35484	99	244	84
ecldata1.ecl	49	35528	99	248	84
ecldata1.ecl	49	35756	99	255	84
ecldata1.ecl	49	35840	99	244	84
ecldata1.ecl	49	35884	99	248	84
ecldata1.ecl	49	36048	99	255	84
ecldata1.ecl	49	36132	99	244	84
ecldata1.ecl	49	36176	99	248	84
ecldata1.ecl	49	36340	99	255	84
ecldata1.ecl	49	36424	99	244	84
ecldata1.ecl	49	36468	99	248	84
ecldata1sp.ecl	2	1236	96	255	64
ecldata1sp.ecl	2	1320	96	255	64
ecldata1sp.ecl	2	1452	96	255	64
ecldata1sp.ecl	2	1536	96	255	64
ecldata1sp.ecl	2	1620	96	255	64
ecldata1sp.ecl	2	1704	96	255	64
ecldata1sp.ecl	2	1836	96	255	64
ecldata1sp.ecl	2	1920	96	255	64
ecldata1sp.ecl	2	2004	96	255	64
ecldata1sp.ecl	2	2088	96	255	64
ecldata1sp.ecl	2	2192	96	255	64
ecldata1sp.ecl	2	2276	96	255	64
ecldata1sp.ecl	2	2360	96	255	64
ecldata1sp.ecl	2	2444	96	255	64
ecldata1sp.ecl	2	2528	96	255	64
ecldata1sp.ecl	2	2612	96	255	64
ecldata1sp.ecl	2	2768	96	255	64
ecldata1sp.ecl	2	2852	96	255	64
ecldata1sp.ecl	2	2984	96	255	64
ecldata1sp.ecl	2	3068	96	255	64
ecldata1sp.ecl	2	3152	96	255	64
ecldata1sp.ecl	2	3236	96	255	64
ecldata1sp.ecl	2	3368	96	255	64
ecldata1sp.ecl	2	3452	96	255	64
ecldata1sp.ecl	2	3536	96	255	64
ecldata1sp.ecl	2	3620	96	255	64
ecldata1sp.ecl	2	3724	96	255	64
ecldata1sp.ecl	2	3808	96	255	64
ecldata1sp.ecl	2	3892	96	255	64
ecldata1sp.ecl	2	3976	96	255	64
ecldata1sp.ecl	2	4060	96	255	64
ecldata1sp.ecl	2	4144	96	255	64
ecldata1sp.ecl	2	4388	97	241	0
ecldata1sp.ecl	2	4432	97	242	0
ecldata1sp.ecl	2	4476	97	244	0
ecldata1sp.ecl	2	4520	97	248	0
ecldata1sp.ecl	2	4564	97	255	0
ecldata1sp.ecl	2	4648	97	241	0
ecldata1sp.ecl	2	4692	97	242	0
ecldata1sp.ecl	2	4736	97	244	0
ecldata1sp.ecl	2	4780	97	248	0
ecldata1sp.ecl	2	4824	97	255	0
ecldata1sp.ecl	2	4988	97	241	0
ecldata1sp.ecl	2	5032	97	242	0
ecldata1sp.ecl	2	5076	97	244	0
ecldata1sp.ecl	2	5120	97	248	0
ecldata1sp.ecl	2	5164	97	255	0
ecldata1sp.ecl	2	5248	97	241	0
ecldata1sp.ecl	2	5292	97	242	0
ecldata1sp.ecl	2	5336	97	244	0
ecldata1sp.ecl	2	5380	97	248	0
ecldata1sp.ecl	2	5424	97	255	0
ecldata1sp.ecl	3	6156	99	241	64
ecldata1sp.ecl	3	6200	99	242	64
ecldata1sp.ecl	3	6244	99	244	64
ecldata1sp.ecl	3	6288	99	248	64
ecldata1sp.ecl	5	6600	97	241	64
ecldata1sp.ecl	5	6644	97	242	64
ecldata1sp.ecl	5	6688	97	244	64
ecldata1sp.ecl	5	6732	97	248	64
ecldata1sp.ecl	6	6996	97	241	64
ecldata1sp.ecl	6	7040	97	242	64
ecldata1sp.ecl	6	7084	97	244	64
ecldata1sp.ecl	6	7128	97	248	64
ecldata1sp.ecl	7	7324	96	244	0
ecldata1sp.ecl	7	7368	96	248	0
ecldata1sp.ecl	7	7412	98	244	0
ecldata1sp.ecl	7	7456	98	248	0
ecldata1sp.ecl	9	9616	99	255	64
ecldata1sp.ecl	13	11968	96	255	68
ecldata1sp.ecl	13	12012	96	255	68
ecldata1sp.ecl	13	12096	96	255	68
ecldata1sp.ecl	13	12140	96	255	68
ecldata1sp.ecl	13	12224	96	255	68
ecldata1sp.ecl	13	12268	96	255	68
ecldata1sp.ecl	13	12352	96	255	68
ecldata1sp.ecl	13	12396	96	255	68
ecldata1sp.ecl	13	12548	96	255	68
ecldata1sp.ecl	13	12592	96	255	68
ecldata1sp.ecl	13	12676	96	255	68
ecldata1sp.ecl	13	12720	96	255	68
ecldata1sp.ecl	13	12804	96	255	68
ecldata1sp.ecl	13	12848	96	255	68
ecldata1sp.ecl	13	12932	96	255	68
ecldata1sp.ecl	13	12976	96	255	68
ecldata1sp.ecl	13	13128	96	255	68
ecldata1sp.ecl	13	13172	96	255	68
ecldata1sp.ecl	13	13256	96	255	68
ecldata1sp.ecl	13	13300	96	255	68
ecldata1sp.ecl	13	13384	96	255	68
ecldata1sp.ecl	13	13428	96	255	68
ecldata1sp.ecl	13	13512	96	255	68
ecldata1sp.ecl	13	13556	96	255	68
ecldata1sp.ecl	15	13816	96	241	16
ecldata1sp.ecl	15	13860	96	242	16
ecldata1sp.ecl	15	13904	96	244	16
ecldata1sp.ecl	15	13948	96	248	16
ecldata1sp.ecl	16	14240	99	255	80
ecldata1sp.ecl	16	14304	99	255	80
ecldata1sp.ecl	16	14368	99	255	80
ecldata1sp.ecl	17	14496	99	255	64
ecldata1sp.ecl	20	16132	98	241	0
ecldata1sp.ecl	20	16176	98	242	0
ecldata1sp.ecl	20	16220	98	244	0
ecldata1sp.ecl	20	16264	98	248	0
ecldata1sp.ecl	21	16872	104	241	0
ecldata1sp.ecl	21	16916	104	242	0
ecldata1sp.ecl	21	16960	104	244	0
ecldata1sp.ecl	21	17004	104	248	0
ecldata1sp.ecl	26	20636	99	241	64
ecldata1sp.ecl	26	20680	99	242	64
ecldata1sp.ecl	26	20724	99	244	64
ecldata1sp.ecl	26	20768	99	248	64
ecldata1sp.ecl	26	20812	97	241	64
ecldata1sp.ecl	26	20856	97	242	64
ecldata1sp.ecl	26	20900	97	244	64
ecldata1sp.ecl	26	20944	97	248	64
ecldata1sp.ecl	26	21028	97	242	64
ecldata1sp.ecl	26	21072	97	242	64
ecldata1sp.ecl	26	21116	97	244	64
ecldata1sp.ecl	26	21160	97	244	64
ecldata1sp.ecl	26	21204	97	248	64
ecldata1sp.ecl	26	21248	97	248	64
ecldata1sp.ecl	27	21580	99	241	64
ecldata1sp.ecl	27	21624	99	242	64
ecldata1sp.ecl	27	21668	99	244	64
ecldata1sp.ecl	27	21712	99	248	64
ecldata1sp.ecl	27	21756	97	241	64
ecldata1sp.ecl	27	21800	97	242	64
ecldata1sp.ecl	27	21844	97	244	64
ecldata1sp.ecl	27	21888	97	248	64
ecldata1sp.ecl	27	21972	97	242	64
ecldata1sp.ecl	27	22016	97	242	64
ecldata1sp.ecl	27	22060	97	244	64
ecldata1sp.ecl	27	22104	97	244	64
ecldata1sp.ecl	27	22148	97	248	64
ecldata1sp.ecl	27	22192	97	248	64
ecldata1sp.ecl	28	22604	96	63	0
ecldata1sp.ecl	28	22648	96	95	24
ecldata1sp.ecl	28	22708	96	63	0
ecldata1sp.ecl	31	24952	104	255	0
ecldata1sp.ecl	33	26056	99	255	84
ecldata1sp.ecl	33	26140	99	244	84
ecldata1sp.ecl	33	26184	99	248	84
ecldata1sp.ecl	33	26348	99	255	84
ecldata1sp.ecl	33	26432	99	244	84
ecldata1sp.ecl	33	26476	99	248	84
ecldata1sp.ecl	33	26640	99	255	84
ecldata1sp.ecl	33	26724	99	244	84
ecldata1sp.ecl	33	26768	99	248	84
ecldata1sp.ecl	33	26996	99	255	84
ecldata1sp.ecl	33	27080	99	244	84
ecldata1sp.ecl	33	27124	99	248	84
ecldata1sp.ecl	33	27288	99	255	84
ecldata1sp.ecl	33	27372	99	244	84
ecldata1sp.ecl	33	27416	99	248	84
ecldata1sp.ecl	33	27580	99	255	84
ecldata1sp.ecl	33	27664	99	244	84
ecldata1sp.ecl	33	27708	99	248	84
ecldata1sp.ecl	35	29792	99	255	84
ecldata1sp.ecl	35	29876	99	244	84
ecldata1sp.ecl	35	29920	99	248	84
ecldata1sp.ecl	35	30084	99	255	84
ecldata1sp.ecl	35	30168	99	244	84
ecldata1sp.ecl	35	30212	99	248	84
ecldata1sp.ecl	35	30376	99	255	84
ecldata1sp.ecl	35	30460	99	244	84
ecldata1sp.ecl	35	30504	99	248	84
ecldata1sp.ecl	35	30732	99	255	84
ecldata1sp.ecl	35	30816	99	244	84
ecldata1sp.ecl	35	30860	99	248	84
ecldata1sp.ecl	35	31024	99	255	84
ecldata1sp.ecl	35	31108	99	244	84
ecldata1sp.ecl	35	31152	99	248	84
ecldata1sp.ecl	35	31316	99	255	84
ecldata1sp.ecl	35	31400	99	244	84
ecldata1sp.ecl	35	31444	99	248	84
ecldata1sp.ecl	37	33160	99	255	84
ecldata1sp.ecl	37	33244	99	244	84
ecldata1sp.ecl	37	33288	99	248	84
ecldata1sp.ecl	37	33452	99	255	84
ecldata1sp.ecl	37	33536	99	244	84
ecldata1sp.ecl	37	33580	99	248	84
ecldata1sp.ecl	37	33744	99	255	84
ecldata1sp.ecl	37	33828	99	244	84
ecldata1sp.ecl	37	33872	99	248	84
ecldata1sp.ecl	37	34100	99	255	84
ecldata1sp.ecl	37	34184	99	244	84
ecldata1sp.ecl	37	34228	99	248	84
ecldata1sp.ecl	37	34392	99	255	84
ecldata1sp.ecl	37	34476	99	244	84
ecldata1sp.ecl	37	34520	99	248	84
ecldata1sp.ecl	37	34684	99	255	84
ecldata1sp.ecl	37	34768	99	244	84
ecldata1sp.ecl	37	34812	99	248	84
ecldata1sp.ecl	38	35072	99	255	64
ecldata1sp.ecl	38	35200	99	255	64
ecldata2.ecl	1	436	96	244	0
ecldata2.ecl	1	480	96	248	0
ecldata2.ecl	2	756	96	242	0
ecldata2.ecl	2	800	96	244	0
ecldata2.ecl	2	844	96	248	0
ecldata2.ecl	3	1136	96	242	0
ecldata2.ecl	3	1180	96	244	0
ecldata2.ecl	3	1224	96	248	0
ecldata2.ecl	4	1516	96	244	0
ecldata2.ecl	4	1560	96	248	0
ecldata2.ecl	4	1808	96	241	0
ecldata2.ecl	4	1852	96	242	0
ecldata2.ecl	4	1896	96	244	0
ecldata2.ecl	4	1940	96	248	0
ecldata2.ecl	4	1984	98	241	0
ecldata2.ecl	4	2028	98	242	0
ecldata2.ecl	4	2072	98	244	0
ecldata2.ecl	4	2116	98	248	0
ecldata2.ecl	6	2480	96	244	0
ecldata2.ecl	6	2524	96	248	0
ecldata2.ecl	6	2772	96	241	0
ecldata2.ecl	6	2816	96	242	0
ecldata2.ecl	6	2860	96	244	0
ecldata2.ecl	6	2904	96	248	0
ecldata2.ecl	6	2948	98	241	0
ecldata2.ecl	6	2992	98	242	0
ecldata2.ecl	6	3036	98	244	0
ecldata2.ecl	6	3080	98	248	0
ecldata2.ecl	8	3760	96	242	4
ecldata2.ecl	8	3804	96	244	4
ecldata2.ecl	8	3848	96	248	4
ecldata2.ecl	9	4100	96	241	0
ecldata2.ecl	9	4144	96	242	0
ecldata2.ecl	9	4188	96	244	0
ecldata2.ecl	9	4232	96	248	0
ecldata2.ecl	11	4672	96	242	0
ecldata2.ecl	11	4716	96	244	0
ecldata2.ecl	11	4760	96	248	0
ecldata2.ecl	11	5036	96	255	0
ecldata2.ecl	11	5188	96	255	0
ecldata2.ecl	13	5692	96	242	0
ecldata2.ecl	13	5736	96	244	0
ecldata2.ecl	13	5780	98	248	0
ecldata2.ecl	13	5912	96	255	0
ecldata2.ecl	13	6236	96	255	0
ecldata2.ecl	13	6280	96	255	0
ecldata2.ecl	13	6324	96	247	0
ecldata2.ecl	13	6368	98	248	0
ecldata2.ecl	14	6560	98	248	0
ecldata2.ecl	14	6940	96	255	0
ecldata2.ecl	14	6984	96	255	0
ecldata2.ecl	14	7028	96	247	0
ecldata2.ecl	14	7072	98	248	0
ecldata2.ecl	18	8472	97	241	64
ecldata2.ecl	18	8516	97	242	64
ecldata2.ecl	18	8560	97	244	64
ecldata2.ecl	18	8604	97	248	64
ecldata2.ecl	20	9784	97	255	64
ecldata2.ecl	24	12444	97	255	66
ecldata2.ecl	24	12528	97	252	66
ecldata2.ecl	24	12632	97	255	66
ecldata2.ecl	24	12716	97	252	66
ecldata2.ecl	26	13408	97	241	64
ecldata2.ecl	26	13452	97	242	64
ecldata2.ecl	26	13496	97	244	192
ecldata2.ecl	26	13540	97	248	192
ecldata2.ecl	26	13728	97	241	64
ecldata2.ecl	26	13772	97	242	64
ecldata2.ecl	26	13816	97	244	192
ecldata2.ecl	26	13860	97	248	192
ecldata2.ecl	28	15444	97	255	64
ecldata2.ecl	30	17568	99	255	64
ecldata2.ecl	31	18136	97	243	64
ecldata2.ecl	31	18180	97	244	64
ecldata2.ecl	31	18224	97	248	192
ecldata2.ecl	31	18432	97	243	64
ecldata2.ecl	31	18476	97	244	64
ecldata2.ecl	31	18520	97	248	64
ecldata2.ecl	34	20936	97	255	80
ecldata2.ecl	36	21832	98	255	0
ecldata2.ecl	36	21916	98	255	0
ecldata2.ecl	39	23752	97	255	80
ecldata2.ecl	41	24324	99	255	64
ecldata2.ecl	42	24832	99	255	0
ecldata2.ecl	42	24952	99	255	0
ecldata2.ecl	42	25072	99	255	0
ecldata2.ecl	44	27556	96	255	0
ecldata2.ecl	45	27988	96	247	0
ecldata2.ecl	45	28032	96	248	0
ecldata2.ecl	46	28308	99	255	64
ecldata2.ecl	46	28392	99	248	64
ecldata2.ecl	48	28984	97	255	64
ecldata2.ecl	48	29068	97	248	64
ecldata2.ecl	52	31456	96	255	64
ecldata2.ecl	52	31668	96	255	64
ecldata2.ecl	52	31980	96	255	64
ecldata2.ecl	52	32192	96	255	64
ecldata2.ecl	54	32640	99	241	64
ecldata2.ecl	54	32684	97	242	64
ecldata2.ecl	54	32728	97	244	64
ecldata2.ecl	54	32772	97	248	64
ecldata2.ecl	54	32856	97	242	64
ecldata2.ecl	54	32900	97	244	64
ecldata2.ecl	54	32944	97	248	64
ecldata2.ecl	59	36440	99	255	64
ecldata2.ecl	61	37456	97	243	64
ecldata2.ecl	61	37500	97	244	64
ecldata2.ecl	61	37544	97	248	64
ecldata2.ecl	61	37752	97	243	64
ecldata2.ecl	61	37796	97	244	64
ecldata2.ecl	61	37840	97	248	64
ecldata2sp.ecl	2	1336	97	241	64
ecldata2sp.ecl	2	1380	97	242	64
ecldata2sp.ecl	2	1424	97	244	64
ecldata2sp.ecl	2	1468	97	248	64
ecldata2sp.ecl	4	2648	97	255	64
ecldata2sp.ecl	8	5308	97	255	66
ecldata2sp.ecl	8	5392	97	252	66
ecldata2sp.ecl	8	5496	97	255	66
ecldata2sp.ecl	8	5580	97	252	66
ecldata2sp.ecl	10	6272	97	241	64
ecldata2sp.ecl	10	6316	97	242	64
ecldata2sp.ecl	10	6360	97	244	192
ecldata2sp.ecl	10	6404	97	248	192
ecldata2sp.ecl	10	6592	97	241	64
ecldata2sp.ecl	10	6636	97	242	64
ecldata2sp.ecl	10	6680	97	244	192
ecldata2sp.ecl	10	6724	97	248	192
ecldata2sp.ecl	12	8308	97	255	64
ecldata2sp.ecl	14	10432	99	255	64
ecldata2sp.ecl	15	11000	97	243	64
ecldata2sp.ecl	15	11044	97	244	64
ecldata2sp.ecl	15	11088	97	248	192
ecldata2sp.ecl	15	11296	97	243	64
ecldata2sp.ecl	15	11340	97	244	64
ecldata2sp.ecl	15	11384	97	248	64
ecldata2sp.ecl	18	13800	97	255	80
ecldata2sp.ecl	20	14696	98	255	0
ecldata2sp.ecl	20	14780	98	255	0
ecldata2sp.ecl	23	16616	97	255	80
ecldata2sp.ecl	25	17188	99	255	64
ecldata2sp.ecl	26	17696	99	255	0
ecldata2sp.ecl	26	17816	99	255	0
ecldata2sp.ecl	26	17936	99	255	0
ecldata2sp.ecl	28	20420	96	255	0
ecldata2sp.ecl	29	20852	96	247	0
ecldata2sp.ecl	29	20896	96	248	0
ecldata2sp.ecl	30	21172	99	255	64
ecldata2sp.ecl	30	21256	99	248	64
ecldata2sp.ecl	32	21848	97	255	64
ecldata2sp.ecl	32	21932	97	248	64
ecldata2sp.ecl	36	24320	96	255	64
ecldata2sp.ecl	36	24532	96	255	64
ecldata2sp.ecl	36	24844	96	255	64
ecldata2sp.ecl	36	25056	96	255	64
ecldata2sp.ecl	38	25504	99	241	64
ecldata2sp.ecl	38	25548	97	242	64
ecldata2sp.ecl	38	25592	97	244	64
ecldata2sp.ecl	38	25636	97	248	64
ecldata2sp.ecl	38	25720	97	242	64
ecldata2sp.ecl	38	25764	97	244	64
ecldata2sp.ecl	38	25808	97	248	64
ecldata2sp.ecl	43	29304	99	255	64
ecldata2sp.ecl	45	30320	97	243	64
ecldata2sp.ecl	45	30364	97	244	64
ecldata2sp.ecl	45	30408	97	248	64
ecldata2sp.ecl	45	30616	97	243	64
ecldata2sp.ecl	45	30660	97	244	64
ecldata2sp.ecl	45	30704	97	248	64
ecldata2sp.ecl	48	31836	97	255	112
ecldata2sp.ecl	48	32048	97	255	112
ecldata2sp.ecl	48	32260	97	255	112
ecldata2sp.ecl	48	32472	97	255	112
ecldata2sp.ecl	48	32640	99	255	68
ecldata3.ecl	0	696	96	244	0
ecldata3.ecl	0	740	96	248	0
ecldata3.ecl	0	824	97	242	64
ecldata3.ecl	0	868	97	244	64
ecldata3.ecl	0	912	97	248	64
ecldata3.ecl	0	996	97	255	64
ecldata3.ecl	0	1040	97	255	64
ecldata3.ecl	0	1124	97	255	64
ecldata3.ecl	0	1208	97	242	64
ecldata3.ecl	0	1252	97	244	64
ecldata3.ecl	0	1296	97	248	64
ecldata3.ecl	1	1452	96	242	0
ecldata3.ecl	1	1496	96	244	0
ecldata3.ecl	1	1540	96	248	0
ecldata3.ecl	2	1748	98	241	0
ecldata3.ecl	2	1792	98	242	0
ecldata3.ecl	2	1836	98	244	0
ecldata3.ecl	2	1880	98	248	0
ecldata3.ecl	4	2428	98	241	0
ecldata3.ecl	4	2472	98	242	0
ecldata3.ecl	4	2516	98	244	0
ecldata3.ecl	4	2560	98	248	0
ecldata3.ecl	5	2948	98	241	0
ecldata3.ecl	5	2992	98	242	0
ecldata3.ecl	5	3036	98	244	0
ecldata3.ecl	5	3080	98	248	0
ecldata3.ecl	6	3468	98	241	0
ecldata3.ecl	6	3512	98	242	0
ecldata3.ecl	6	3556	98	244	0
ecldata3.ecl	6	3600	98	248	0
ecldata3.ecl	7	4072	98	241	0
ecldata3.ecl	7	4116	98	242	0
ecldata3.ecl	7	4160	98	244	0
ecldata3.ecl	7	4204	98	248	0
ecldata3.ecl	8	4384	96	241	0
ecldata3.ecl	8	4428	96	242	0
ecldata3.ecl	8	4472	96	244	0
ecldata3.ecl	8	4516	96	248	0
ecldata3.ecl	8	4660	97	255	16
ecldata3.ecl	8	4828	96	244	0
ecldata3.ecl	8	4872	96	248	0
ecldata3.ecl	8	4916	97	242	16
ecldata3.ecl	8	4960	97	244	16
ecldata3.ecl	8	5004	97	248	16
ecldata3.ecl	11	5620	98	255	0
ecldata3.ecl	13	6340	98	242	0
ecldata3.ecl	13	6384	98	244	0
ecldata3.ecl	13	6428	98	248	0
ecldata3.ecl	14	6820	98	242	0
ecldata3.ecl	14	6864	98	244	0
ecldata3.ecl	14	6908	98	248	0
ecldata3.ecl	15	7196	96	241	0
ecldata3.ecl	15	7240	96	242	0
ecldata3.ecl	15	7284	96	244	0
ecldata3.ecl	15	7328	96	248	0
ecldata3.ecl	17	7896	96	242	0
ecldata3.ecl	17	7940	96	244	0
ecldata3.ecl	17	7984	96	248	0
ecldata3.ecl	17	8328	96	254	0
ecldata3.ecl	21	9664	96	255	0
ecldata3.ecl	21	9744	96	255	0
ecldata3.ecl	21	10076	96	255	0
ecldata3.ecl	21	10156	96	255	0
ecldata3.ecl	22	10432	98	255	4
ecldata3.ecl	23	10804	99	95	80
ecldata3.ecl	23	10848	99	63	80
ecldata3.ecl	23	10908	99	78	80
ecldata3.ecl	23	10952	99	46	80
ecldata3.ecl	23	11036	99	95	80
ecldata3.ecl	23	11080	99	63	80
ecldata3.ecl	23	11160	99	78	80
ecldata3.ecl	23	11204	99	46	80
ecldata3.ecl	31	14560	98	255	0
ecldata3.ecl	32	14856	97	255	80
ecldata3.ecl	32	14948	97	255	80
ecldata3.ecl	36	17132	99	63	82
ecldata3.ecl	36	17176	99	95	82
ecldata3.ecl	36	17236	99	63	82
ecldata3.ecl	36	17280	99	95	82
ecldata3.ecl	36	17364	99	63	82
ecldata3.ecl	36	17408	99	95	82
ecldata3.ecl	36	17488	99	63	82
ecldata3.ecl	36	17532	99	95	82
ecldata3.ecl	39	19752	99	63	82
ecldata3.ecl	39	19796	99	95	82
ecldata3.ecl	39	19856	99	63	82
ecldata3.ecl	39	19900	99	95	82
ecldata3.ecl	39	19984	99	63	82
ecldata3.ecl	39	20028	99	95	82
ecldata3.ecl	39	20108	99	63	82
ecldata3.ecl	39	20152	99	95	82
ecldata3.ecl	41	20796	99	63	82
ecldata3.ecl	41	20840	99	95	82
ecldata3.ecl	41	20900	99	63	82
ecldata3.ecl	41	20944	99	95	82
ecldata3.ecl	41	21028	99	63	82
ecldata3.ecl	41	21072	99	95	82
ecldata3.ecl	41	21152	99	63	82
ecldata3.ecl	41	21196	99	95	82
ecldata3.ecl	45	24808	99	255	84
ecldata3.ecl	45	24872	99	255	84
ecldata3.ecl	47	27116	96	241	0
ecldata3.ecl	47	27160	96	242	0
ecldata3.ecl	47	27204	96	244	0
ecldata3.ecl	47	27248	96	248	0
ecldata3.ecl	49	28080	97	241	64
ecldata3.ecl	49	28124	97	242	64
ecldata3.ecl	49	28168	97	244	64
ecldata3.ecl	49	28212	97	248	64
ecldata3.ecl	49	28304	97	241	64
ecldata3.ecl	49	28348	97	242	64
ecldata3.ecl	49	28392	97	244	64
ecldata3.ecl	49	28436	97	248	64
ecldata3.ecl	51	29700	99	255	64
ecldata3.ecl	51	29772	98	255	0
ecldata3.ecl	53	30172	97	255	66
ecldata3.ecl	55	32008	96	255	0
ecldata3.ecl	55	32080	98	255	0
ecldata3.ecl	57	32472	97	255	66
ecldata3.ecl	59	33768	96	255	0
ecldata3.ecl	59	33840	98	255	0
ecldata3.ecl	61	34368	97	255	66
ecldata3.ecl	63	35640	99	255	64
ecldata3.ecl	63	35712	98	255	0
ecldata3.ecl	65	36124	97	255	66
ecldata3.ecl	68	38748	98	255	54
ecldata3.ecl	72	41744	98	255	28
ecldata3sp.ecl	2	1380	96	255	0
ecldata3sp.ecl	2	1460	96	255	0
ecldata3sp.ecl	2	1792	96	255	0
ecldata3sp.ecl	2	1872	96	255	0
ecldata3sp.ecl	3	2148	98	255	4
ecldata3sp.ecl	4	2520	99	95	80
ecldata3sp.ecl	4	2564	99	63	80
ecldata3sp.ecl	4	2624	99	78	80
ecldata3sp.ecl	4	2668	99	46	80
ecldata3sp.ecl	4	2752	99	95	80
ecldata3sp.ecl	4	2796	99	63	80
ecldata3sp.ecl	4	2876	99	78	80
ecldata3sp.ecl	4	2920	99	46	80
ecldata3sp.ecl	12	6276	98	255	0
ecldata3sp.ecl	13	6572	97	255	80
ecldata3sp.ecl	13	6664	97	255	80
ecldata3sp.ecl	17	8848	99	63	82
ecldata3sp.ecl	17	8892	99	95	82
ecldata3sp.ecl	17	8952	99	63	82
ecldata3sp.ecl	17	8996	99	95	82
ecldata3sp.ecl	17	9080	99	63	82
ecldata3sp.ecl	17	9124	99	95	82
ecldata3sp.ecl	17	9204	99	63	82
ecldata3sp.ecl	17	9248	99	95	82
ecldata3sp.ecl	20	11468	99	63	82
ecldata3sp.ecl	20	11512	99	95	82
ecldata3sp.ecl	20	11572	99	63	82
ecldata3sp.ecl	20	11616	99	95	82
ecldata3sp.ecl	20	11700	99	63	82
ecldata3sp.ecl	20	11744	99	95	82
ecldata3sp.ecl	20	11824	99	63	82
ecldata3sp.ecl	20	11868	99	95	82
ecldata3sp.ecl	22	12512	99	63	82
ecldata3sp.ecl	22	12556	99	95	82
ecldata3sp.ecl	22	12616	99	63	82
ecldata3sp.ecl	22	12660	99	95	82
ecldata3sp.ecl	22	12744	99	63	82
ecldata3sp.ecl	22	12788	99	95	82
ecldata3sp.ecl	22	12868	99	63	82
ecldata3sp.ecl	22	12912	99	95	82
ecldata3sp.ecl	26	16524	99	255	84
ecldata3sp.ecl	26	16588	99	255	84
ecldata3sp.ecl	28	18832	96	241	0
ecldata3sp.ecl	28	18876	96	242	0
ecldata3sp.ecl	28	18920	96	244	0
ecldata3sp.ecl	28	18964	96	248	0
ecldata3sp.ecl	30	19796	97	241	64
ecldata3sp.ecl	30	19840	97	242	64
ecldata3sp.ecl	30	19884	97	244	64
ecldata3sp.ecl	30	19928	97	248	64
ecldata3sp.ecl	30	20020	97	241	64
ecldata3sp.ecl	30	20064	97	242	64
ecldata3sp.ecl	30	20108	97	244	64
ecldata3sp.ecl	30	20152	97	248	64
ecldata3sp.ecl	32	21416	99	255	64
ecldata3sp.ecl	32	21488	98	255	0
ecldata3sp.ecl	34	21888	97	255	66
ecldata3sp.ecl	36	23724	96	255	0
ecldata3sp.ecl	36	23796	98	255	0
ecldata3sp.ecl	38	24188	97	255	66
ecldata3sp.ecl	40	25484	96	255	0
ecldata3sp.ecl	40	25556	98	255	0
ecldata3sp.ecl	42	26084	97	255	66
ecldata3sp.ecl	44	27356	99	255	64
ecldata3sp.ecl	44	27428	98	255	0
ecldata3sp.ecl	46	27840	97	255	66
ecldata3sp.ecl	49	30464	98	255	54
ecldata3sp.ecl	53	33460	98	255	28
ecldata3sp.ecl	59	36028	96	255	0
ecldata3sp.ecl	59	36104	97	255	64
ecldata3sp.ecl	59	36180	97	255	64
ecldata3sp.ecl	59	36256	97	255	64
ecldata4a.ecl	1	932	96	255	16
ecldata4a.ecl	1	976	96	254	16
ecldata4a.ecl	1	1020	96	252	16
ecldata4a.ecl	1	1064	96	248	16
ecldata4a.ecl	2	1488	96	255	16
ecldata4a.ecl	2	1532	96	254	16
ecldata4a.ecl	2	1576	96	252	16
ecldata4a.ecl	4	1956	96	254	0
ecldata4a.ecl	4	2000	96	255	0
ecldata4a.ecl	5	2208	98	241	0
ecldata4a.ecl	5	2252	98	242	0
ecldata4a.ecl	5	2296	98	244	0
ecldata4a.ecl	5	2340	98	248	0
ecldata4a.ecl	9	4036	97	255	80
ecldata4a.ecl	11	4572	97	255	88
ecldata4a.ecl	13	5224	96	255	148
ecldata4a.ecl	17	6556	98	255	12
ecldata4a.ecl	17	6600	100	255	28
ecldata4a.ecl	17	7008	98	255	24
ecldata4a.ecl	17	7052	98	255	24
ecldata4a.ecl	17	7096	98	255	24
ecldata4a.ecl	17	7380	98	255	12
ecldata4a.ecl	17	7424	100	255	28
ecldata4a.ecl	17	7708	98	255	12
ecldata4a.ecl	17	7752	100	254	28
ecldata4a.ecl	17	8172	98	255	24
ecldata4a.ecl	17	8216	98	255	24
ecldata4a.ecl	17	8260	98	255	24
ecldata4a.ecl	19	9256	98	255	12
ecldata4a.ecl	19	9300	100	255	28
ecldata4a.ecl	19	9856	104	255	52
ecldata4a.ecl	19	10164	98	255	12
ecldata4a.ecl	19	10208	100	255	28
ecldata4a.ecl	19	10788	104	255	52
ecldata4a.ecl	25	12740	98	255	4
ecldata4a.ecl	25	12784	98	255	0
ecldata4a.ecl	25	12828	98	255	0
ecldata4a.ecl	25	12912	98	255	152
ecldata4a.ecl	25	12956	98	255	152
ecldata4a.ecl	25	13040	98	255	152
ecldata4a.ecl	25	13084	98	255	152
ecldata4a.ecl	25	13168	98	255	152
ecldata4a.ecl	25	13212	98	255	152
ecldata4a.ecl	25	13492	98	255	4
ecldata4a.ecl	25	13536	98	255	0
ecldata4a.ecl	25	13580	98	255	0
ecldata4a.ecl	25	13664	98	255	152
ecldata4a.ecl	25	13708	98	255	152
ecldata4a.ecl	25	13792	98	255	152
ecldata4a.ecl	25	13836	98	255	152
ecldata4a.ecl	25	13920	98	255	152
ecldata4a.ecl	25	13964	98	255	152
ecldata4a.ecl	26	15172	104	255	4
ecldata4a.ecl	26	15216	96	255	0
ecldata4a.ecl	26	15300	98	255	152
ecldata4a.ecl	26	15344	98	255	152
ecldata4a.ecl	26	15428	98	255	152
ecldata4a.ecl	26	15472	98	255	152
ecldata4a.ecl	26	15556	98	255	152
ecldata4a.ecl	26	15600	98	255	152
ecldata4a.ecl	26	16036	104	255	4
ecldata4a.ecl	26	16080	96	255	0
ecldata4a.ecl	26	16164	98	255	152
ecldata4a.ecl	26	16208	98	255	152
ecldata4a.ecl	26	16292	98	255	152
ecldata4a.ecl	26	16336	98	255	152
ecldata4a.ecl	26	16420	98	255	152
ecldata4a.ecl	26	16464	98	255	152
ecldata4a.ecl	28	18600	99	255	80
ecldata4a.ecl	28	18768	99	255	80
ecldata4a.ecl	29	19144	96	255	132
ecldata4a.ecl	30	21004	98	255	20
ecldata4a.ecl	30	21204	104	255	4
ecldata4a.ecl	30	21248	104	255	4
ecldata4a.ecl	34	23884	99	255	64
ecldata4a.ecl	34	24088	99	255	64
ecldata4a.ecl	34	24292	99	255	64
ecldata4a.ecl	34	24496	99	255	64
ecldata4a.ecl	34	24700	99	255	64
ecldata4a.ecl	35	24968	99	255	64
ecldata4a.ecl	35	25172	99	255	64
ecldata4a.ecl	35	25376	99	255	64
ecldata4a.ecl	35	25580	99	255	64
ecldata4a.ecl	35	25784	99	255	64
ecldata4a.ecl	37	27348	99	255	80
ecldata4a.ecl	37	27392	99	255	80
ecldata4a.ecl	41	30328	98	242	64
ecldata4a.ecl	41	30372	98	244	64
ecldata4a.ecl	41	30416	98	248	64
ecldata4a.ecl	44	31600	97	254	64
ecldata4a.ecl	44	31644	97	241	64
ecldata4a.ecl	46	34052	96	255	0
ecldata4a.ecl	49	34768	97	241	64
ecldata4a.ecl	49	34812	97	242	64
ecldata4a.ecl	49	34856	97	244	64
ecldata4a.ecl	49	34900	97	248	64
ecldata4a.ecl	50	35112	97	241	64
ecldata4a.ecl	50	35156	97	242	64
ecldata4a.ecl	50	35200	97	244	64
ecldata4a.ecl	50	35244	97	248	64
ecldata4a.ecl	51	35416	97	242	64
ecldata4a.ecl	51	35460	97	244	64
ecldata4a.ecl	51	35504	97	248	64
ecldata4a.ecl	52	35676	97	242	64
ecldata4a.ecl	52	35720	97	244	64
ecldata4a.ecl	52	35764	97	248	64
ecldata4a.ecl	55	37544	96	242	0
ecldata4a.ecl	55	37588	96	244	0
ecldata4a.ecl	55	37632	96	248	0
ecldata4a.ecl	56	37728	96	242	0
ecldata4a.ecl	56	37772	96	244	0
ecldata4a.ecl	56	37816	96	248	0
ecldata4asp.ecl	2	1460	98	255	12
ecldata4asp.ecl	2	1504	100	255	28
ecldata4asp.ecl	2	1912	98	255	24
ecldata4asp.ecl	2	1956	98	255	24
ecldata4asp.ecl	2	2000	98	255	24
ecldata4asp.ecl	2	2284	98	255	12
ecldata4asp.ecl	2	2328	100	255	28
ecldata4asp.ecl	2	2612	98	255	12
ecldata4asp.ecl	2	2656	100	254	28
ecldata4asp.ecl	2	3076	98	255	24
ecldata4asp.ecl	2	3120	98	255	24
ecldata4asp.ecl	2	3164	98	255	24
ecldata4asp.ecl	4	4160	98	255	12
ecldata4asp.ecl	4	4204	100	255	28
ecldata4asp.ecl	4	4760	104	255	52
ecldata4asp.ecl	4	5068	98	255	12
ecldata4asp.ecl	4	5112	100	255	28
ecldata4asp.ecl	4	5692	104	255	52
ecldata4asp.ecl	10	7644	98	255	4
ecldata4asp.ecl	10	7688	98	255	0
ecldata4asp.ecl	10	7732	98	255	0
ecldata4asp.ecl	10	7816	98	255	152
ecldata4asp.ecl	10	7860	98	255	152
ecldata4asp.ecl	10	7944	98	255	152
ecldata4asp.ecl	10	7988	98	255	152
ecldata4asp.ecl	10	8072	98	255	152
ecldata4asp.ecl	10	8116	98	255	152
ecldata4asp.ecl	10	8396	98	255	4
ecldata4asp.ecl	10	8440	98	255	0
ecldata4asp.ecl	10	8484	98	255	0
ecldata4asp.ecl	10	8568	98	255	152
ecldata4asp.ecl	10	8612	98	255	152
ecldata4asp.ecl	10	8696	98	255	152
ecldata4asp.ecl	10	8740	98	255	152
ecldata4asp.ecl	10	8824	98	255	152
ecldata4asp.ecl	10	8868	98	255	152
ecldata4asp.ecl	11	10076	104	255	4
ecldata4asp.ecl	11	10120	96	255	0
ecldata4asp.ecl	11	10204	98	255	152
ecldata4asp.ecl	11	10248	98	255	152
ecldata4asp.ecl	11	10332	98	255	152
ecldata4asp.ecl	11	10376	98	255	152
ecldata4asp.ecl	11	10460	98	255	152
ecldata4asp.ecl	11	10504	98	255	152
ecldata4asp.ecl	11	10940	104	255	4
ecldata4asp.ecl	11	10984	96	255	0
ecldata4asp.ecl	11	11068	98	255	152
ecldata4asp.ecl	11	11112	98	255	152
ecldata4asp.ecl	11	11196	98	255	152
ecldata4asp.ecl	11	11240	98	255	152
ecldata4asp.ecl	11	11324	98	255	152
ecldata4asp.ecl	11	11368	98	255	152
ecldata4asp.ecl	13	13504	99	255	80
ecldata4asp.ecl	13	13672	99	255	80
ecldata4asp.ecl	14	14048	96	255	132
ecldata4asp.ecl	15	15908	98	255	20
ecldata4asp.ecl	15	16108	104	255	4
ecldata4asp.ecl	15	16152	104	255	4
ecldata4asp.ecl	19	18788	99	255	64
ecldata4asp.ecl	19	18992	99	255	64
ecldata4asp.ecl	19	19196	99	255	64
ecldata4asp.ecl	19	19400	99	255	64
ecldata4asp.ecl	19	19604	99	255	64
ecldata4asp.ecl	20	19872	99	255	64
ecldata4asp.ecl	20	20076	99	255	64
ecldata4asp.ecl	20	20280	99	255	64
ecldata4asp.ecl	20	20484	99	255	64
ecldata4asp.ecl	20	20688	99	255	64
ecldata4asp.ecl	22	22252	99	255	80
ecldata4asp.ecl	22	22296	99	255	80
ecldata4asp.ecl	26	25232	98	242	64
ecldata4asp.ecl	26	25276	98	244	64
ecldata4asp.ecl	26	25320	98	248	64
ecldata4asp.ecl	29	26504	97	254	64
ecldata4asp.ecl	29	26548	97	241	64
ecldata4asp.ecl	31	28956	96	255	0
ecldata4asp.ecl	34	29672	97	241	64
ecldata4asp.ecl	34	29716	97	242	64
ecldata4asp.ecl	34	29760	97	244	64
ecldata4asp.ecl	34	29804	97	248	64
ecldata4asp.ecl	35	30016	97	241	64
ecldata4asp.ecl	35	30060	97	242	64
ecldata4asp.ecl	35	30104	97	244	64
ecldata4asp.ecl	35	30148	97	248	64
ecldata4asp.ecl	36	30320	97	242	64
ecldata4asp.ecl	36	30364	97	244	64
ecldata4asp.ecl	36	30408	97	248	64
ecldata4asp.ecl	37	30580	97	242	64
ecldata4asp.ecl	37	30624	97	244	64
ecldata4asp.ecl	37	30668	97	248	64
ecldata4asp.ecl	40	32448	96	242	0
ecldata4asp.ecl	40	32492	96	244	0
ecldata4asp.ecl	40	32536	96	248	0
ecldata4asp.ecl	41	32632	96	242	0
ecldata4asp.ecl	41	32676	96	244	0
ecldata4asp.ecl	41	32720	96	248	0
ecldata4asp.ecl	46	35824	97	255	64
ecldata4b.ecl	1	1000	96	255	16
ecldata4b.ecl	1	1044	96	254	16
ecldata4b.ecl	1	1088	96	252	16
ecldata4b.ecl	1	1132	96	248	16
ecldata4b.ecl	2	1556	96	255	16
ecldata4b.ecl	2	1600	96	254	16
ecldata4b.ecl	2	1644	96	252	16
ecldata4b.ecl	4	2024	96	254	0
ecldata4b.ecl	4	2068	96	255	0
ecldata4b.ecl	5	2276	98	241	0
ecldata4b.ecl	5	2320	98	242	0
ecldata4b.ecl	5	2364	98	244	0
ecldata4b.ecl	5	2408	98	248	0
ecldata4b.ecl	9	4104	97	255	80
ecldata4b.ecl	11	4640	97	255	88
ecldata4b.ecl	13	5292	96	255	148
ecldata4b.ecl	18	6980	99	255	64
ecldata4b.ecl	18	7024	99	255	64
ecldata4b.ecl	20	8076	99	255	74
ecldata4b.ecl	20	8120	99	254	90
ecldata4b.ecl	20	8164	99	254	90
ecldata4b.ecl	20	8304	99	255	74
ecldata4b.ecl	20	8348	99	254	90
ecldata4b.ecl	20	8392	99	255	90
ecldata4b.ecl	20	8596	99	255	74
ecldata4b.ecl	20	8640	99	254	90
ecldata4b.ecl	20	8684	99	254	90
ecldata4b.ecl	20	8844	99	255	74
ecldata4b.ecl	20	8888	99	254	90
ecldata4b.ecl	20	8932	99	255	90
ecldata4b.ecl	23	10796	99	255	86
ecldata4b.ecl	23	10856	99	255	86
ecldata4b.ecl	23	11036	99	255	86
ecldata4b.ecl	23	11172	99	255	86
ecldata4b.ecl	29	13696	99	255	66
ecldata4b.ecl	29	13920	99	255	66
ecldata4b.ecl	32	15824	99	255	82
ecldata4b.ecl	32	15944	99	255	82
ecldata4b.ecl	37	19560	99	255	84
ecldata4b.ecl	37	19640	99	255	84
ecldata4b.ecl	38	20052	97	255	80
ecldata4b.ecl	38	20352	97	255	80
ecldata4b.ecl	38	20632	97	255	80
ecldata4b.ecl	38	20932	97	255	80
ecldata4b.ecl	39	21064	97	255	66
ecldata4b.ecl	42	23908	97	255	67
ecldata4b.ecl	43	24184	97	255	67
ecldata4b.ecl	44	24460	97	255	67
ecldata4b.ecl	45	24552	97	255	67
ecldata4b.ecl	49	28360	99	255	64
ecldata4b.ecl	49	28444	99	255	64
ecldata4b.ecl	49	28528	99	255	64
ecldata4b.ecl	49	28612	99	255	64
ecldata4b.ecl	49	28696	99	255	64
ecldata4b.ecl	49	28780	99	255	64
ecldata4b.ecl	50	28976	99	255	64
ecldata4b.ecl	50	29060	99	255	64
ecldata4b.ecl	50	29144	99	255	64
ecldata4b.ecl	50	29228	99	255	64
ecldata4b.ecl	50	29312	99	255	64
ecldata4b.ecl	50	29396	99	255	64
ecldata4b.ecl	51	29848	99	255	80
ecldata4b.ecl	51	29912	99	255	80
ecldata4b.ecl	51	29976	99	255	80
ecldata4b.ecl	51	30040	99	255	80
ecldata4b.ecl	51	30104	99	255	80
ecldata4b.ecl	51	30168	99	255	80
ecldata4b.ecl	56	33876	99	255	68
ecldata4b.ecl	56	33920	99	255	68
ecldata4b.ecl	56	33980	99	255	68
ecldata4b.ecl	56	34024	99	255	68
ecldata4b.ecl	56	34084	99	255	68
ecldata4b.ecl	56	34128	99	255	68
ecldata4b.ecl	56	34188	99	255	68
ecldata4b.ecl	56	34232	99	255	68
ecldata4b.ecl	56	34292	99	255	68
ecldata4b.ecl	56	34336	99	255	68
ecldata4b.ecl	56	34396	99	255	68
ecldata4b.ecl	56	34440	99	255	68
ecldata4b.ecl	63	39460	98	255	128
ecldata4b.ecl	63	39504	98	255	128
ecldata4b.ecl	63	39548	98	255	128
ecldata4b.ecl	63	39592	98	255	128
ecldata4b.ecl	63	39636	96	242	0
ecldata4b.ecl	63	39680	96	242	0
ecldata4b.ecl	63	39724	96	242	0
ecldata4b.ecl	63	39768	96	242	0
ecldata4b.ecl	64	40028	96	255	0
ecldata4b.ecl	64	40072	96	255	0
ecldata4b.ecl	64	40116	96	255	0
ecldata4b.ecl	64	40160	96	255	0
ecldata4b.ecl	68	42740	99	255	64
ecldata4b.ecl	68	42804	99	255	64
ecldata4b.ecl	69	43156	99	255	64
ecldata4b.ecl	69	43220	99	255	64
ecldata4bsp.ecl	3	1896	99	255	64
ecldata4bsp.ecl	3	1940	99	255	64
ecldata4bsp.ecl	5	2992	99	255	74
ecldata4bsp.ecl	5	3036	99	254	90
ecldata4bsp.ecl	5	3080	99	254	90
ecldata4bsp.ecl	5	3220	99	255	74
ecldata4bsp.ecl	5	3264	99	254	90
ecldata4bsp.ecl	5	3308	99	255	90
ecldata4bsp.ecl	5	3512	99	255	74
ecldata4bsp.ecl	5	3556	99	254	90
ecldata4bsp.ecl	5	3600	99	254	90
ecldata4bsp.ecl	5	3760	99	255	74
ecldata4bsp.ecl	5	3804	99	254	90
ecldata4bsp.ecl	5	3848	99	255	90
ecldata4bsp.ecl	8	5712	99	255	86
ecldata4bsp.ecl	8	5772	99	255	86
ecldata4bsp.ecl	8	5952	99	255	86
ecldata4bsp.ecl	8	6088	99	255	86
ecldata4bsp.ecl	14	8612	99	255	66
ecldata4bsp.ecl	14	8836	99	255	66
ecldata4bsp.ecl	17	10740	99	255	82
ecldata4bsp.ecl	17	10860	99	255	82
ecldata4bsp.ecl	22	14476	99	255	84
ecldata4bsp.ecl	22	14556	99	255	84
ecldata4bsp.ecl	23	14968	97	255	80
ecldata4bsp.ecl	23	15268	97	255	80
ecldata4bsp.ecl	23	15548	97	255	80
ecldata4bsp.ecl	23	15848	97	255	80
ecldata4bsp.ecl	24	15980	97	255	66
ecldata4bsp.ecl	27	18824	97	255	67
ecldata4bsp.ecl	28	19100	97	255	67
ecldata4bsp.ecl	29	19376	97	255	67
ecldata4bsp.ecl	30	19468	97	255	67
ecldata4bsp.ecl	34	23276	99	255	64
ecldata4bsp.ecl	34	23360	99	255	64
ecldata4bsp.ecl	34	23444	99	255	64
ecldata4bsp.ecl	34	23528	99	255	64
ecldata4bsp.ecl	34	23612	99	255	64
ecldata4bsp.ecl	34	23696	99	255	64
ecldata4bsp.ecl	35	23892	99	255	64
ecldata4bsp.ecl	35	23976	99	255	64
ecldata4bsp.ecl	35	24060	99	255	64
ecldata4bsp.ecl	35	24144	99	255	64
ecldata4bsp.ecl	35	24228	99	255	64
ecldata4bsp.ecl	35	24312	99	255	64
ecldata4bsp.ecl	36	24764	99	255	80
ecldata4bsp.ecl	36	24828	99	255	80
ecldata4bsp.ecl	36	24892	99	255	80
ecldata4bsp.ecl	36	24956	99	255	80
ecldata4bsp.ecl	36	25020	99	255	80
ecldata4bsp.ecl	36	25084	99	255	80
ecldata4bsp.ecl	41	28792	99	255	68
ecldata4bsp.ecl	41	28836	99	255	68
ecldata4bsp.ecl	41	28896	99	255	68
ecldata4bsp.ecl	41	28940	99	255	68
ecldata4bsp.ecl	41	29000	99	255	68
ecldata4bsp.ecl	41	29044	99	255	68
ecldata4bsp.ecl	41	29104	99	255	68
ecldata4bsp.ecl	41	29148	99	255	68
ecldata4bsp.ecl	41	29208	99	255	68
ecldata4bsp.ecl	41	29252	99	255	68
ecldata4bsp.ecl	41	29312	99	255	68
ecldata4bsp.ecl	41	29356	99	255	68
ecldata4bsp.ecl	48	34376	98	255	128
ecldata4bsp.ecl	48	34420	98	255	128
ecldata4bsp.ecl	48	34464	98	255	128
ecldata4bsp.ecl	48	34508	98	255	128
ecldata4bsp.ecl	48	34552	96	242	0
ecldata4bsp.ecl	48	34596	96	242	0
ecldata4bsp.ecl	48	34640	96	242	0
ecldata4bsp.ecl	48	34684	96	242	0
ecldata4bsp.ecl	49	34944	96	255	0
ecldata4bsp.ecl	49	34988	96	255	0
ecldata4bsp.ecl	49	35032	96	255	0
ecldata4bsp.ecl	49	35076	96	255	0
ecldata4bsp.ecl	53	37656	99	255	64
ecldata4bsp.ecl	53	37720	99	255	64
ecldata4bsp.ecl	54	38072	99	255	64
ecldata4bsp.ecl	54	38136	99	255	64
ecldata4bsp.ecl	61	43816	99	255	68
ecldata4bsp.ecl	61	43880	99	255	68
ecldata5.ecl	0	688	96	255	24
ecldata5.ecl	1	812	96	255	0
ecldata5.ecl	4	2384	97	255	64
ecldata5.ecl	6	2760	97	255	64
ecldata5.ecl	8	3180	97	255	64
ecldata5.ecl	12	5696	96	255	0
ecldata5.ecl	14	6152	97	255	72
ecldata5.ecl	17	7760	97	255	64
ecldata5.ecl	19	8152	97	255	64
ecldata5.ecl	21	8588	97	255	64
ecldata5.ecl	24	10196	97	255	64
ecldata5.ecl	26	10668	97	255	80
ecldata5.ecl	28	11184	97	255	80
ecldata5.ecl	30	11752	97	255	80
ecldata5.ecl	30	11900	97	255	80
ecldata5.ecl	32	12464	97	255	80
ecldata5.ecl	32	12652	97	255	80
ecldata5.ecl	39	14604	99	241	64
ecldata5.ecl	39	14648	99	242	64
ecldata5.ecl	39	14692	99	244	64
ecldata5.ecl	39	14736	99	248	64
ecldata5.ecl	39	15000	99	241	64
ecldata5.ecl	39	15044	99	242	64
ecldata5.ecl	39	15088	99	244	64
ecldata5.ecl	39	15132	99	248	64
ecldata5.ecl	40	15916	97	255	196
ecldata5.ecl	40	15988	96	255	192
ecldata5.ecl	41	16728	97	255	196
ecldata5.ecl	41	16800	96	255	192
ecldata5.ecl	46	18420	97	255	196
ecldata5.ecl	46	18492	96	255	64
ecldata5.ecl	47	19204	97	255	196
ecldata5.ecl	47	19276	96	255	64
ecldata5.ecl	52	20692	99	255	84
ecldata5.ecl	52	20776	99	255	84
ecldata5.ecl	54	21804	99	255	84
ecldata5.ecl	54	21924	99	255	84
ecldata5.ecl	57	23460	96	255	80
ecldata5.ecl	58	23620	96	255	0
ecldata5.ecl	62	25652	99	255	64
ecldata5.ecl	62	25716	99	255	64
ecldata5.ecl	62	26272	99	255	68
ecldata5.ecl	62	26336	99	255	68
ecldata5.ecl	62	26400	99	255	68
ecldata5.ecl	62	26464	99	255	68
ecldata5.ecl	65	28964	99	255	70
ecldata5.ecl	65	29032	99	255	70
ecldata5.ecl	65	29096	96	252	0
ecldata5.ecl	69	31660	99	255	2
ecldata5.ecl	70	31776	99	255	2
ecldata5.ecl	72	32132	99	255	2
ecldata5.ecl	73	32248	99	255	2
ecldata5.ecl	75	33796	99	255	68
ecldata5.ecl	75	34372	99	255	68
ecldata5.ecl	75	34436	99	255	68
ecldata5.ecl	75	34500	99	255	68
ecldata5.ecl	75	34564	99	255	68
ecldata5.ecl	76	34916	97	255	64
ecldata5.ecl	82	38280	97	255	16
ecldata5.ecl	82	38324	97	255	16
ecldata5.ecl	84	38900	97	255	16
ecldata5.ecl	84	38944	97	255	16
ecldata5sp.ecl	5	1824	99	255	84
ecldata5sp.ecl	5	1908	99	255	84
ecldata5sp.ecl	7	2936	99	255	84
ecldata5sp.ecl	7	3056	99	255	84
ecldata5sp.ecl	10	4592	96	255	80
ecldata5sp.ecl	11	4752	96	255	0
ecldata5sp.ecl	15	6784	99	255	64
ecldata5sp.ecl	15	6848	99	255	64
ecldata5sp.ecl	15	7404	99	255	68
ecldata5sp.ecl	15	7468	99	255	68
ecldata5sp.ecl	15	7532	99	255	68
ecldata5sp.ecl	15	7596	99	255	68
ecldata5sp.ecl	18	10096	99	255	70
ecldata5sp.ecl	18	10164	99	255	70
ecldata5sp.ecl	18	10228	96	252	0
ecldata5sp.ecl	22	12792	99	255	2
ecldata5sp.ecl	23	12908	99	255	2
ecldata5sp.ecl	25	13264	99	255	2
ecldata5sp.ecl	26	13380	99	255	2
ecldata5sp.ecl	28	14928	99	255	68
ecldata5sp.ecl	28	15504	99	255	68
ecldata5sp.ecl	28	15568	99	255	68
ecldata5sp.ecl	28	15632	99	255	68
ecldata5sp.ecl	28	15696	99	255	68
ecldata5sp.ecl	29	16048	97	255	64
ecldata5sp.ecl	35	19412	97	255	16
ecldata5sp.ecl	35	19456	97	255	16
ecldata5sp.ecl	37	20032	97	255	16
ecldata5sp.ecl	37	20076	97	255	16
ecldata5sp.ecl	40	20960	99	255	68
ecldata5sp.ecl	40	21476	99	255	68
ecldata5sp.ecl	40	21540	99	255	68
ecldata5sp.ecl	40	21604	99	255	68
ecldata5sp.ecl	40	21668	99	255	68
ecldata5sp.ecl	41	22044	97	255	64
ecldata5sp.ecl	46	25228	99	255	64
ecldata5sp.ecl	47	25388	98	255	48
ecldata5sp.ecl	47	25448	98	255	48
ecldata6.ecl	2	1488	99	255	84
ecldata6.ecl	4	1804	97	255	64
ecldata6.ecl	6	2120	99	254	64
ecldata6.ecl	8	3004	97	255	84
ecldata6.ecl	10	3680	99	255	68
ecldata6.ecl	18	9120	97	255	68
ecldata6.ecl	20	9456	97	63	64
ecldata6.ecl	20	9500	97	95	64
ecldata6.ecl	22	11776	97	255	64
ecldata6.ecl	22	11860	97	255	64
ecldata6.ecl	22	11940	97	255	64
ecldata6.ecl	23	12316	97	255	80
ecldata6.ecl	23	12400	96	255	80
ecldata6.ecl	34	16692	97	255	196
ecldata6.ecl	35	17484	97	255	196
ecldata6.ecl	37	18496	99	255	76
ecldata6.ecl	37	18576	99	255	76
ecldata6.ecl	38	19208	99	255	64
ecldata6.ecl	41	20748	99	241	64
ecldata6.ecl	41	20792	99	242	64
ecldata6.ecl	41	20836	99	244	64
ecldata6.ecl	41	20880	99	248	64
ecldata6.ecl	42	21372	99	255	66
ecldata6.ecl	45	22332	99	255	68
ecldata6.ecl	46	22624	99	255	68
ecldata6.ecl	47	22988	99	255	84
ecldata6.ecl	53	27312	96	255	0
ecldata6.ecl	54	27732	96	243	212
ecldata6.ecl	54	27776	96	252	212
ecldata6.ecl	55	28272	99	255	66
ecldata6.ecl	57	30288	99	241	64
ecldata6.ecl	57	30332	99	242	64
ecldata6.ecl	57	30376	99	244	64
ecldata6.ecl	57	30420	99	248	64
ecldata6.ecl	58	30612	99	241	64
ecldata6.ecl	58	30656	99	242	64
ecldata6.ecl	58	30700	99	244	64
ecldata6.ecl	58	30744	99	248	64
ecldata6.ecl	59	30876	99	241	64
ecldata6.ecl	59	30920	99	242	64
ecldata6.ecl	59	30964	99	244	64
ecldata6.ecl	59	31008	99	248	64
ecldata6.ecl	62	31628	99	255	64
ecldata6.ecl	64	34280	97	241	64
ecldata6.ecl	64	34324	97	242	64
ecldata6.ecl	64	34368	97	244	64
ecldata6.ecl	64	34412	97	248	80
ecldata6.ecl	66	34984	97	255	70
ecldata6.ecl	69	37512	97	255	64
ecldata6.ecl	71	38556	97	255	196
ecldata6.ecl	71	39232	97	255	196
ecldata6.ecl	73	41668	97	255	0
ecldata6.ecl	73	41784	97	255	0
ecldata6.ecl	73	41848	97	255	0
ecldata6.ecl	73	41912	97	255	0
ecldata6.ecl	73	42000	96	255	0
ecldata6.ecl	73	42064	96	255	0
ecldata6.ecl	73	42128	96	255	0
ecldata6.ecl	74	42316	97	255	128
ecldata6.ecl	77	43852	97	255	210
ecldata6.ecl	79	46200	99	255	64
ecldata6.ecl	80	46712	99	255	68
ecldata6.ecl	80	46856	99	255	68
ecldata6.ecl	81	47172	97	255	192
ecldata6.ecl	81	47348	97	255	192
ecldata6.ecl	81	47524	97	255	192
ecldata6.ecl	81	47700	97	255	192
ecldata6.ecl	82	47976	97	255	192
ecldata6.ecl	82	48152	97	255	192
ecldata6.ecl	82	48328	97	255	192
ecldata6.ecl	82	48504	97	255	192
ecldata6.ecl	83	48672	96	255	0
ecldata6.ecl	84	49020	99	255	68
ecldata6.ecl	84	49148	99	255	68
ecldata6.ecl	84	49472	99	255	68
ecldata6.ecl	84	49600	99	255	68
ecldata6.ecl	84	50024	99	255	84
ecldata6.ecl	85	50436	99	255	68
ecldata6.ecl	85	50580	99	255	68
ecldata6sp.ecl	6	5668	97	255	68
ecldata6sp.ecl	8	6004	97	63	64
ecldata6sp.ecl	8	6048	97	95	64
ecldata6sp.ecl	10	8324	97	255	64
ecldata6sp.ecl	10	8408	97	255	64
ecldata6sp.ecl	10	8488	97	255	64
ecldata6sp.ecl	11	8864	97	255	80
ecldata6sp.ecl	11	8948	96	255	80
ecldata6sp.ecl	22	13240	97	255	196
ecldata6sp.ecl	23	14032	97	255	196
ecldata6sp.ecl	25	15044	99	255	76
ecldata6sp.ecl	25	15124	99	255	76
ecldata6sp.ecl	26	15756	99	255	64
ecldata6sp.ecl	29	17296	99	241	64
ecldata6sp.ecl	29	17340	99	242	64
ecldata6sp.ecl	29	17384	99	244	64
ecldata6sp.ecl	29	17428	99	248	64
ecldata6sp.ecl	30	17920	99	255	66
ecldata6sp.ecl	33	18880	99	255	68
ecldata6sp.ecl	34	19172	99	255	68
ecldata6sp.ecl	35	19536	99	255	84
ecldata6sp.ecl	41	23860	96	255	0
ecldata6sp.ecl	42	24280	96	243	212
ecldata6sp.ecl	42	24324	96	252	212
ecldata6sp.ecl	43	24820	99	255	66
ecldata6sp.ecl	45	26836	99	241	64
ecldata6sp.ecl	45	26880	99	242	64
ecldata6sp.ecl	45	26924	99	244	64
ecldata6sp.ecl	45	26968	99	248	64
ecldata6sp.ecl	46	27160	99	241	64
ecldata6sp.ecl	46	27204	99	242	64
ecldata6sp.ecl	46	27248	99	244	64
ecldata6sp.ecl	46	27292	99	248	64
ecldata6sp.ecl	47	27424	99	241	64
ecldata6sp.ecl	47	27468	99	242	64
ecldata6sp.ecl	47	27512	99	244	64
ecldata6sp.ecl	47	27556	99	248	64
ecldata6sp.ecl	50	28176	99	255	64
ecldata6sp.ecl	52	30828	97	241	64
ecldata6sp.ecl	52	30872	97	242	64
ecldata6sp.ecl	52	30916	97	244	64
ecldata6sp.ecl	52	30960	97	248	80
ecldata6sp.ecl	54	31532	97	255	70
ecldata6sp.ecl	57	34060	97	255	64
ecldata6sp.ecl	59	35104	97	255	196
ecldata6sp.ecl	59	35780	97	255	196
ecldata6sp.ecl	61	38216	97	255	0
ecldata6sp.ecl	61	38332	97	255	0
ecldata6sp.ecl	61	38396	97	255	0
ecldata6sp.ecl	61	38460	97	255	0
ecldata6sp.ecl	61	38548	96	255	0
ecldata6sp.ecl	61	38612	96	255	0
ecldata6sp.ecl	61	38676	96	255	0
ecldata6sp.ecl	62	38864	97	255	128
ecldata6sp.ecl	65	40400	97	255	210
ecldata6sp.ecl	67	42748	99	255	64
ecldata6sp.ecl	68	43260	99	255	68
ecldata6sp.ecl	68	43404	99	255	68
ecldata6sp.ecl	69	43720	97	255	192
ecldata6sp.ecl	69	43896	97	255	192
ecldata6sp.ecl	69	44072	97	255	192
ecldata6sp.ecl	69	44248	97	255	192
ecldata6sp.ecl	70	44524	97	255	192
ecldata6sp.ecl	70	44700	97	255	192
ecldata6sp.ecl	70	44876	97	255	192
ecldata6sp.ecl	70	45052	97	255	192
ecldata6sp.ecl	71	45220	96	255	0
ecldata6sp.ecl	72	45568	99	255	68
ecldata6sp.ecl	72	45696	99	255	68
ecldata6sp.ecl	72	46020	99	255	68
ecldata6sp.ecl	72	46148	99	255	68
ecldata6sp.ecl	72	46572	99	255	84
ecldata6sp.ecl	73	46984	99	255	68
ecldata6sp.ecl	73	47128	99	255	68
ecldata6sp.ecl	77	48200	96	255	0
ecldata6sp.ecl	79	48788	99	255	66
ecldata6sp.ecl	79	49080	99	255	0
ecldata7.ecl	2	1392	99	255	64
ecldata7.ecl	4	1868	97	255	84
ecldata7.ecl	6	2264	99	255	68
ecldata7.ecl	8	3068	97	255	68
ecldata7.ecl	10	3496	99	255	16
ecldata7.ecl	16	8632	97	255	68
ecldata7.ecl	18	8968	97	63	64
ecldata7.ecl	18	9012	97	95	64
ecldata7.ecl	20	11288	97	255	64
ecldata7.ecl	20	11372	97	255	64
ecldata7.ecl	20	11452	97	255	64
ecldata7.ecl	21	11696	96	255	64
ecldata7.ecl	28	16108	97	255	64
ecldata7.ecl	29	16760	97	255	64
ecldata7.ecl	30	16980	97	255	80
ecldata7.ecl	32	18960	99	255	64
ecldata7.ecl	35	20588	99	255	68
ecldata7.ecl	36	21120	99	255	66
ecldata7.ecl	36	21232	99	255	66
ecldata7.ecl	36	21360	99	255	66
ecldata7.ecl	39	22452	99	255	68
ecldata7.ecl	40	22708	99	255	64
ecldata7.ecl	41	22860	99	255	64
ecldata7.ecl	53	31072	104	255	0
ecldata7.ecl	53	31256	104	255	0
ecldata7.ecl	53	31440	104	255	0
ecldata7.ecl	53	31624	104	255	0
ecldata7.ecl	53	31808	104	255	0
ecldata7.ecl	54	31932	99	255	64
ecldata7.ecl	54	31976	99	255	64
ecldata7.ecl	58	35084	99	255	82
ecldata7.ecl	58	35824	99	255	82
ecldata7.ecl	59	35976	99	255	64
ecldata7.ecl	60	36216	99	255	80
ecldata7.ecl	62	38492	97	255	208
ecldata7.ecl	62	38576	97	255	208
ecldata7.ecl	63	39264	97	255	208
ecldata7.ecl	63	39348	97	255	208
ecldata7.ecl	67	41520	97	255	0
ecldata7.ecl	68	42052	99	241	64
ecldata7.ecl	68	42096	99	242	64
ecldata7.ecl	68	42140	99	244	64
ecldata7.ecl	68	42184	99	248	64
ecldata7.ecl	68	42304	99	241	64
ecldata7.ecl	68	42348	99	242	64
ecldata7.ecl	68	42392	99	244	64
ecldata7.ecl	68	42436	99	248	64
ecldata7.ecl	72	47404	98	255	22
ecldata7.ecl	73	47852	99	255	80
ecldata7.ecl	73	47912	99	255	80
ecldata7.ecl	73	47972	99	255	80
ecldata7.ecl	73	48032	99	255	80
ecldata7.ecl	73	48092	99	255	80
ecldata7.ecl	73	48152	99	255	80
ecldata7.ecl	73	48212	99	255	80
ecldata7.ecl	73	48416	99	255	80
ecldata7.ecl	73	48588	99	255	80
ecldata7.ecl	73	48760	99	255	80
ecldata7.ecl	73	48932	99	255	80
ecldata7.ecl	73	49104	99	255	80
ecldata7.ecl	73	49276	99	255	80
ecldata7.ecl	73	49448	99	255	80
ecldata7.ecl	73	49620	99	255	80
ecldata7.ecl	73	49792	99	255	80
ecldata7.ecl	73	49964	99	255	80
ecldata7.ecl	73	50136	99	255	80
ecldata7.ecl	73	50308	99	255	80
ecldata7.ecl	73	50480	99	255	80
ecldata7.ecl	73	50652	99	255	80
ecldata7.ecl	74	50908	99	255	64
ecldata7.ecl	74	50952	99	255	64
ecldata7.ecl	74	50996	99	255	64
ecldata7.ecl	74	51040	99	255	64
ecldata7.ecl	74	51084	99	255	64
ecldata7.ecl	74	51128	99	255	64
ecldata7.ecl	74	51172	99	255	64
ecldata7.ecl	74	51280	99	255	64
ecldata7.ecl	74	51436	99	255	64
ecldata7.ecl	74	51592	99	255	64
ecldata7.ecl	74	51748	99	255	64
ecldata7.ecl	74	51904	99	255	64
ecldata7.ecl	74	52060	99	255	64
ecldata7.ecl	74	52216	99	255	64
ecldata7.ecl	74	52372	99	255	64
ecldata7.ecl	74	52528	99	255	64
ecldata7.ecl	74	52684	99	255	64
ecldata7.ecl	74	52840	99	255	64
ecldata7.ecl	74	52996	99	255	64
ecldata7.ecl	74	53152	99	255	64
ecldata7.ecl	74	53308	99	255	64
ecldata7.ecl	75	53788	97	255	82
ecldata7.ecl	75	54172	97	255	82
ecldata7.ecl	76	54596	97	255	82
ecldata7.ecl	76	54980	97	255	82
ecldata7.ecl	78	56456	99	255	64
ecldata7.ecl	79	56768	97	255	0
ecldata7.ecl	79	56828	97	255	0
ecldata7.ecl	81	58584	99	255	84
ecldata7.ecl	81	58684	99	255	84
ecldata7.ecl	81	58780	98	255	16
ecldata7.ecl	83	60400	99	255	68
ecldata7.ecl	83	60520	99	255	68
ecldata7.ecl	85	62176	99	255	68
ecldata7.ecl	85	62364	99	255	68
ecldata7.ecl	86	62676	97	255	0
ecldata7.ecl	86	62776	97	255	0
ecldata7.ecl	88	64332	104	255	20
ecldata7.ecl	88	64620	104	255	20
ecldata7.ecl	88	64908	104	255	20
ecldata7.ecl	88	65196	104	255	20
ecldata7.ecl	88	65484	104	255	20
ecldata7.ecl	88	65772	104	255	20
ecldata7.ecl	88	66020	104	255	20
ecldata7.ecl	88	66064	104	255	20
ecldata7.ecl	88	66108	104	255	20
ecldata7.ecl	88	66152	104	255	20
ecldata7.ecl	88	66196	104	255	20
ecldata7.ecl	88	66240	104	255	20
ecldata7sp.ecl	6	5680	97	255	68
ecldata7sp.ecl	8	6016	97	63	64
ecldata7sp.ecl	8	6060	97	95	64
ecldata7sp.ecl	10	8336	97	255	64
ecldata7sp.ecl	10	8420	97	255	64
ecldata7sp.ecl	10	8500	97	255	64
ecldata7sp.ecl	11	8744	96	255	64
ecldata7sp.ecl	18	13156	97	255	64
ecldata7sp.ecl	19	13808	97	255	64
ecldata7sp.ecl	20	14028	97	255	80
ecldata7sp.ecl	22	16008	99	255	64
ecldata7sp.ecl	25	17636	99	255	68
ecldata7sp.ecl	26	18168	99	255	66
ecldata7sp.ecl	26	18280	99	255	66
ecldata7sp.ecl	26	18408	99	255	66
ecldata7sp.ecl	29	19500	99	255	68
ecldata7sp.ecl	30	19756	99	255	64
ecldata7sp.ecl	31	19908	99	255	64
ecldata7sp.ecl	43	28120	104	255	0
ecldata7sp.ecl	43	28304	104	255	0
ecldata7sp.ecl	43	28488	104	255	0
ecldata7sp.ecl	43	28672	104	255	0
ecldata7sp.ecl	43	28856	104	255	0
ecldata7sp.ecl	44	28980	99	255	64
ecldata7sp.ecl	44	29024	99	255	64
ecldata7sp.ecl	48	32132	99	255	82
ecldata7sp.ecl	48	32872	99	255	82
ecldata7sp.ecl	49	33024	99	255	64
ecldata7sp.ecl	50	33264	99	255	80
ecldata7sp.ecl	52	35540	97	255	208
ecldata7sp.ecl	52	35624	97	255	208
ecldata7sp.ecl	53	36312	97	255	208
ecldata7sp.ecl	53	36396	97	255	208
ecldata7sp.ecl	57	38568	97	255	0
ecldata7sp.ecl	58	39100	99	241	64
ecldata7sp.ecl	58	39144	99	242	64
ecldata7sp.ecl	58	39188	99	244	64
ecldata7sp.ecl	58	39232	99	248	64
ecldata7sp.ecl	58	39352	99	241	64
ecldata7sp.ecl	58	39396	99	242	64
ecldata7sp.ecl	58	39440	99	244	64
ecldata7sp.ecl	58	39484	99	248	64
ecldata7sp.ecl	62	44452	98	255	22
ecldata7sp.ecl	63	44900	99	255	80
ecldata7sp.ecl	63	44960	99	255	80
ecldata7sp.ecl	63	45020	99	255	80
ecldata7sp.ecl	63	45080	99	255	80
ecldata7sp.ecl	63	45140	99	255	80
ecldata7sp.ecl	63	45200	99	255	80
ecldata7sp.ecl	63	45260	99	255	80
ecldata7sp.ecl	63	45464	99	255	80
ecldata7sp.ecl	63	45636	99	255	80
ecldata7sp.ecl	63	45808	99	255	80
ecldata7sp.ecl	63	45980	99	255	80
ecldata7sp.ecl	63	46152	99	255	80
ecldata7sp.ecl	63	46324	99	255	80
ecldata7sp.ecl	63	46496	99	255	80
ecldata7sp.ecl	63	46668	99	255	80
ecldata7sp.ecl	63	46840	99	255	80
ecldata7sp.ecl	63	47012	99	255	80
ecldata7sp.ecl	63	47184	99	255	80
ecldata7sp.ecl	63	47356	99	255	80
ecldata7sp.ecl	63	47528	99	255	80
ecldata7sp.ecl	63	47700	99	255	80
ecldata7sp.ecl	64	47956	99	255	64
ecldata7sp.ecl	64	48000	99	255	64
ecldata7sp.ecl	64	48044	99	255	64
ecldata7sp.ecl	64	48088	99	255	64
ecldata7sp.ecl	64	48132	99	255	64
ecldata7sp.ecl	64	48176	99	255	64
ecldata7sp.ecl	64	48220	99	255	64
ecldata7sp.ecl	64	48328	99	255	64
ecldata7sp.ecl	64	48484	99	255	64
ecldata7sp.ecl	64	48640	99	255	64
ecldata7sp.ecl	64	48796	99	255	64
ecldata7sp.ecl	64	48952	99	255	64
ecldata7sp.ecl	64	49108	99	255	64
ecldata7sp.ecl	64	49264	99	255	64
ecldata7sp.ecl	64	49420	99	255	64
ecldata7sp.ecl	64	49576	99	255	64
ecldata7sp.ecl	64	49732	99	255	64
ecldata7sp.ecl	64	49888	99	255	64
ecldata7sp.ecl	64	50044	99	255	64
ecldata7sp.ecl	64	50200	99	255	64
ecldata7sp.ecl	64	50356	99	255	64
ecldata7sp.ecl	65	50836	97	255	82
ecldata7sp.ecl	65	51220	97	255	82
ecldata7sp.ecl	66	51644	97	255	82
ecldata7sp.ecl	66	52028	97	255	82
ecldata7sp.ecl	68	53504	99	255	64
ecldata7sp.ecl	69	53816	97	255	0
ecldata7sp.ecl	69	53876	97	255	0
ecldata7sp.ecl	71	55632	99	255	84
ecldata7sp.ecl	71	55732	99	255	84
ecldata7sp.ecl	71	55828	98	255	16
ecldata7sp.ecl	73	57448	99	255	68
ecldata7sp.ecl	73	57568	99	255	68
ecldata7sp.ecl	75	59224	99	255	68
ecldata7sp.ecl	75	59412	99	255	68
ecldata7sp.ecl	76	59724	97	255	0
ecldata7sp.ecl	76	59824	97	255	0
ecldata7sp.ecl	78	61380	104	255	20
ecldata7sp.ecl	78	61668	104	255	20
ecldata7sp.ecl	78	61956	104	255	20
ecldata7sp.ecl	78	62244	104	255	20
ecldata7sp.ecl	78	62532	104	255	20
ecldata7sp.ecl	78	62820	104	255	20
ecldata7sp.ecl	78	63068	104	255	20
ecldata7sp.ecl	78	63112	104	255	20
ecldata7sp.ecl	78	63156	104	255	20
ecldata7sp.ecl	78	63200	104	255	20
ecldata7sp.ecl	78	63244	104	255	20
ecldata7sp.ecl	78	63288	104	255	20
ecldata7sp.ecl	81	66608	99	255	80
ecldata7sp.ecl	81	66740	99	255	80
ecldata7sp.ecl	81	66872	99	255	80
ecldata7sp.ecl	81	67004	99	255	80
ecldata7sp.ecl	81	67136	99	255	80
ecldata7sp.ecl	81	67268	99	255	80
ecldata7sp.ecl	81	67400	99	255	80
ecldata7sp.ecl	81	67532	99	255	80
ecldata7sp.ecl	81	67664	99	255	80
ecldata7sp.ecl	81	67796	99	255	80
ecldata7sp.ecl	81	67928	99	255	80
ecldata7sp.ecl	81	68060	99	255	80
ecldata7sp.ecl	81	68192	99	255	80
ecldata7sp.ecl	81	68324	99	255	80
ecldata7sp.ecl	82	68560	99	255	82
ecldata8.ecl	1	912	98	255	0
ecldata8.ecl	1	956	98	255	0
ecldata8.ecl	3	1264	98	255	0
ecldata8.ecl	3	1308	98	255	0
ecldata8.ecl	5	1616	96	255	0
ecldata8.ecl	5	1660	96	255	0
ecldata8.ecl	7	2064	98	255	64
ecldata8.ecl	7	2108	98	255	64
ecldata8.ecl	9	2496	98	255	64
ecldata8.ecl	9	2540	98	255	64
ecldata8.ecl	10	2812	96	255	0
ecldata8.ecl	11	3640	96	255	0
ecldata8.ecl	14	4848	99	255	66
ecldata8.ecl	17	5764	99	255	64
ecldata8.ecl	19	6080	97	255	64
ecldata8.ecl	21	6396	99	255	64
ecldata8.ecl	24	7468	99	255	64
ecldata8.ecl	26	7784	99	255	64
ecldata8.ecl	28	8100	99	255	64
ecldata8.ecl	32	9672	99	255	64
ecldata8.ecl	34	9984	99	255	64
ecldata8.ecl	36	10300	99	255	64
ecldata8.ecl	38	10632	99	255	64
ecldata8.ecl	40	10968	99	255	64
ecldata8.ecl	41	11180	96	255	0
ecldata8.ecl	42	11376	96	255	0
ecldata8.ecl	43	11572	97	255	0
ecldata8.ecl	44	11768	98	255	0
ecldata8.ecl	52	17240	98	255	64
ecldata8.ecl	52	17368	98	255	64
ecldata8.ecl	52	17496	98	255	64
ecldata8.ecl	52	17624	98	255	64
ecldata8.ecl	52	17752	98	255	64
ecldata8.ecl	52	17880	98	255	64
ecldata8.ecl	52	18008	98	255	64
ecldata8.ecl	52	18136	98	255	64
ecldata8.ecl	52	18264	98	255	64
ecldata8.ecl	53	18464	99	95	80
ecldata8.ecl	53	18508	99	63	80
ecldata8.ecl	53	18568	99	95	80
ecldata8.ecl	53	18612	99	63	80
ecldata8.ecl	53	18716	99	95	80
ecldata8.ecl	53	18760	99	63	80
ecldata8.ecl	53	18840	99	95	80
ecldata8.ecl	53	18884	99	63	80
ecldata8.ecl	56	20744	96	255	0
ecldata8.ecl	57	21196	97	255	66
ecldata8.ecl	61	22864	98	255	64
ecldata8.ecl	61	22992	98	255	64
ecldata8.ecl	61	23120	98	255	64
ecldata8.ecl	61	23248	98	255	64
ecldata8.ecl	61	23376	98	255	64
ecldata8.ecl	61	23504	98	255	64
ecldata8.ecl	61	23632	98	255	64
ecldata8.ecl	61	23760	98	255	64
ecldata8.ecl	61	23888	98	255	64
ecldata8.ecl	62	24088	99	95	80
ecldata8.ecl	62	24132	99	63	80
ecldata8.ecl	62	24192	99	95	80
ecldata8.ecl	62	24236	99	63	80
ecldata8.ecl	62	24340	99	95	80
ecldata8.ecl	62	24384	99	63	80
ecldata8.ecl	62	24464	99	95	80
ecldata8.ecl	62	24508	99	63	80
ecldata8.ecl	67	26676	99	255	64
ecldata8.ecl	67	26756	99	255	64
ecldata8.ecl	67	26836	99	255	64
ecldata8.ecl	67	26916	99	255	64
ecldata8.ecl	67	26996	99	255	64
ecldata8.ecl	69	27644	99	255	64
ecldata8.ecl	69	27724	99	255	64
ecldata8.ecl	69	27804	99	255	64
ecldata8.ecl	69	27884	99	255	64
ecldata8.ecl	69	27964	99	255	64
ecldata8.ecl	71	28612	99	255	64
ecldata8.ecl	71	28692	99	255	64
ecldata8.ecl	71	28772	99	255	64
ecldata8.ecl	71	28852	99	255	64
ecldata8.ecl	71	28932	99	255	64
ecldata8.ecl	73	29596	99	255	64
ecldata8.ecl	73	29676	99	255	64
ecldata8.ecl	75	30360	99	255	64
ecldata8.ecl	75	30440	99	255	64
ecldata8.ecl	77	31200	99	255	64
ecldata8.ecl	77	31328	99	255	64
ecldata8.ecl	79	32104	99	255	64
ecldata8.ecl	79	32232	99	255	64
ecldata8.ecl	81	33032	99	255	64
ecldata8.ecl	94	41816	99	255	64
ecldata8.ecl	95	41992	99	255	64
ecldata8.ecl	98	43620	97	255	64
ecldata8.ecl	98	43736	97	255	64
ecldata8.ecl	98	43852	97	255	64
ecldata8.ecl	98	43968	97	255	64
ecldata8.ecl	98	44060	97	255	64
ecldata8.ecl	98	44176	97	255	64
ecldata8.ecl	98	44292	97	255	64
ecldata8.ecl	98	44408	97	255	64
ecldata8.ecl	98	44524	97	255	64
ecldata8.ecl	98	44640	97	255	64
ecldata8.ecl	98	44756	97	255	64
ecldata8.ecl	98	44872	97	255	64
ecldata8.ecl	98	44988	97	255	64
ecldata8.ecl	98	45104	97	255	64
ecldata8.ecl	98	45220	97	255	64
ecldata8.ecl	98	45336	97	255	64
ecldata8.ecl	98	45452	97	255	64
ecldata8.ecl	98	45568	97	255	64
ecldata8.ecl	98	45684	97	255	64
ecldata8.ecl	98	45800	97	255	64
ecldata8.ecl	98	45916	97	255	64
ecldata8.ecl	98	46032	97	255	64
ecldata8.ecl	98	46148	97	255	64
ecldata8.ecl	98	46264	97	255	64
ecldata8.ecl	98	46328	97	255	64
ecldata8.ecl	98	46372	99	255	64
ecldata8.ecl	99	46720	97	255	64
ecldata8.ecl	102	47892	99	255	0
ecldata8.ecl	105	49820	97	255	66
ecldata8.ecl	106	49960	97	255	64
ecldata8.ecl	107	50080	96	255	64
ecldata8.ecl	110	51172	96	255	64
ecldata8.ecl	112	51780	96	255	0
ecldata8.ecl	115	52852	96	255	194
ecldata8.ecl	120	54956	97	255	0
ecldata8.ecl	121	55236	97	255	0
ecldata8.ecl	125	56160	96	255	0
ecldata8.ecl	127	58356	97	255	64
ecldata8.ecl	128	58548	97	255	64
ecldata8.ecl	129	58684	99	255	64
ecldata8.ecl	130	58776	99	255	64
ecldata8.ecl	139	61464	99	255	64
ecldata8.ecl	140	61668	98	255	0
ecldata8.ecl	141	62416	99	255	80
ecldata8.ecl	145	64016	96	255	2
ecldata8.ecl	146	64136	96	255	2
ecldata8.ecl	147	64308	99	255	80
ecldata8.ecl	148	64452	97	255	64
ecldata8.ecl	152	70692	99	255	86
ecldata8.ecl	152	70960	99	255	86
ecldata8.ecl	153	71748	99	255	86
ecldata8.ecl	153	72016	99	255	86
ecldata8.ecl	154	72768	99	255	86
ecldata8.ecl	154	73436	99	255	86
ecldata8.ecl	155	74204	99	255	86
ecldata8.ecl	155	74908	99	255	86
ecldata8sp.ecl	6	5868	98	255	64
ecldata8sp.ecl	6	5996	98	255	64
ecldata8sp.ecl	6	6124	98	255	64
ecldata8sp.ecl	6	6252	98	255	64
ecldata8sp.ecl	6	6380	98	255	64
ecldata8sp.ecl	6	6508	98	255	64
ecldata8sp.ecl	6	6636	98	255	64
ecldata8sp.ecl	6	6764	98	255	64
ecldata8sp.ecl	6	6892	98	255	64
ecldata8sp.ecl	7	7092	99	95	80
ecldata8sp.ecl	7	7136	99	63	80
ecldata8sp.ecl	7	7196	99	95	80
ecldata8sp.ecl	7	7240	99	63	80
ecldata8sp.ecl	7	7344	99	95	80
ecldata8sp.ecl	7	7388	99	63	80
ecldata8sp.ecl	7	7468	99	95	80
ecldata8sp.ecl	7	7512	99	63	80
ecldata8sp.ecl	10	9372	96	255	0
ecldata8sp.ecl	11	9824	97	255	66
ecldata8sp.ecl	15	11492	98	255	64
ecldata8sp.ecl	15	11620	98	255	64
ecldata8sp.ecl	15	11748	98	255	64
ecldata8sp.ecl	15	11876	98	255	64
ecldata8sp.ecl	15	12004	98	255	64
ecldata8sp.ecl	15	12132	98	255	64
ecldata8sp.ecl	15	12260	98	255	64
ecldata8sp.ecl	15	12388	98	255	64
ecldata8sp.ecl	15	12516	98	255	64
ecldata8sp.ecl	16	12716	99	95	80
ecldata8sp.ecl	16	12760	99	63	80
ecldata8sp.ecl	16	12820	99	95	80
ecldata8sp.ecl	16	12864	99	63	80
ecldata8sp.ecl	16	12968	99	95	80
ecldata8sp.ecl	16	13012	99	63	80
ecldata8sp.ecl	16	13092	99	95	80
ecldata8sp.ecl	16	13136	99	63	80
ecldata8sp.ecl	21	15304	99	255	64
ecldata8sp.ecl	21	15384	99	255	64
ecldata8sp.ecl	21	15464	99	255	64
ecldata8sp.ecl	21	15544	99	255	64
ecldata8sp.ecl	21	15624	99	255	64
ecldata8sp.ecl	23	16272	99	255	64
ecldata8sp.ecl	23	16352	99	255	64
ecldata8sp.ecl	23	16432	99	255	64
ecldata8sp.ecl	23	16512	99	255	64
ecldata8sp.ecl	23	16592	99	255	64
ecldata8sp.ecl	25	17240	99	255	64
ecldata8sp.ecl	25	17320	99	255	64
ecldata8sp.ecl	25	17400	99	255	64
ecldata8sp.ecl	25	17480	99	255	64
ecldata8sp.ecl	25	17560	99	255	64
ecldata8sp.ecl	27	18224	99	255	64
ecldata8sp.ecl	27	18304	99	255	64
ecldata8sp.ecl	29	18988	99	255	64
ecldata8sp.ecl	29	19068	99	255	64
ecldata8sp.ecl	31	19828	99	255	64
ecldata8sp.ecl	31	19956	99	255	64
ecldata8sp.ecl	33	20732	99	255	64
ecldata8sp.ecl	33	20860	99	255	64
ecldata8sp.ecl	35	21660	99	255	64
ecldata8sp.ecl	48	30444	99	255	64
ecldata8sp.ecl	49	30620	99	255	64
ecldata8sp.ecl	52	32248	97	255	64
ecldata8sp.ecl	52	32364	97	255	64
ecldata8sp.ecl	52	32480	97	255	64
ecldata8sp.ecl	52	32596	97	255	64
ecldata8sp.ecl	52	32688	97	255	64
ecldata8sp.ecl	52	32804	97	255	64
ecldata8sp.ecl	52	32920	97	255	64
ecldata8sp.ecl	52	33036	97	255	64
ecldata8sp.ecl	52	33152	97	255	64
ecldata8sp.ecl	52	33268	97	255	64
ecldata8sp.ecl	52	33384	97	255	64
ecldata8sp.ecl	52	33500	97	255	64
ecldata8sp.ecl	52	33616	97	255	64
ecldata8sp.ecl	52	33732	97	255	64
ecldata8sp.ecl	52	33848	97	255	64
ecldata8sp.ecl	52	33964	97	255	64
ecldata8sp.ecl	52	34080	97	255	64
ecldata8sp.ecl	52	34196	97	255	64
ecldata8sp.ecl	52	34312	97	255	64
ecldata8sp.ecl	52	34428	97	255	64
ecldata8sp.ecl	52	34544	97	255	64
ecldata8sp.ecl	52	34660	97	255	64
ecldata8sp.ecl	52	34776	97	255	64
ecldata8sp.ecl	52	34892	97	255	64
ecldata8sp.ecl	52	34956	97	255	64
ecldata8sp.ecl	52	35000	99	255	64
ecldata8sp.ecl	53	35348	97	255	64
ecldata8sp.ecl	56	36520	99	255	0
ecldata8sp.ecl	59	38448	97	255	66
ecldata8sp.ecl	60	38588	97	255	64
ecldata8sp.ecl	61	38708	96	255	64
ecldata8sp.ecl	64	39800	96	255	64
ecldata8sp.ecl	66	40408	96	255	0
ecldata8sp.ecl	69	41480	96	255	194
ecldata8sp.ecl	74	43584	97	255	0
ecldata8sp.ecl	75	43864	97	255	0
ecldata8sp.ecl	79	44788	96	255	0
ecldata8sp.ecl	81	46984	97	255	64
ecldata8sp.ecl	82	47176	97	255	64
ecldata8sp.ecl	83	47312	99	255	64
ecldata8sp.ecl	84	47404	99	255	64
ecldata8sp.ecl	93	50092	99	255	64
ecldata8sp.ecl	94	50296	98	255	0
ecldata8sp.ecl	95	51044	99	255	80
ecldata8sp.ecl	99	52644	96	255	2
ecldata8sp.ecl	100	52764	96	255	2
ecldata8sp.ecl	101	52936	99	255	80
ecldata8sp.ecl	102	53080	97	255	64
ecldata8sp.ecl	106	59320	99	255	86
ecldata8sp.ecl	106	59588	99	255	86
ecldata8sp.ecl	107	60376	99	255	86
ecldata8sp.ecl	107	60644	99	255	86
ecldata8sp.ecl	108	61396	99	255	86
ecldata8sp.ecl	108	62064	99	255	86
ecldata8sp.ecl	109	62832	99	255	86
ecldata8sp.ecl	109	63536	99	255	86
ecldata8sp.ecl	111	66084	97	255	64
ecldata8sp.ecl	111	66200	97	255	64
ecldata8sp.ecl	111	66316	97	255	64
ecldata8sp.ecl	111	66432	97	255	64
ecldata8sp.ecl	111	66524	97	255	64
ecldata8sp.ecl	111	66640	97	255	64
ecldata8sp.ecl	111	66756	97	255	64
ecldata8sp.ecl	111	66872	97	255	64
ecldata8sp.ecl	111	66988	97	255	64
ecldata8sp.ecl	111	67104	97	255	64
ecldata8sp.ecl	111	67220	97	255	64
ecldata8sp.ecl	111	67336	97	255	64
ecldata8sp.ecl	111	67452	97	255	64
ecldata8sp.ecl	111	67568	97	255	64
ecldata8sp.ecl	111	67684	97	255	64
ecldata8sp.ecl	111	67800	97	255	64
ecldata8sp.ecl	111	67916	97	255	64
ecldata8sp.ecl	111	68032	97	255	64
ecldata8sp.ecl	111	68148	97	255	64
ecldata8sp.ecl	111	68264	97	255	64
ecldata8sp.ecl	111	68380	97	255	64
ecldata8sp.ecl	111	68496	97	255	64
ecldata8sp.ecl	111	68612	97	255	64
ecldata8sp.ecl	111	68728	97	255	64
ecldata8sp.ecl	111	68792	97	255	64
ecldata8sp.ecl	111	68836	97	255	64
ecldata8sp.ecl	111	68880	99	255	82
ecldata8sp.ecl	111	68924	99	255	66
ecldata8sp.ecl	113	70716	97	255	64
ecldata8sp.ecl	113	70760	97	255	64
ecldata8sp.ecl	113	70804	97	255	64
ecldata8sp.ecl	113	70848	97	255	64
ecldata8sp.ecl	114	71300	97	255	66
ecldata_al.ecl	3	2496	99	255	66
ecldata_al.ecl	3	2616	99	255	66
ecldata_al.ecl	4	2740	96	255	2
ecldata_rm.ecl	2	1300	99	255	80
ecldata_rm.ecl	3	1520	99	255	80
ecldata_rm.ecl	4	1764	99	255	208
ecldata_sk.ecl	1	1060	96	255	4
ecldata_sk.ecl	2	1232	97	255	64
ecldata_sk.ecl	2	1416	97	255	64
ecldata_sk.ecl	2	1540	96	255	0
ecldata_sk.ecl	3	1760	97	255	64
ecldata_sk.ecl	4	1980	97	255	64
ecldata_yk.ecl	4	10632	97	255	64
ecldata_yk.ecl	5	11364	97	255	66
ecldata_yk.ecl	5	11636	97	255	194
ecldata_yk.ecl	6	12396	97	255	66
ecldata_yk.ecl	6	12668	97	255	194
ecldata_yk.ecl	7	13480	97	255	66
ecldata_yk.ecl	7	13752	97	255	194
ecldata_yk.ecl	8	14564	97	255	66
ecldata_yk.ecl	8	14836	97	255	194
ecldata_yk.ecl	9	15620	97	255	66
ecldata_yk.ecl	9	15844	97	255	194
ecldata_yk.ecl	10	16628	97	255	66
ecldata_yk.ecl	10	16852	97	255	194
ecldata_yk.ecl	11	17664	97	255	66
ecldata_yk.ecl	11	17936	97	255	194
ecldata_yk.ecl	12	18720	97	255	66
ecldata_yk.ecl	12	18944	97	255	194
ecldata_yk.ecl	13	19756	97	255	66
ecldata_yk.ecl	13	20028	97	255	194
ecldata_yk.ecl	14	20812	97	255	66
ecldata_yk.ecl	14	21016	97	255	194
ecldata_yk.ecl	15	21828	97	255	66
ecldata_yk.ecl	15	22100	97	255	194
ecldata_ym.ecl	5	2056	99	255	0
ecldata_yy.ecl	2	3312	99	255	86
ecldata_yy.ecl	3	3584	99	255	86
ecldata_yy.ecl	4	3856	99	255	86
ecldata_yy.ecl	7	5440	101	255	86
