id	file	sub	offset	mask	offline_solution
0	ecldata1.ecl	22	12736	244	NOT_VERIFIED
1	ecldata1.ecl	22	12980	248	NOT_VERIFIED
2	ecldata1.ecl	38	23140	241	NOT_VERIFIED
3	ecldata1.ecl	38	23384	242	NOT_VERIFIED
4	ecldata1.ecl	38	23628	244	NOT_VERIFIED
5	ecldata1.ecl	38	23872	248	NOT_VERIFIED
6	ecldata1.ecl	44	28248	241	NOT_VERIFIED
7	ecldata1.ecl	44	28492	242	NOT_VERIFIED
8	ecldata1.ecl	44	28736	244	NOT_VERIFIED
9	ecldata1.ecl	44	28980	248	NOT_VERIFIED
10	ecldata1.ecl	48	33064	242	NOT_VERIFIED
11	ecldata1.ecl	48	33308	244	NOT_VERIFIED
12	ecldata1.ecl	48	33552	248	NOT_VERIFIED
0	ecldata1sp.ecl	8	7712	244	NOT_VERIFIED
1	ecldata1sp.ecl	8	7956	248	NOT_VERIFIED
2	ecldata1sp.ecl	24	18116	241	NOT_VERIFIED
3	ecldata1sp.ecl	24	18360	242	NOT_VERIFIED
4	ecldata1sp.ecl	24	18604	244	NOT_VERIFIED
5	ecldata1sp.ecl	24	18848	248	NOT_VERIFIED
6	ecldata1sp.ecl	30	23224	241	NOT_VERIFIED
7	ecldata1sp.ecl	30	23468	242	NOT_VERIFIED
8	ecldata1sp.ecl	30	23712	244	NOT_VERIFIED
9	ecldata1sp.ecl	30	23956	248	NOT_VERIFIED
10	ecldata1sp.ecl	34	28040	242	NOT_VERIFIED
11	ecldata1sp.ecl	34	28284	244	NOT_VERIFIED
12	ecldata1sp.ecl	34	28528	248	NOT_VERIFIED
205	ecldata1sp.ecl	36	31776	255	NOT_VERIFIED
13	ecldata2.ecl	23	10496	241	NOT_VERIFIED
14	ecldata2.ecl	23	10740	242	NOT_VERIFIED
15	ecldata2.ecl	23	10984	244	NOT_VERIFIED
16	ecldata2.ecl	23	11228	248	NOT_VERIFIED
17	ecldata2.ecl	33	19264	241	NOT_VERIFIED
18	ecldata2.ecl	33	19508	242	NOT_VERIFIED
19	ecldata2.ecl	33	19752	244	NOT_VERIFIED
20	ecldata2.ecl	33	19996	248	NOT_VERIFIED
19	ecldata2.ecl	38	22636	244	NOT_VERIFIED
20	ecldata2.ecl	38	22880	248	NOT_VERIFIED
21	ecldata2.ecl	44	25812	241	NOT_VERIFIED
22	ecldata2.ecl	44	26056	242	NOT_VERIFIED
23	ecldata2.ecl	44	26300	244	NOT_VERIFIED
24	ecldata2.ecl	44	26544	248	NOT_VERIFIED
25	ecldata2.ecl	52	30196	241	NOT_VERIFIED
26	ecldata2.ecl	52	30440	242	NOT_VERIFIED
27	ecldata2.ecl	52	30684	244	NOT_VERIFIED
28	ecldata2.ecl	52	30928	248	NOT_VERIFIED
29	ecldata2.ecl	58	34256	242	NOT_VERIFIED
30	ecldata2.ecl	58	34500	244	NOT_VERIFIED
31	ecldata2.ecl	58	34744	248	NOT_VERIFIED
13	ecldata2sp.ecl	7	3360	241	NOT_VERIFIED
14	ecldata2sp.ecl	7	3604	242	NOT_VERIFIED
15	ecldata2sp.ecl	7	3848	244	NOT_VERIFIED
16	ecldata2sp.ecl	7	4092	248	NOT_VERIFIED
17	ecldata2sp.ecl	17	12128	241	NOT_VERIFIED
18	ecldata2sp.ecl	17	12372	242	NOT_VERIFIED
19	ecldata2sp.ecl	17	12616	244	NOT_VERIFIED
20	ecldata2sp.ecl	17	12860	248	NOT_VERIFIED
19	ecldata2sp.ecl	22	15500	244	NOT_VERIFIED
20	ecldata2sp.ecl	22	15744	248	NOT_VERIFIED
21	ecldata2sp.ecl	28	18676	241	NOT_VERIFIED
22	ecldata2sp.ecl	28	18920	242	NOT_VERIFIED
23	ecldata2sp.ecl	28	19164	244	NOT_VERIFIED
24	ecldata2sp.ecl	28	19408	248	NOT_VERIFIED
25	ecldata2sp.ecl	36	23060	241	NOT_VERIFIED
26	ecldata2sp.ecl	36	23304	242	NOT_VERIFIED
27	ecldata2sp.ecl	36	23548	244	NOT_VERIFIED
28	ecldata2sp.ecl	36	23792	248	NOT_VERIFIED
29	ecldata2sp.ecl	42	27120	242	NOT_VERIFIED
30	ecldata2sp.ecl	42	27364	244	NOT_VERIFIED
31	ecldata2sp.ecl	42	27608	248	NOT_VERIFIED
206	ecldata2sp.ecl	46	31036	255	NOT_VERIFIED
32	ecldata3.ecl	30	12488	241	NOT_VERIFIED
33	ecldata3.ecl	30	12732	242	NOT_VERIFIED
34	ecldata3.ecl	30	12976	244	NOT_VERIFIED
35	ecldata3.ecl	30	13220	248	NOT_VERIFIED
36	ecldata3.ecl	44	22124	242	NOT_VERIFIED
37	ecldata3.ecl	44	22368	244	NOT_VERIFIED
38	ecldata3.ecl	44	22612	248	NOT_VERIFIED
39	ecldata3.ecl	47	25272	241	NOT_VERIFIED
40	ecldata3.ecl	47	25516	242	NOT_VERIFIED
41	ecldata3.ecl	47	25760	244	NOT_VERIFIED
42	ecldata3.ecl	47	26004	248	NOT_VERIFIED
43	ecldata3.ecl	50	28752	255	NOT_VERIFIED
44	ecldata3.ecl	54	30476	255	NOT_VERIFIED
45	ecldata3.ecl	58	32796	255	NOT_VERIFIED
46	ecldata3.ecl	62	34692	255	NOT_VERIFIED
47	ecldata3.ecl	67	36548	241	NOT_VERIFIED
48	ecldata3.ecl	67	36792	242	NOT_VERIFIED
49	ecldata3.ecl	67	37036	244	NOT_VERIFIED
50	ecldata3.ecl	67	37280	248	NOT_VERIFIED
51	ecldata3.ecl	71	39868	242	NOT_VERIFIED
52	ecldata3.ecl	71	40112	244	NOT_VERIFIED
53	ecldata3.ecl	71	40356	248	NOT_VERIFIED
32	ecldata3sp.ecl	11	4204	241	NOT_VERIFIED
33	ecldata3sp.ecl	11	4448	242	NOT_VERIFIED
34	ecldata3sp.ecl	11	4692	244	NOT_VERIFIED
35	ecldata3sp.ecl	11	4936	248	NOT_VERIFIED
36	ecldata3sp.ecl	25	13840	242	NOT_VERIFIED
37	ecldata3sp.ecl	25	14084	244	NOT_VERIFIED
38	ecldata3sp.ecl	25	14328	248	NOT_VERIFIED
39	ecldata3sp.ecl	28	16988	241	NOT_VERIFIED
40	ecldata3sp.ecl	28	17232	242	NOT_VERIFIED
41	ecldata3sp.ecl	28	17476	244	NOT_VERIFIED
42	ecldata3sp.ecl	28	17720	248	NOT_VERIFIED
43	ecldata3sp.ecl	31	20468	255	NOT_VERIFIED
44	ecldata3sp.ecl	35	22192	255	NOT_VERIFIED
45	ecldata3sp.ecl	39	24512	255	NOT_VERIFIED
46	ecldata3sp.ecl	43	26408	255	NOT_VERIFIED
47	ecldata3sp.ecl	48	28264	241	NOT_VERIFIED
48	ecldata3sp.ecl	48	28508	242	NOT_VERIFIED
49	ecldata3sp.ecl	48	28752	244	NOT_VERIFIED
50	ecldata3sp.ecl	48	28996	248	NOT_VERIFIED
51	ecldata3sp.ecl	52	31584	242	NOT_VERIFIED
52	ecldata3sp.ecl	52	31828	244	NOT_VERIFIED
53	ecldata3sp.ecl	52	32072	248	NOT_VERIFIED
207	ecldata3sp.ecl	56	34180	255	NOT_VERIFIED
54	ecldata4a.ecl	28	17204	241	NOT_VERIFIED
55	ecldata4a.ecl	28	17448	242	NOT_VERIFIED
56	ecldata4a.ecl	28	17692	244	NOT_VERIFIED
57	ecldata4a.ecl	28	17936	248	NOT_VERIFIED
58	ecldata4a.ecl	30	19556	241	NOT_VERIFIED
59	ecldata4a.ecl	30	19800	242	NOT_VERIFIED
60	ecldata4a.ecl	30	20044	244	NOT_VERIFIED
61	ecldata4a.ecl	30	20288	248	NOT_VERIFIED
62	ecldata4a.ecl	33	21896	241	NOT_VERIFIED
63	ecldata4a.ecl	33	22140	242	NOT_VERIFIED
64	ecldata4a.ecl	33	22384	244	NOT_VERIFIED
65	ecldata4a.ecl	33	22628	248	NOT_VERIFIED
66	ecldata4a.ecl	41	28420	241	NOT_VERIFIED
67	ecldata4a.ecl	41	28664	242	NOT_VERIFIED
68	ecldata4a.ecl	41	28908	244	NOT_VERIFIED
69	ecldata4a.ecl	41	29152	248	NOT_VERIFIED
70	ecldata4a.ecl	46	32236	241	NOT_VERIFIED
71	ecldata4a.ecl	46	32480	242	NOT_VERIFIED
72	ecldata4a.ecl	46	32724	244	NOT_VERIFIED
73	ecldata4a.ecl	46	32968	248	NOT_VERIFIED
74	ecldata4a.ecl	54	36164	242	NOT_VERIFIED
75	ecldata4a.ecl	54	36408	244	NOT_VERIFIED
76	ecldata4a.ecl	54	36652	248	NOT_VERIFIED
54	ecldata4asp.ecl	13	12108	241	NOT_VERIFIED
55	ecldata4asp.ecl	13	12352	242	NOT_VERIFIED
56	ecldata4asp.ecl	13	12596	244	NOT_VERIFIED
57	ecldata4asp.ecl	13	12840	248	NOT_VERIFIED
58	ecldata4asp.ecl	15	14460	241	NOT_VERIFIED
59	ecldata4asp.ecl	15	14704	242	NOT_VERIFIED
60	ecldata4asp.ecl	15	14948	244	NOT_VERIFIED
61	ecldata4asp.ecl	15	15192	248	NOT_VERIFIED
62	ecldata4asp.ecl	18	16800	241	NOT_VERIFIED
63	ecldata4asp.ecl	18	17044	242	NOT_VERIFIED
64	ecldata4asp.ecl	18	17288	244	NOT_VERIFIED
65	ecldata4asp.ecl	18	17532	248	NOT_VERIFIED
66	ecldata4asp.ecl	26	23324	241	NOT_VERIFIED
67	ecldata4asp.ecl	26	23568	242	NOT_VERIFIED
68	ecldata4asp.ecl	26	23812	244	NOT_VERIFIED
69	ecldata4asp.ecl	26	24056	248	NOT_VERIFIED
70	ecldata4asp.ecl	31	27140	241	NOT_VERIFIED
71	ecldata4asp.ecl	31	27384	242	NOT_VERIFIED
72	ecldata4asp.ecl	31	27628	244	NOT_VERIFIED
73	ecldata4asp.ecl	31	27872	248	NOT_VERIFIED
74	ecldata4asp.ecl	39	31068	242	NOT_VERIFIED
75	ecldata4asp.ecl	39	31312	244	NOT_VERIFIED
76	ecldata4asp.ecl	39	31556	248	NOT_VERIFIED
214	ecldata4asp.ecl	43	33424	255	NOT_VERIFIED
77	ecldata4b.ecl	36	17728	241	NOT_VERIFIED
78	ecldata4b.ecl	36	17972	242	NOT_VERIFIED
79	ecldata4b.ecl	36	18216	244	NOT_VERIFIED
80	ecldata4b.ecl	36	18460	248	NOT_VERIFIED
81	ecldata4b.ecl	41	21680	241	NOT_VERIFIED
82	ecldata4b.ecl	41	21924	242	NOT_VERIFIED
83	ecldata4b.ecl	41	22168	244	NOT_VERIFIED
84	ecldata4b.ecl	41	22412	248	NOT_VERIFIED
85	ecldata4b.ecl	47	25820	241	NOT_VERIFIED
86	ecldata4b.ecl	47	26064	242	NOT_VERIFIED
87	ecldata4b.ecl	47	26308	244	NOT_VERIFIED
88	ecldata4b.ecl	47	26552	248	NOT_VERIFIED
89	ecldata4b.ecl	55	31228	241	NOT_VERIFIED
90	ecldata4b.ecl	55	31472	242	NOT_VERIFIED
91	ecldata4b.ecl	55	31716	244	NOT_VERIFIED
92	ecldata4b.ecl	55	31960	248	NOT_VERIFIED
93	ecldata4b.ecl	62	35908	241	NOT_VERIFIED
94	ecldata4b.ecl	62	36152	242	NOT_VERIFIED
95	ecldata4b.ecl	62	36396	244	NOT_VERIFIED
96	ecldata4b.ecl	62	36640	248	NOT_VERIFIED
97	ecldata4b.ecl	67	40872	242	NOT_VERIFIED
98	ecldata4b.ecl	67	41116	244	NOT_VERIFIED
99	ecldata4b.ecl	67	41360	248	NOT_VERIFIED
77	ecldata4bsp.ecl	21	12644	241	NOT_VERIFIED
78	ecldata4bsp.ecl	21	12888	242	NOT_VERIFIED
79	ecldata4bsp.ecl	21	13132	244	NOT_VERIFIED
80	ecldata4bsp.ecl	21	13376	248	NOT_VERIFIED
81	ecldata4bsp.ecl	26	16596	241	NOT_VERIFIED
82	ecldata4bsp.ecl	26	16840	242	NOT_VERIFIED
83	ecldata4bsp.ecl	26	17084	244	NOT_VERIFIED
84	ecldata4bsp.ecl	26	17328	248	NOT_VERIFIED
85	ecldata4bsp.ecl	32	20736	241	NOT_VERIFIED
86	ecldata4bsp.ecl	32	20980	242	NOT_VERIFIED
87	ecldata4bsp.ecl	32	21224	244	NOT_VERIFIED
88	ecldata4bsp.ecl	32	21468	248	NOT_VERIFIED
89	ecldata4bsp.ecl	40	26144	241	NOT_VERIFIED
90	ecldata4bsp.ecl	40	26388	242	NOT_VERIFIED
91	ecldata4bsp.ecl	40	26632	244	NOT_VERIFIED
92	ecldata4bsp.ecl	40	26876	248	NOT_VERIFIED
93	ecldata4bsp.ecl	47	30824	241	NOT_VERIFIED
94	ecldata4bsp.ecl	47	31068	242	NOT_VERIFIED
95	ecldata4bsp.ecl	47	31312	244	NOT_VERIFIED
96	ecldata4bsp.ecl	47	31556	248	NOT_VERIFIED
97	ecldata4bsp.ecl	52	35788	242	NOT_VERIFIED
98	ecldata4bsp.ecl	52	36032	244	NOT_VERIFIED
99	ecldata4bsp.ecl	52	36276	248	NOT_VERIFIED
215	ecldata4bsp.ecl	60	42300	255	NOT_VERIFIED
100	ecldata5.ecl	62	24624	241	NOT_VERIFIED
101	ecldata5.ecl	62	24868	242	NOT_VERIFIED
102	ecldata5.ecl	62	25112	244	NOT_VERIFIED
103	ecldata5.ecl	62	25356	248	NOT_VERIFIED
108	ecldata5.ecl	63	26752	241	NOT_VERIFIED
109	ecldata5.ecl	63	26996	242	NOT_VERIFIED
110	ecldata5.ecl	63	27240	244	NOT_VERIFIED
111	ecldata5.ecl	63	27484	248	NOT_VERIFIED
104	ecldata5.ecl	66	29408	241	NOT_VERIFIED
105	ecldata5.ecl	66	29652	242	NOT_VERIFIED
106	ecldata5.ecl	66	29896	244	NOT_VERIFIED
107	ecldata5.ecl	66	30140	248	NOT_VERIFIED
112	ecldata5.ecl	75	32688	241	NOT_VERIFIED
113	ecldata5.ecl	75	32932	242	NOT_VERIFIED
114	ecldata5.ecl	75	33176	244	NOT_VERIFIED
115	ecldata5.ecl	75	33420	248	NOT_VERIFIED
116	ecldata5.ecl	78	35320	242	NOT_VERIFIED
117	ecldata5.ecl	78	35564	244	NOT_VERIFIED
118	ecldata5.ecl	78	35808	248	NOT_VERIFIED
100	ecldata5sp.ecl	15	5756	241	NOT_VERIFIED
101	ecldata5sp.ecl	15	6000	242	NOT_VERIFIED
102	ecldata5sp.ecl	15	6244	244	NOT_VERIFIED
103	ecldata5sp.ecl	15	6488	248	NOT_VERIFIED
108	ecldata5sp.ecl	16	7884	241	NOT_VERIFIED
109	ecldata5sp.ecl	16	8128	242	NOT_VERIFIED
110	ecldata5sp.ecl	16	8372	244	NOT_VERIFIED
111	ecldata5sp.ecl	16	8616	248	NOT_VERIFIED
104	ecldata5sp.ecl	19	10540	241	NOT_VERIFIED
105	ecldata5sp.ecl	19	10784	242	NOT_VERIFIED
106	ecldata5sp.ecl	19	11028	244	NOT_VERIFIED
107	ecldata5sp.ecl	19	11272	248	NOT_VERIFIED
112	ecldata5sp.ecl	28	13820	241	NOT_VERIFIED
113	ecldata5sp.ecl	28	14064	242	NOT_VERIFIED
114	ecldata5sp.ecl	28	14308	244	NOT_VERIFIED
115	ecldata5sp.ecl	28	14552	248	NOT_VERIFIED
116	ecldata5sp.ecl	31	16452	242	NOT_VERIFIED
117	ecldata5sp.ecl	31	16696	244	NOT_VERIFIED
118	ecldata5sp.ecl	31	16940	248	NOT_VERIFIED
208	ecldata5sp.ecl	40	20584	255	NOT_VERIFIED
212	ecldata5sp.ecl	43	22448	255	NOT_VERIFIED
119	ecldata6.ecl	21	9904	241	NOT_VERIFIED
120	ecldata6.ecl	21	10148	242	NOT_VERIFIED
121	ecldata6.ecl	21	10392	244	NOT_VERIFIED
122	ecldata6.ecl	21	10636	248	NOT_VERIFIED
123	ecldata6.ecl	52	26112	241	NOT_VERIFIED
124	ecldata6.ecl	52	26356	242	NOT_VERIFIED
125	ecldata6.ecl	52	26600	244	NOT_VERIFIED
126	ecldata6.ecl	52	26844	248	NOT_VERIFIED
127	ecldata6.ecl	56	29048	241	NOT_VERIFIED
128	ecldata6.ecl	56	29292	242	NOT_VERIFIED
129	ecldata6.ecl	56	29536	244	NOT_VERIFIED
130	ecldata6.ecl	56	29780	248	NOT_VERIFIED
131	ecldata6.ecl	63	32820	241	NOT_VERIFIED
132	ecldata6.ecl	63	33064	242	NOT_VERIFIED
133	ecldata6.ecl	63	33308	244	NOT_VERIFIED
134	ecldata6.ecl	63	33552	248	NOT_VERIFIED
135	ecldata6.ecl	68	36272	241	NOT_VERIFIED
136	ecldata6.ecl	68	36516	242	NOT_VERIFIED
137	ecldata6.ecl	68	36760	244	NOT_VERIFIED
138	ecldata6.ecl	68	37004	248	NOT_VERIFIED
139	ecldata6.ecl	73	39832	241	NOT_VERIFIED
140	ecldata6.ecl	73	40076	242	NOT_VERIFIED
141	ecldata6.ecl	73	40320	244	NOT_VERIFIED
142	ecldata6.ecl	73	40564	248	NOT_VERIFIED
143	ecldata6.ecl	78	44224	241	NOT_VERIFIED
144	ecldata6.ecl	78	44468	242	NOT_VERIFIED
145	ecldata6.ecl	78	44712	244	NOT_VERIFIED
146	ecldata6.ecl	78	44956	248	NOT_VERIFIED
119	ecldata6sp.ecl	9	6452	241	NOT_VERIFIED
120	ecldata6sp.ecl	9	6696	242	NOT_VERIFIED
121	ecldata6sp.ecl	9	6940	244	NOT_VERIFIED
122	ecldata6sp.ecl	9	7184	248	NOT_VERIFIED
123	ecldata6sp.ecl	40	22660	241	NOT_VERIFIED
124	ecldata6sp.ecl	40	22904	242	NOT_VERIFIED
125	ecldata6sp.ecl	40	23148	244	NOT_VERIFIED
126	ecldata6sp.ecl	40	23392	248	NOT_VERIFIED
127	ecldata6sp.ecl	44	25596	241	NOT_VERIFIED
128	ecldata6sp.ecl	44	25840	242	NOT_VERIFIED
129	ecldata6sp.ecl	44	26084	244	NOT_VERIFIED
130	ecldata6sp.ecl	44	26328	248	NOT_VERIFIED
131	ecldata6sp.ecl	51	29368	241	NOT_VERIFIED
132	ecldata6sp.ecl	51	29612	242	NOT_VERIFIED
133	ecldata6sp.ecl	51	29856	244	NOT_VERIFIED
134	ecldata6sp.ecl	51	30100	248	NOT_VERIFIED
135	ecldata6sp.ecl	56	32820	241	NOT_VERIFIED
136	ecldata6sp.ecl	56	33064	242	NOT_VERIFIED
137	ecldata6sp.ecl	56	33308	244	NOT_VERIFIED
138	ecldata6sp.ecl	56	33552	248	NOT_VERIFIED
139	ecldata6sp.ecl	61	36380	241	NOT_VERIFIED
140	ecldata6sp.ecl	61	36624	242	NOT_VERIFIED
141	ecldata6sp.ecl	61	36868	244	NOT_VERIFIED
142	ecldata6sp.ecl	61	37112	248	NOT_VERIFIED
143	ecldata6sp.ecl	66	40772	241	NOT_VERIFIED
144	ecldata6sp.ecl	66	41016	242	NOT_VERIFIED
145	ecldata6sp.ecl	66	41260	244	NOT_VERIFIED
146	ecldata6sp.ecl	66	41504	248	NOT_VERIFIED
209	ecldata6sp.ecl	76	47692	255	NOT_VERIFIED
147	ecldata7.ecl	19	9416	241	NOT_VERIFIED
148	ecldata7.ecl	19	9660	242	NOT_VERIFIED
149	ecldata7.ecl	19	9904	244	NOT_VERIFIED
150	ecldata7.ecl	19	10148	248	NOT_VERIFIED
151	ecldata7.ecl	50	27580	241	NOT_VERIFIED
152	ecldata7.ecl	50	27824	242	NOT_VERIFIED
153	ecldata7.ecl	50	28068	244	NOT_VERIFIED
154	ecldata7.ecl	50	28312	248	NOT_VERIFIED
155	ecldata7.ecl	55	32264	241	NOT_VERIFIED
156	ecldata7.ecl	55	32508	242	NOT_VERIFIED
157	ecldata7.ecl	55	32752	244	NOT_VERIFIED
158	ecldata7.ecl	55	32996	248	NOT_VERIFIED
159	ecldata7.ecl	61	36528	241	NOT_VERIFIED
160	ecldata7.ecl	61	36772	242	NOT_VERIFIED
161	ecldata7.ecl	61	37016	244	NOT_VERIFIED
162	ecldata7.ecl	61	37260	248	NOT_VERIFIED
163	ecldata7.ecl	67	40436	241	NOT_VERIFIED
164	ecldata7.ecl	67	40680	242	NOT_VERIFIED
165	ecldata7.ecl	67	40924	244	NOT_VERIFIED
166	ecldata7.ecl	67	41168	248	NOT_VERIFIED
167	ecldata7.ecl	71	43652	241	NOT_VERIFIED
168	ecldata7.ecl	71	43896	242	NOT_VERIFIED
169	ecldata7.ecl	71	44140	244	NOT_VERIFIED
170	ecldata7.ecl	71	44384	248	NOT_VERIFIED
171	ecldata7.ecl	77	55272	241	NOT_VERIFIED
172	ecldata7.ecl	77	55516	242	NOT_VERIFIED
173	ecldata7.ecl	77	55760	244	NOT_VERIFIED
174	ecldata7.ecl	77	56004	248	NOT_VERIFIED
175	ecldata7.ecl	80	57100	241	NOT_VERIFIED
176	ecldata7.ecl	80	57344	242	NOT_VERIFIED
177	ecldata7.ecl	80	57588	244	NOT_VERIFIED
178	ecldata7.ecl	80	57832	248	NOT_VERIFIED
179	ecldata7.ecl	82	59036	241	NOT_VERIFIED
180	ecldata7.ecl	82	59280	242	NOT_VERIFIED
181	ecldata7.ecl	82	59524	244	NOT_VERIFIED
182	ecldata7.ecl	82	59768	248	NOT_VERIFIED
183	ecldata7.ecl	84	60852	241	NOT_VERIFIED
184	ecldata7.ecl	84	61096	242	NOT_VERIFIED
185	ecldata7.ecl	84	61340	244	NOT_VERIFIED
186	ecldata7.ecl	84	61584	248	NOT_VERIFIED
187	ecldata7.ecl	87	63048	241	NOT_VERIFIED
188	ecldata7.ecl	87	63292	242	NOT_VERIFIED
189	ecldata7.ecl	87	63536	244	NOT_VERIFIED
190	ecldata7.ecl	87	63780	248	NOT_VERIFIED
147	ecldata7sp.ecl	9	6464	241	NOT_VERIFIED
148	ecldata7sp.ecl	9	6708	242	NOT_VERIFIED
149	ecldata7sp.ecl	9	6952	244	NOT_VERIFIED
150	ecldata7sp.ecl	9	7196	248	NOT_VERIFIED
151	ecldata7sp.ecl	40	24628	241	NOT_VERIFIED
152	ecldata7sp.ecl	40	24872	242	NOT_VERIFIED
153	ecldata7sp.ecl	40	25116	244	NOT_VERIFIED
154	ecldata7sp.ecl	40	25360	248	NOT_VERIFIED
155	ecldata7sp.ecl	45	29312	241	NOT_VERIFIED
156	ecldata7sp.ecl	45	29556	242	NOT_VERIFIED
157	ecldata7sp.ecl	45	29800	244	NOT_VERIFIED
158	ecldata7sp.ecl	45	30044	248	NOT_VERIFIED
159	ecldata7sp.ecl	51	33576	241	NOT_VERIFIED
160	ecldata7sp.ecl	51	33820	242	NOT_VERIFIED
161	ecldata7sp.ecl	51	34064	244	NOT_VERIFIED
162	ecldata7sp.ecl	51	34308	248	NOT_VERIFIED
163	ecldata7sp.ecl	57	37484	241	NOT_VERIFIED
164	ecldata7sp.ecl	57	37728	242	NOT_VERIFIED
165	ecldata7sp.ecl	57	37972	244	NOT_VERIFIED
166	ecldata7sp.ecl	57	38216	248	NOT_VERIFIED
167	ecldata7sp.ecl	61	40700	241	NOT_VERIFIED
168	ecldata7sp.ecl	61	40944	242	NOT_VERIFIED
169	ecldata7sp.ecl	61	41188	244	NOT_VERIFIED
170	ecldata7sp.ecl	61	41432	248	NOT_VERIFIED
171	ecldata7sp.ecl	67	52320	241	NOT_VERIFIED
172	ecldata7sp.ecl	67	52564	242	NOT_VERIFIED
173	ecldata7sp.ecl	67	52808	244	NOT_VERIFIED
174	ecldata7sp.ecl	67	53052	248	NOT_VERIFIED
175	ecldata7sp.ecl	70	54148	241	NOT_VERIFIED
176	ecldata7sp.ecl	70	54392	242	NOT_VERIFIED
177	ecldata7sp.ecl	70	54636	244	NOT_VERIFIED
178	ecldata7sp.ecl	70	54880	248	NOT_VERIFIED
179	ecldata7sp.ecl	72	56084	241	NOT_VERIFIED
180	ecldata7sp.ecl	72	56328	242	NOT_VERIFIED
181	ecldata7sp.ecl	72	56572	244	NOT_VERIFIED
182	ecldata7sp.ecl	72	56816	248	NOT_VERIFIED
183	ecldata7sp.ecl	74	57900	241	NOT_VERIFIED
184	ecldata7sp.ecl	74	58144	242	NOT_VERIFIED
185	ecldata7sp.ecl	74	58388	244	NOT_VERIFIED
186	ecldata7sp.ecl	74	58632	248	NOT_VERIFIED
187	ecldata7sp.ecl	77	60096	241	NOT_VERIFIED
188	ecldata7sp.ecl	77	60340	242	NOT_VERIFIED
189	ecldata7sp.ecl	77	60584	244	NOT_VERIFIED
190	ecldata7sp.ecl	77	60828	248	NOT_VERIFIED
210	ecldata7sp.ecl	79	63600	255	NOT_VERIFIED
191	ecldata8.ecl	51	16292	255	NOT_VERIFIED
192	ecldata8.ecl	56	19644	255	NOT_VERIFIED
193	ecldata8.ecl	60	21920	255	NOT_VERIFIED
194	ecldata8.ecl	93	40900	255	NOT_VERIFIED
195	ecldata8.ecl	97	42496	255	NOT_VERIFIED
196	ecldata8.ecl	100	47072	255	NOT_VERIFIED
197	ecldata8.ecl	103	48192	255	NOT_VERIFIED
198	ecldata8.ecl	108	50368	255	NOT_VERIFIED
199	ecldata8.ecl	113	52104	255	NOT_VERIFIED
200	ecldata8.ecl	118	54064	255	NOT_VERIFIED
201	ecldata8.ecl	126	56512	255	NOT_VERIFIED
202	ecldata8.ecl	131	59236	255	NOT_VERIFIED
203	ecldata8.ecl	143	62920	255	NOT_VERIFIED
204	ecldata8.ecl	149	64744	255	NOT_VERIFIED
191	ecldata8sp.ecl	5	4920	255	NOT_VERIFIED
192	ecldata8sp.ecl	10	8272	255	NOT_VERIFIED
193	ecldata8sp.ecl	14	10548	255	NOT_VERIFIED
194	ecldata8sp.ecl	47	29528	255	NOT_VERIFIED
195	ecldata8sp.ecl	51	31124	255	NOT_VERIFIED
196	ecldata8sp.ecl	54	35700	255	NOT_VERIFIED
197	ecldata8sp.ecl	57	36820	255	NOT_VERIFIED
198	ecldata8sp.ecl	62	38996	255	NOT_VERIFIED
199	ecldata8sp.ecl	67	40732	255	NOT_VERIFIED
200	ecldata8sp.ecl	72	42692	255	NOT_VERIFIED
201	ecldata8sp.ecl	80	45140	255	NOT_VERIFIED
202	ecldata8sp.ecl	85	47864	255	NOT_VERIFIED
203	ecldata8sp.ecl	97	51548	255	NOT_VERIFIED
204	ecldata8sp.ecl	103	53372	255	NOT_VERIFIED
211	ecldata8sp.ecl	110	63916	255	NOT_VERIFIED
213	ecldata8sp.ecl	113	69580	255	NOT_VERIFIED
218	ecldata_al.ecl	1	516	255	NOT_VERIFIED
219	ecldata_rm.ecl	1	516	255	NOT_VERIFIED
216	ecldata_sk.ecl	1	548	255	NOT_VERIFIED
221	ecldata_yk.ecl	4	3900	255	NOT_VERIFIED
217	ecldata_ym.ecl	1	540	255	NOT_VERIFIED
220	ecldata_yy.ecl	1	528	255	NOT_VERIFIED
