file	sub	start	end	instructions	reference_world
ecldata1.ecl	0	284	1136	36	NOT_IMPLEMENTED
ecldata1.ecl	1	1136	1820	25	NOT_IMPLEMENTED
ecldata1.ecl	2	1820	1964	7	NOT_IMPLEMENTED
ecldata1.ecl	3	1964	2648	25	NOT_IMPLEMENTED
ecldata1.ecl	4	2648	2792	7	NOT_IMPLEMENTED
ecldata1.ecl	5	2792	3292	18	NOT_IMPLEMENTED
ecldata1.ecl	6	3292	3416	5	NOT_IMPLEMENTED
ecldata1.ecl	7	3416	3584	6	NOT_IMPLEMENTED
ecldata1.ecl	8	3584	3796	7	NOT_IMPLEMENTED
ecldata1.ecl	9	3796	4096	9	NOT_IMPLEMENTED
ecldata1.ecl	10	4096	4320	11	NOT_IMPLEMENTED
ecldata1.ecl	11	4320	4820	18	NOT_IMPLEMENTED
ecldata1.ecl	12	4820	5044	11	NOT_IMPLEMENTED
ecldata1.ecl	13	5044	5268	11	NOT_IMPLEMENTED
ecldata1.ecl	14	5268	5496	10	NOT_IMPLEMENTED
ecldata1.ecl	15	5496	6068	24	NOT_IMPLEMENTED
ecldata1.ecl	16	6068	11100	142	NOT_IMPLEMENTED
ecldata1.ecl	17	11100	11404	10	NOT_IMPLEMENTED
ecldata1.ecl	18	11404	11544	8	NOT_IMPLEMENTED
ecldata1.ecl	19	11544	11940	16	NOT_IMPLEMENTED
ecldata1.ecl	20	11940	12336	16	NOT_IMPLEMENTED
ecldata1.ecl	21	12336	12556	6	NOT_IMPLEMENTED
ecldata1.ecl	22	12556	14088	53	NOT_IMPLEMENTED
ecldata1.ecl	23	14088	14764	25	NOT_IMPLEMENTED
ecldata1.ecl	24	14764	14980	12	NOT_IMPLEMENTED
ecldata1.ecl	25	14980	15216	12	NOT_IMPLEMENTED
ecldata1.ecl	26	15216	16644	68	NOT_IMPLEMENTED
ecldata1.ecl	27	16644	18648	57	NOT_IMPLEMENTED
ecldata1.ecl	28	18648	18800	7	NOT_IMPLEMENTED
ecldata1.ecl	29	18800	19084	9	NOT_IMPLEMENTED
ecldata1.ecl	30	19084	19496	17	NOT_IMPLEMENTED
ecldata1.ecl	31	19496	19608	4	NOT_IMPLEMENTED
ecldata1.ecl	32	19608	19980	16	NOT_IMPLEMENTED
ecldata1.ecl	33	19980	21076	50	NOT_IMPLEMENTED
ecldata1.ecl	34	21076	21380	10	NOT_IMPLEMENTED
ecldata1.ecl	35	21380	22148	31	NOT_IMPLEMENTED
ecldata1.ecl	36	22148	22548	18	NOT_IMPLEMENTED
ecldata1.ecl	37	22548	22960	21	NOT_IMPLEMENTED
ecldata1.ecl	38	22960	25352	78	NOT_IMPLEMENTED
ecldata1.ecl	39	25352	25500	6	NOT_IMPLEMENTED
ecldata1.ecl	40	25500	26444	27	NOT_IMPLEMENTED
ecldata1.ecl	41	26444	27388	27	NOT_IMPLEMENTED
ecldata1.ecl	42	27388	27836	19	NOT_IMPLEMENTED
ecldata1.ecl	43	27836	28068	12	NOT_IMPLEMENTED
ecldata1.ecl	44	28068	29768	40	NOT_IMPLEMENTED
ecldata1.ecl	45	29768	30084	14	NOT_IMPLEMENTED
ecldata1.ecl	46	30084	30464	17	NOT_IMPLEMENTED
ecldata1.ecl	47	30464	32884	71	NOT_IMPLEMENTED
ecldata1.ecl	48	32884	34200	33	NOT_IMPLEMENTED
ecldata1.ecl	49	34200	36620	71	NOT_IMPLEMENTED
ecldata1.ecl	50	36620	37676	47	NOT_IMPLEMENTED
ecldata1.ecl	51	37676	38776	49	NOT_IMPLEMENTED
ecldata1.ecl	52	38776	39960	53	NOT_IMPLEMENTED
ecldata1sp.ecl	0	244	472	10	NOT_IMPLEMENTED
ecldata1sp.ecl	1	472	1044	24	NOT_IMPLEMENTED
ecldata1sp.ecl	2	1044	6076	142	NOT_IMPLEMENTED
ecldata1sp.ecl	3	6076	6380	10	NOT_IMPLEMENTED
ecldata1sp.ecl	4	6380	6520	8	NOT_IMPLEMENTED
ecldata1sp.ecl	5	6520	6916	16	NOT_IMPLEMENTED
ecldata1sp.ecl	6	6916	7312	16	NOT_IMPLEMENTED
ecldata1sp.ecl	7	7312	7532	6	NOT_IMPLEMENTED
ecldata1sp.ecl	8	7532	9064	53	NOT_IMPLEMENTED
ecldata1sp.ecl	9	9064	9740	25	NOT_IMPLEMENTED
ecldata1sp.ecl	10	9740	9956	12	NOT_IMPLEMENTED
ecldata1sp.ecl	11	9956	10192	12	NOT_IMPLEMENTED
ecldata1sp.ecl	12	10192	11620	68	NOT_IMPLEMENTED
ecldata1sp.ecl	13	11620	13624	57	NOT_IMPLEMENTED
ecldata1sp.ecl	14	13624	13776	7	NOT_IMPLEMENTED
ecldata1sp.ecl	15	13776	14060	9	NOT_IMPLEMENTED
ecldata1sp.ecl	16	14060	14472	17	NOT_IMPLEMENTED
ecldata1sp.ecl	17	14472	14584	4	NOT_IMPLEMENTED
ecldata1sp.ecl	18	14584	14956	16	NOT_IMPLEMENTED
ecldata1sp.ecl	19	14956	16052	50	NOT_IMPLEMENTED
ecldata1sp.ecl	20	16052	16356	10	NOT_IMPLEMENTED
ecldata1sp.ecl	21	16356	17124	31	NOT_IMPLEMENTED
ecldata1sp.ecl	22	17124	17524	18	NOT_IMPLEMENTED
ecldata1sp.ecl	23	17524	17936	21	NOT_IMPLEMENTED
ecldata1sp.ecl	24	17936	20328	78	NOT_IMPLEMENTED
ecldata1sp.ecl	25	20328	20476	6	NOT_IMPLEMENTED
ecldata1sp.ecl	26	20476	21420	27	NOT_IMPLEMENTED
ecldata1sp.ecl	27	21420	22364	27	NOT_IMPLEMENTED
ecldata1sp.ecl	28	22364	22812	19	NOT_IMPLEMENTED
ecldata1sp.ecl	29	22812	23044	12	NOT_IMPLEMENTED
ecldata1sp.ecl	30	23044	24744	40	NOT_IMPLEMENTED
ecldata1sp.ecl	31	24744	25060	14	NOT_IMPLEMENTED
ecldata1sp.ecl	32	25060	25440	17	NOT_IMPLEMENTED
ecldata1sp.ecl	33	25440	27860	71	NOT_IMPLEMENTED
ecldata1sp.ecl	34	27860	29176	33	NOT_IMPLEMENTED
ecldata1sp.ecl	35	29176	31596	71	NOT_IMPLEMENTED
ecldata1sp.ecl	36	31596	32548	36	NOT_IMPLEMENTED
ecldata1sp.ecl	37	32548	34964	71	NOT_IMPLEMENTED
ecldata1sp.ecl	38	34964	35300	12	NOT_IMPLEMENTED
ecldata1sp.ecl	39	35300	36356	47	NOT_IMPLEMENTED
ecldata1sp.ecl	40	36356	37456	49	NOT_IMPLEMENTED
ecldata1sp.ecl	41	37456	38640	53	NOT_IMPLEMENTED
ecldata1sp.ecl	42	38640	39684	51	NOT_IMPLEMENTED
ecldata2.ecl	0	332	372	2	NOT_IMPLEMENTED
ecldata2.ecl	1	372	692	16	NOT_IMPLEMENTED
ecldata2.ecl	2	692	1072	18	NOT_IMPLEMENTED
ecldata2.ecl	3	1072	1452	18	NOT_IMPLEMENTED
ecldata2.ecl	4	1452	2236	27	NOT_IMPLEMENTED
ecldata2.ecl	5	2236	2416	10	NOT_IMPLEMENTED
ecldata2.ecl	6	2416	3200	27	NOT_IMPLEMENTED
ecldata2.ecl	7	3200	3716	23	NOT_IMPLEMENTED
ecldata2.ecl	8	3716	3924	6	NOT_IMPLEMENTED
ecldata2.ecl	9	3924	4356	16	NOT_IMPLEMENTED
ecldata2.ecl	10	4356	4504	7	NOT_IMPLEMENTED
ecldata2.ecl	11	4504	5364	32	NOT_IMPLEMENTED
ecldata2.ecl	12	5364	5572	11	NOT_IMPLEMENTED
ecldata2.ecl	13	5572	6456	32	NOT_IMPLEMENTED
ecldata2.ecl	14	6456	7160	26	NOT_IMPLEMENTED
ecldata2.ecl	15	7160	7420	14	NOT_IMPLEMENTED
ecldata2.ecl	16	7420	7648	10	NOT_IMPLEMENTED
ecldata2.ecl	17	7648	8156	21	NOT_IMPLEMENTED
ecldata2.ecl	18	8156	8756	21	NOT_IMPLEMENTED
ecldata2.ecl	19	8756	9584	39	NOT_IMPLEMENTED
ecldata2.ecl	20	9584	9980	19	NOT_IMPLEMENTED
ecldata2.ecl	21	9980	10096	6	NOT_IMPLEMENTED
ecldata2.ecl	22	10096	10316	12	NOT_IMPLEMENTED
ecldata2.ecl	23	10316	11948	38	NOT_IMPLEMENTED
ecldata2.ecl	24	11948	12868	33	NOT_IMPLEMENTED
ecldata2.ecl	25	12868	13108	12	NOT_IMPLEMENTED
ecldata2.ecl	26	13108	14012	30	NOT_IMPLEMENTED
ecldata2.ecl	27	14012	15204	50	NOT_IMPLEMENTED
ecldata2.ecl	28	15204	15640	20	NOT_IMPLEMENTED
ecldata2.ecl	29	15640	17328	70	NOT_IMPLEMENTED
ecldata2.ecl	30	17328	17796	22	NOT_IMPLEMENTED
ecldata2.ecl	31	17796	18672	31	NOT_IMPLEMENTED
ecldata2.ecl	32	18672	19084	21	NOT_IMPLEMENTED
ecldata2.ecl	33	19084	20660	34	NOT_IMPLEMENTED
ecldata2.ecl	34	20660	21084	17	NOT_IMPLEMENTED
ecldata2.ecl	35	21084	21488	17	NOT_IMPLEMENTED
ecldata2.ecl	36	21488	22112	23	NOT_IMPLEMENTED
ecldata2.ecl	37	22112	22456	17	NOT_IMPLEMENTED
ecldata2.ecl	38	22456	23476	29	NOT_IMPLEMENTED
ecldata2.ecl	39	23476	23900	17	NOT_IMPLEMENTED
ecldata2.ecl	40	23900	24304	17	NOT_IMPLEMENTED
ecldata2.ecl	41	24304	24400	3	NOT_IMPLEMENTED
ecldata2.ecl	42	24400	25260	33	NOT_IMPLEMENTED
ecldata2.ecl	43	25260	25600	17	NOT_IMPLEMENTED
ecldata2.ecl	44	25600	27960	65	NOT_IMPLEMENTED
ecldata2.ecl	45	27960	28108	4	NOT_IMPLEMENTED
ecldata2.ecl	46	28108	28484	12	NOT_IMPLEMENTED
ecldata2.ecl	47	28484	28784	17	NOT_IMPLEMENTED
ecldata2.ecl	48	28784	29160	12	NOT_IMPLEMENTED
ecldata2.ecl	49	29160	29480	18	NOT_IMPLEMENTED
ecldata2.ecl	50	29480	29856	12	NOT_IMPLEMENTED
ecldata2.ecl	51	29856	30016	9	NOT_IMPLEMENTED
ecldata2.ecl	52	30016	32308	61	NOT_IMPLEMENTED
ecldata2.ecl	53	32308	32400	4	NOT_IMPLEMENTED
ecldata2.ecl	54	32400	33036	18	NOT_IMPLEMENTED
ecldata2.ecl	55	33036	33336	17	NOT_IMPLEMENTED
ecldata2.ecl	56	33336	33924	19	NOT_IMPLEMENTED
ecldata2.ecl	57	33924	34076	7	NOT_IMPLEMENTED
ecldata2.ecl	58	34076	36200	63	NOT_IMPLEMENTED
ecldata2.ecl	59	36200	36656	21	NOT_IMPLEMENTED
ecldata2.ecl	60	36656	37120	14	NOT_IMPLEMENTED
ecldata2.ecl	61	37120	37992	31	NOT_IMPLEMENTED
ecldata2.ecl	62	37992	39048	47	NOT_IMPLEMENTED
ecldata2.ecl	63	39048	40148	49	NOT_IMPLEMENTED
ecldata2.ecl	64	40148	41332	53	NOT_IMPLEMENTED
ecldata2sp.ecl	0	284	512	10	NOT_IMPLEMENTED
ecldata2sp.ecl	1	512	1020	21	NOT_IMPLEMENTED
ecldata2sp.ecl	2	1020	1620	21	NOT_IMPLEMENTED
ecldata2sp.ecl	3	1620	2448	39	NOT_IMPLEMENTED
ecldata2sp.ecl	4	2448	2844	19	NOT_IMPLEMENTED
ecldata2sp.ecl	5	2844	2960	6	NOT_IMPLEMENTED
ecldata2sp.ecl	6	2960	3180	12	NOT_IMPLEMENTED
ecldata2sp.ecl	7	3180	4812	38	NOT_IMPLEMENTED
ecldata2sp.ecl	8	4812	5732	33	NOT_IMPLEMENTED
ecldata2sp.ecl	9	5732	5972	12	NOT_IMPLEMENTED
ecldata2sp.ecl	10	5972	6876	30	NOT_IMPLEMENTED
ecldata2sp.ecl	11	6876	8068	50	NOT_IMPLEMENTED
ecldata2sp.ecl	12	8068	8504	20	NOT_IMPLEMENTED
ecldata2sp.ecl	13	8504	10192	70	NOT_IMPLEMENTED
ecldata2sp.ecl	14	10192	10660	22	NOT_IMPLEMENTED
ecldata2sp.ecl	15	10660	11536	31	NOT_IMPLEMENTED
ecldata2sp.ecl	16	11536	11948	21	NOT_IMPLEMENTED
ecldata2sp.ecl	17	11948	13524	34	NOT_IMPLEMENTED
ecldata2sp.ecl	18	13524	13948	17	NOT_IMPLEMENTED
ecldata2sp.ecl	19	13948	14352	17	NOT_IMPLEMENTED
ecldata2sp.ecl	20	14352	14976	23	NOT_IMPLEMENTED
ecldata2sp.ecl	21	14976	15320	17	NOT_IMPLEMENTED
ecldata2sp.ecl	22	15320	16340	29	NOT_IMPLEMENTED
ecldata2sp.ecl	23	16340	16764	17	NOT_IMPLEMENTED
ecldata2sp.ecl	24	16764	17168	17	NOT_IMPLEMENTED
ecldata2sp.ecl	25	17168	17264	3	NOT_IMPLEMENTED
ecldata2sp.ecl	26	17264	18124	33	NOT_IMPLEMENTED
ecldata2sp.ecl	27	18124	18464	17	NOT_IMPLEMENTED
ecldata2sp.ecl	28	18464	20824	65	NOT_IMPLEMENTED
ecldata2sp.ecl	29	20824	20972	4	NOT_IMPLEMENTED
ecldata2sp.ecl	30	20972	21348	12	NOT_IMPLEMENTED
ecldata2sp.ecl	31	21348	21648	17	NOT_IMPLEMENTED
ecldata2sp.ecl	32	21648	22024	12	NOT_IMPLEMENTED
ecldata2sp.ecl	33	22024	22344	18	NOT_IMPLEMENTED
ecldata2sp.ecl	34	22344	22720	12	NOT_IMPLEMENTED
ecldata2sp.ecl	35	22720	22880	9	NOT_IMPLEMENTED
ecldata2sp.ecl	36	22880	25172	61	NOT_IMPLEMENTED
ecldata2sp.ecl	37	25172	25264	4	NOT_IMPLEMENTED
ecldata2sp.ecl	38	25264	25900	18	NOT_IMPLEMENTED
ecldata2sp.ecl	39	25900	26200	17	NOT_IMPLEMENTED
ecldata2sp.ecl	40	26200	26788	19	NOT_IMPLEMENTED
ecldata2sp.ecl	41	26788	26940	7	NOT_IMPLEMENTED
ecldata2sp.ecl	42	26940	29064	63	NOT_IMPLEMENTED
ecldata2sp.ecl	43	29064	29520	21	NOT_IMPLEMENTED
ecldata2sp.ecl	44	29520	29984	14	NOT_IMPLEMENTED
ecldata2sp.ecl	45	29984	30856	31	NOT_IMPLEMENTED
ecldata2sp.ecl	46	30856	31420	18	NOT_IMPLEMENTED
ecldata2sp.ecl	47	31420	31708	10	NOT_IMPLEMENTED
ecldata2sp.ecl	48	31708	32788	45	NOT_IMPLEMENTED
ecldata2sp.ecl	49	32788	33844	47	NOT_IMPLEMENTED
ecldata2sp.ecl	50	33844	34944	49	NOT_IMPLEMENTED
ecldata2sp.ecl	51	34944	36128	53	NOT_IMPLEMENTED
ecldata2sp.ecl	52	36128	37388	61	NOT_IMPLEMENTED
ecldata3.ecl	0	384	1432	34	NOT_IMPLEMENTED
ecldata3.ecl	1	1432	1632	6	NOT_IMPLEMENTED
ecldata3.ecl	2	1632	2152	18	NOT_IMPLEMENTED
ecldata3.ecl	3	2152	2312	8	NOT_IMPLEMENTED
ecldata3.ecl	4	2312	2832	18	NOT_IMPLEMENTED
ecldata3.ecl	5	2832	3352	18	NOT_IMPLEMENTED
ecldata3.ecl	6	3352	3872	18	NOT_IMPLEMENTED
ecldata3.ecl	7	3872	4324	16	NOT_IMPLEMENTED
ecldata3.ecl	8	4324	5124	25	NOT_IMPLEMENTED
ecldata3.ecl	9	5124	5236	6	NOT_IMPLEMENTED
ecldata3.ecl	10	5236	5600	15	NOT_IMPLEMENTED
ecldata3.ecl	11	5600	5712	4	NOT_IMPLEMENTED
ecldata3.ecl	12	5712	6076	15	NOT_IMPLEMENTED
ecldata3.ecl	13	6076	6556	19	NOT_IMPLEMENTED
ecldata3.ecl	14	6556	7036	19	NOT_IMPLEMENTED
ecldata3.ecl	15	7036	7436	15	NOT_IMPLEMENTED
ecldata3.ecl	16	7436	7632	11	NOT_IMPLEMENTED
ecldata3.ecl	17	7632	8456	36	NOT_IMPLEMENTED
ecldata3.ecl	18	8456	8612	8	NOT_IMPLEMENTED
ecldata3.ecl	19	8612	8840	10	NOT_IMPLEMENTED
ecldata3.ecl	20	8840	9348	21	NOT_IMPLEMENTED
ecldata3.ecl	21	9348	10272	37	NOT_IMPLEMENTED
ecldata3.ecl	22	10272	10524	11	NOT_IMPLEMENTED
ecldata3.ecl	23	10524	11344	32	NOT_IMPLEMENTED
ecldata3.ecl	24	11344	11488	8	NOT_IMPLEMENTED
ecldata3.ecl	25	11488	11588	5	NOT_IMPLEMENTED
ecldata3.ecl	26	11588	11748	9	NOT_IMPLEMENTED
ecldata3.ecl	27	11748	11876	7	NOT_IMPLEMENTED
ecldata3.ecl	28	11876	12012	7	NOT_IMPLEMENTED
ecldata3.ecl	29	12012	12216	11	NOT_IMPLEMENTED
ecldata3.ecl	30	12216	14560	63	NOT_IMPLEMENTED
ecldata3.ecl	31	14560	14664	4	NOT_IMPLEMENTED
ecldata3.ecl	32	14664	15052	16	NOT_IMPLEMENTED
ecldata3.ecl	33	15052	15360	15	NOT_IMPLEMENTED
ecldata3.ecl	34	15360	15596	12	NOT_IMPLEMENTED
ecldata3.ecl	35	15596	16792	50	NOT_IMPLEMENTED
ecldata3.ecl	36	16792	17692	36	NOT_IMPLEMENTED
ecldata3.ecl	37	17692	17836	8	NOT_IMPLEMENTED
ecldata3.ecl	38	17836	19412	68	NOT_IMPLEMENTED
ecldata3.ecl	39	19412	20312	36	NOT_IMPLEMENTED
ecldata3.ecl	40	20312	20456	8	NOT_IMPLEMENTED
ecldata3.ecl	41	20456	21356	36	NOT_IMPLEMENTED
ecldata3.ecl	42	21356	21500	8	NOT_IMPLEMENTED
ecldata3.ecl	43	21500	21912	21	NOT_IMPLEMENTED
ecldata3.ecl	44	21912	24156	77	NOT_IMPLEMENTED
ecldata3.ecl	45	24156	24940	34	NOT_IMPLEMENTED
ecldata3.ecl	46	24940	25060	7	NOT_IMPLEMENTED
ecldata3.ecl	47	25060	27340	58	NOT_IMPLEMENTED
ecldata3.ecl	48	27340	27632	14	NOT_IMPLEMENTED
ecldata3.ecl	49	27632	28540	30	NOT_IMPLEMENTED
ecldata3.ecl	50	28540	29700	46	NOT_IMPLEMENTED
ecldata3.ecl	51	29700	29848	4	NOT_IMPLEMENTED
ecldata3.ecl	52	29848	30096	12	NOT_IMPLEMENTED
ecldata3.ecl	53	30096	30264	6	NOT_IMPLEMENTED
ecldata3.ecl	54	30264	32008	73	NOT_IMPLEMENTED
ecldata3.ecl	55	32008	32156	4	NOT_IMPLEMENTED
ecldata3.ecl	56	32156	32396	12	NOT_IMPLEMENTED
ecldata3.ecl	57	32396	32584	7	NOT_IMPLEMENTED
ecldata3.ecl	58	32584	33768	47	NOT_IMPLEMENTED
ecldata3.ecl	59	33768	33916	4	NOT_IMPLEMENTED
ecldata3.ecl	60	33916	34156	12	NOT_IMPLEMENTED
ecldata3.ecl	61	34156	34480	12	NOT_IMPLEMENTED
ecldata3.ecl	62	34480	35640	46	NOT_IMPLEMENTED
ecldata3.ecl	63	35640	35800	5	NOT_IMPLEMENTED
ecldata3.ecl	64	35800	36048	12	NOT_IMPLEMENTED
ecldata3.ecl	65	36048	36216	6	NOT_IMPLEMENTED
ecldata3.ecl	66	36216	36336	7	NOT_IMPLEMENTED
ecldata3.ecl	67	36336	38336	49	NOT_IMPLEMENTED
ecldata3.ecl	68	38336	38840	24	NOT_IMPLEMENTED
ecldata3.ecl	69	38840	39132	14	NOT_IMPLEMENTED
ecldata3.ecl	70	39132	39688	23	NOT_IMPLEMENTED
ecldata3.ecl	71	39688	41412	46	NOT_IMPLEMENTED
ecldata3.ecl	72	41412	41836	20	NOT_IMPLEMENTED
ecldata3.ecl	73	41836	42128	14	NOT_IMPLEMENTED
ecldata3.ecl	74	42128	42284	5	NOT_IMPLEMENTED
ecldata3.ecl	75	42284	43340	47	NOT_IMPLEMENTED
ecldata3.ecl	76	43340	44440	49	NOT_IMPLEMENTED
ecldata3.ecl	77	44440	45624	53	NOT_IMPLEMENTED
ecldata3sp.ecl	0	328	556	10	NOT_IMPLEMENTED
ecldata3sp.ecl	1	556	1064	21	NOT_IMPLEMENTED
ecldata3sp.ecl	2	1064	1988	37	NOT_IMPLEMENTED
ecldata3sp.ecl	3	1988	2240	11	NOT_IMPLEMENTED
ecldata3sp.ecl	4	2240	3060	32	NOT_IMPLEMENTED
ecldata3sp.ecl	5	3060	3204	8	NOT_IMPLEMENTED
ecldata3sp.ecl	6	3204	3304	5	NOT_IMPLEMENTED
ecldata3sp.ecl	7	3304	3464	9	NOT_IMPLEMENTED
ecldata3sp.ecl	8	3464	3592	7	NOT_IMPLEMENTED
ecldata3sp.ecl	9	3592	3728	7	NOT_IMPLEMENTED
ecldata3sp.ecl	10	3728	3932	11	NOT_IMPLEMENTED
ecldata3sp.ecl	11	3932	6276	63	NOT_IMPLEMENTED
ecldata3sp.ecl	12	6276	6380	4	NOT_IMPLEMENTED
ecldata3sp.ecl	13	6380	6768	16	NOT_IMPLEMENTED
ecldata3sp.ecl	14	6768	7076	15	NOT_IMPLEMENTED
ecldata3sp.ecl	15	7076	7312	12	NOT_IMPLEMENTED
ecldata3sp.ecl	16	7312	8508	50	NOT_IMPLEMENTED
ecldata3sp.ecl	17	8508	9408	36	NOT_IMPLEMENTED
ecldata3sp.ecl	18	9408	9552	8	NOT_IMPLEMENTED
ecldata3sp.ecl	19	9552	11128	68	NOT_IMPLEMENTED
ecldata3sp.ecl	20	11128	12028	36	NOT_IMPLEMENTED
ecldata3sp.ecl	21	12028	12172	8	NOT_IMPLEMENTED
ecldata3sp.ecl	22	12172	13072	36	NOT_IMPLEMENTED
ecldata3sp.ecl	23	13072	13216	8	NOT_IMPLEMENTED
ecldata3sp.ecl	24	13216	13628	21	NOT_IMPLEMENTED
ecldata3sp.ecl	25	13628	15872	77	NOT_IMPLEMENTED
ecldata3sp.ecl	26	15872	16656	34	NOT_IMPLEMENTED
ecldata3sp.ecl	27	16656	16776	7	NOT_IMPLEMENTED
ecldata3sp.ecl	28	16776	19056	58	NOT_IMPLEMENTED
ecldata3sp.ecl	29	19056	19348	14	NOT_IMPLEMENTED
ecldata3sp.ecl	30	19348	20256	30	NOT_IMPLEMENTED
ecldata3sp.ecl	31	20256	21416	46	NOT_IMPLEMENTED
ecldata3sp.ecl	32	21416	21564	4	NOT_IMPLEMENTED
ecldata3sp.ecl	33	21564	21812	12	NOT_IMPLEMENTED
ecldata3sp.ecl	34	21812	21980	6	NOT_IMPLEMENTED
ecldata3sp.ecl	35	21980	23724	73	NOT_IMPLEMENTED
ecldata3sp.ecl	36	23724	23872	4	NOT_IMPLEMENTED
ecldata3sp.ecl	37	23872	24112	12	NOT_IMPLEMENTED
ecldata3sp.ecl	38	24112	24300	7	NOT_IMPLEMENTED
ecldata3sp.ecl	39	24300	25484	47	NOT_IMPLEMENTED
ecldata3sp.ecl	40	25484	25632	4	NOT_IMPLEMENTED
ecldata3sp.ecl	41	25632	25872	12	NOT_IMPLEMENTED
ecldata3sp.ecl	42	25872	26196	12	NOT_IMPLEMENTED
ecldata3sp.ecl	43	26196	27356	46	NOT_IMPLEMENTED
ecldata3sp.ecl	44	27356	27516	5	NOT_IMPLEMENTED
ecldata3sp.ecl	45	27516	27764	12	NOT_IMPLEMENTED
ecldata3sp.ecl	46	27764	27932	6	NOT_IMPLEMENTED
ecldata3sp.ecl	47	27932	28052	7	NOT_IMPLEMENTED
ecldata3sp.ecl	48	28052	30052	49	NOT_IMPLEMENTED
ecldata3sp.ecl	49	30052	30556	24	NOT_IMPLEMENTED
ecldata3sp.ecl	50	30556	30848	14	NOT_IMPLEMENTED
ecldata3sp.ecl	51	30848	31404	23	NOT_IMPLEMENTED
ecldata3sp.ecl	52	31404	33128	46	NOT_IMPLEMENTED
ecldata3sp.ecl	53	33128	33552	20	NOT_IMPLEMENTED
ecldata3sp.ecl	54	33552	33844	14	NOT_IMPLEMENTED
ecldata3sp.ecl	55	33844	34000	5	NOT_IMPLEMENTED
ecldata3sp.ecl	56	34000	35236	44	NOT_IMPLEMENTED
ecldata3sp.ecl	57	35236	35724	20	NOT_IMPLEMENTED
ecldata3sp.ecl	58	35724	36016	14	NOT_IMPLEMENTED
ecldata3sp.ecl	59	36016	36344	10	NOT_IMPLEMENTED
ecldata3sp.ecl	60	36344	37400	47	NOT_IMPLEMENTED
ecldata3sp.ecl	61	37400	38500	49	NOT_IMPLEMENTED
ecldata3sp.ecl	62	38500	39684	53	NOT_IMPLEMENTED
ecldata3sp.ecl	63	39684	41268	76	NOT_IMPLEMENTED
ecldata4a.ecl	0	316	532	11	NOT_IMPLEMENTED
ecldata4a.ecl	1	532	1168	27	NOT_IMPLEMENTED
ecldata4a.ecl	2	1168	1680	22	NOT_IMPLEMENTED
ecldata4a.ecl	3	1680	1876	10	NOT_IMPLEMENTED
ecldata4a.ecl	4	1876	2092	8	NOT_IMPLEMENTED
ecldata4a.ecl	5	2092	2628	19	NOT_IMPLEMENTED
ecldata4a.ecl	6	2628	2788	8	NOT_IMPLEMENTED
ecldata4a.ecl	7	2788	3632	35	NOT_IMPLEMENTED
ecldata4a.ecl	8	3632	3812	9	NOT_IMPLEMENTED
ecldata4a.ecl	9	3812	4128	13	NOT_IMPLEMENTED
ecldata4a.ecl	10	4128	4308	9	NOT_IMPLEMENTED
ecldata4a.ecl	11	4308	4708	18	NOT_IMPLEMENTED
ecldata4a.ecl	12	4708	4904	10	NOT_IMPLEMENTED
ecldata4a.ecl	13	4904	5328	20	NOT_IMPLEMENTED
ecldata4a.ecl	14	5328	5376	3	NOT_IMPLEMENTED
ecldata4a.ecl	15	5376	5604	10	NOT_IMPLEMENTED
ecldata4a.ecl	16	5604	5824	11	NOT_IMPLEMENTED
ecldata4a.ecl	17	5824	8336	106	NOT_IMPLEMENTED
ecldata4a.ecl	18	8336	8524	10	NOT_IMPLEMENTED
ecldata4a.ecl	19	8524	10888	104	NOT_IMPLEMENTED
ecldata4a.ecl	20	10888	11076	10	NOT_IMPLEMENTED
ecldata4a.ecl	21	11076	11296	10	NOT_IMPLEMENTED
ecldata4a.ecl	22	11296	11484	11	NOT_IMPLEMENTED
ecldata4a.ecl	23	11484	11624	8	NOT_IMPLEMENTED
ecldata4a.ecl	24	11624	11840	11	NOT_IMPLEMENTED
ecldata4a.ecl	25	11840	14040	86	NOT_IMPLEMENTED
ecldata4a.ecl	26	14040	16560	103	NOT_IMPLEMENTED
ecldata4a.ecl	27	16560	16964	21	NOT_IMPLEMENTED
ecldata4a.ecl	28	16964	18904	51	NOT_IMPLEMENTED
ecldata4a.ecl	29	18904	19316	19	NOT_IMPLEMENTED
ecldata4a.ecl	30	19316	21392	56	NOT_IMPLEMENTED
ecldata4a.ecl	31	21392	21484	4	NOT_IMPLEMENTED
ecldata4a.ecl	32	21484	21596	6	NOT_IMPLEMENTED
ecldata4a.ecl	33	21596	23684	63	NOT_IMPLEMENTED
ecldata4a.ecl	34	23684	24768	27	NOT_IMPLEMENTED
ecldata4a.ecl	35	24768	25852	27	NOT_IMPLEMENTED
ecldata4a.ecl	36	25852	26700	44	NOT_IMPLEMENTED
ecldata4a.ecl	37	26700	27596	35	NOT_IMPLEMENTED
ecldata4a.ecl	38	27596	27784	10	NOT_IMPLEMENTED
ecldata4a.ecl	39	27784	28016	13	NOT_IMPLEMENTED
ecldata4a.ecl	40	28016	28180	8	NOT_IMPLEMENTED
ecldata4a.ecl	41	28180	30492	62	NOT_IMPLEMENTED
ecldata4a.ecl	42	30492	30692	10	NOT_IMPLEMENTED
ecldata4a.ecl	43	30692	30844	7	NOT_IMPLEMENTED
ecldata4a.ecl	44	30844	31784	27	NOT_IMPLEMENTED
ecldata4a.ecl	45	31784	32044	14	NOT_IMPLEMENTED
ecldata4a.ecl	46	32044	34144	54	NOT_IMPLEMENTED
ecldata4a.ecl	47	34144	34384	12	NOT_IMPLEMENTED
ecldata4a.ecl	48	34384	34608	11	NOT_IMPLEMENTED
ecldata4a.ecl	49	34608	34976	12	NOT_IMPLEMENTED
ecldata4a.ecl	50	34976	35320	11	NOT_IMPLEMENTED
ecldata4a.ecl	51	35320	35580	8	NOT_IMPLEMENTED
ecldata4a.ecl	52	35580	35840	8	NOT_IMPLEMENTED
ecldata4a.ecl	53	35840	35908	3	NOT_IMPLEMENTED
ecldata4a.ecl	54	35908	37324	36	NOT_IMPLEMENTED
ecldata4a.ecl	55	37324	37708	10	NOT_IMPLEMENTED
ecldata4a.ecl	56	37708	37904	6	NOT_IMPLEMENTED
ecldata4a.ecl	57	37904	38312	19	NOT_IMPLEMENTED
ecldata4a.ecl	58	38312	39368	47	NOT_IMPLEMENTED
ecldata4a.ecl	59	39368	40468	49	NOT_IMPLEMENTED
ecldata4a.ecl	60	40468	41652	53	NOT_IMPLEMENTED
ecldata4asp.ecl	0	280	508	10	NOT_IMPLEMENTED
ecldata4asp.ecl	1	508	728	11	NOT_IMPLEMENTED
ecldata4asp.ecl	2	728	3240	106	NOT_IMPLEMENTED
ecldata4asp.ecl	3	3240	3428	10	NOT_IMPLEMENTED
ecldata4asp.ecl	4	3428	5792	104	NOT_IMPLEMENTED
ecldata4asp.ecl	5	5792	5980	10	NOT_IMPLEMENTED
ecldata4asp.ecl	6	5980	6200	10	NOT_IMPLEMENTED
ecldata4asp.ecl	7	6200	6388	11	NOT_IMPLEMENTED
ecldata4asp.ecl	8	6388	6528	8	NOT_IMPLEMENTED
ecldata4asp.ecl	9	6528	6744	11	NOT_IMPLEMENTED
ecldata4asp.ecl	10	6744	8944	86	NOT_IMPLEMENTED
ecldata4asp.ecl	11	8944	11464	103	NOT_IMPLEMENTED
ecldata4asp.ecl	12	11464	11868	21	NOT_IMPLEMENTED
ecldata4asp.ecl	13	11868	13808	51	NOT_IMPLEMENTED
ecldata4asp.ecl	14	13808	14220	19	NOT_IMPLEMENTED
ecldata4asp.ecl	15	14220	16296	56	NOT_IMPLEMENTED
ecldata4asp.ecl	16	16296	16388	4	NOT_IMPLEMENTED
ecldata4asp.ecl	17	16388	16500	6	NOT_IMPLEMENTED
ecldata4asp.ecl	18	16500	18588	63	NOT_IMPLEMENTED
ecldata4asp.ecl	19	18588	19672	27	NOT_IMPLEMENTED
ecldata4asp.ecl	20	19672	20756	27	NOT_IMPLEMENTED
ecldata4asp.ecl	21	20756	21604	44	NOT_IMPLEMENTED
ecldata4asp.ecl	22	21604	22500	35	NOT_IMPLEMENTED
ecldata4asp.ecl	23	22500	22688	10	NOT_IMPLEMENTED
ecldata4asp.ecl	24	22688	22920	13	NOT_IMPLEMENTED
ecldata4asp.ecl	25	22920	23084	8	NOT_IMPLEMENTED
ecldata4asp.ecl	26	23084	25396	62	NOT_IMPLEMENTED
ecldata4asp.ecl	27	25396	25596	10	NOT_IMPLEMENTED
ecldata4asp.ecl	28	25596	25748	7	NOT_IMPLEMENTED
ecldata4asp.ecl	29	25748	26688	27	NOT_IMPLEMENTED
ecldata4asp.ecl	30	26688	26948	14	NOT_IMPLEMENTED
ecldata4asp.ecl	31	26948	29048	54	NOT_IMPLEMENTED
ecldata4asp.ecl	32	29048	29288	12	NOT_IMPLEMENTED
ecldata4asp.ecl	33	29288	29512	11	NOT_IMPLEMENTED
ecldata4asp.ecl	34	29512	29880	12	NOT_IMPLEMENTED
ecldata4asp.ecl	35	29880	30224	11	NOT_IMPLEMENTED
ecldata4asp.ecl	36	30224	30484	8	NOT_IMPLEMENTED
ecldata4asp.ecl	37	30484	30744	8	NOT_IMPLEMENTED
ecldata4asp.ecl	38	30744	30812	3	NOT_IMPLEMENTED
ecldata4asp.ecl	39	30812	32228	36	NOT_IMPLEMENTED
ecldata4asp.ecl	40	32228	32612	10	NOT_IMPLEMENTED
ecldata4asp.ecl	41	32612	32808	6	NOT_IMPLEMENTED
ecldata4asp.ecl	42	32808	33216	19	NOT_IMPLEMENTED
ecldata4asp.ecl	43	33216	34736	60	NOT_IMPLEMENTED
ecldata4asp.ecl	44	34736	34936	10	NOT_IMPLEMENTED
ecldata4asp.ecl	45	34936	35088	7	NOT_IMPLEMENTED
ecldata4asp.ecl	46	35088	35964	25	NOT_IMPLEMENTED
ecldata4asp.ecl	47	35964	37020	47	NOT_IMPLEMENTED
ecldata4asp.ecl	48	37020	38120	49	NOT_IMPLEMENTED
ecldata4asp.ecl	49	38120	39304	53	NOT_IMPLEMENTED
ecldata4asp.ecl	50	39304	40564	61	NOT_IMPLEMENTED
ecldata4asp.ecl	51	40564	41752	53	NOT_IMPLEMENTED
ecldata4b.ecl	0	384	600	11	NOT_IMPLEMENTED
ecldata4b.ecl	1	600	1236	27	NOT_IMPLEMENTED
ecldata4b.ecl	2	1236	1748	22	NOT_IMPLEMENTED
ecldata4b.ecl	3	1748	1944	10	NOT_IMPLEMENTED
ecldata4b.ecl	4	1944	2160	8	NOT_IMPLEMENTED
ecldata4b.ecl	5	2160	2696	19	NOT_IMPLEMENTED
ecldata4b.ecl	6	2696	2856	8	NOT_IMPLEMENTED
ecldata4b.ecl	7	2856	3700	35	NOT_IMPLEMENTED
ecldata4b.ecl	8	3700	3880	9	NOT_IMPLEMENTED
ecldata4b.ecl	9	3880	4196	13	NOT_IMPLEMENTED
ecldata4b.ecl	10	4196	4376	9	NOT_IMPLEMENTED
ecldata4b.ecl	11	4376	4776	18	NOT_IMPLEMENTED
ecldata4b.ecl	12	4776	4972	10	NOT_IMPLEMENTED
ecldata4b.ecl	13	4972	5396	20	NOT_IMPLEMENTED
ecldata4b.ecl	14	5396	5444	3	NOT_IMPLEMENTED
ecldata4b.ecl	15	5444	5672	10	NOT_IMPLEMENTED
ecldata4b.ecl	16	5672	5892	11	NOT_IMPLEMENTED
ecldata4b.ecl	17	5892	6952	46	NOT_IMPLEMENTED
ecldata4b.ecl	18	6952	7100	4	NOT_IMPLEMENTED
ecldata4b.ecl	19	7100	7620	21	NOT_IMPLEMENTED
ecldata4b.ecl	20	7620	9008	55	NOT_IMPLEMENTED
ecldata4b.ecl	21	9008	9300	15	NOT_IMPLEMENTED
ecldata4b.ecl	22	9300	10456	51	NOT_IMPLEMENTED
ecldata4b.ecl	23	10456	11264	36	NOT_IMPLEMENTED
ecldata4b.ecl	24	11264	11556	15	NOT_IMPLEMENTED
ecldata4b.ecl	25	11556	11744	11	NOT_IMPLEMENTED
ecldata4b.ecl	26	11744	11884	8	NOT_IMPLEMENTED
ecldata4b.ecl	27	11884	12080	10	NOT_IMPLEMENTED
ecldata4b.ecl	28	12080	13432	58	NOT_IMPLEMENTED
ecldata4b.ecl	29	13432	14012	24	NOT_IMPLEMENTED
ecldata4b.ecl	30	14012	14288	14	NOT_IMPLEMENTED
ecldata4b.ecl	31	14288	15648	62	NOT_IMPLEMENTED
ecldata4b.ecl	32	15648	16020	16	NOT_IMPLEMENTED
ecldata4b.ecl	33	16020	16312	15	NOT_IMPLEMENTED
ecldata4b.ecl	34	16312	17084	32	NOT_IMPLEMENTED
ecldata4b.ecl	35	17084	17488	21	NOT_IMPLEMENTED
ecldata4b.ecl	36	17488	19220	39	NOT_IMPLEMENTED
ecldata4b.ecl	37	19220	19752	24	NOT_IMPLEMENTED
ecldata4b.ecl	38	19752	21044	56	NOT_IMPLEMENTED
ecldata4b.ecl	39	21044	21164	4	NOT_IMPLEMENTED
ecldata4b.ecl	40	21164	21440	14	NOT_IMPLEMENTED
ecldata4b.ecl	41	21440	23724	62	NOT_IMPLEMENTED
ecldata4b.ecl	42	23724	24000	10	NOT_IMPLEMENTED
ecldata4b.ecl	43	24000	24276	10	NOT_IMPLEMENTED
ecldata4b.ecl	44	24276	24552	10	NOT_IMPLEMENTED
ecldata4b.ecl	45	24552	24628	2	NOT_IMPLEMENTED
ecldata4b.ecl	46	24628	25520	40	NOT_IMPLEMENTED
ecldata4b.ecl	47	25520	27904	68	NOT_IMPLEMENTED
ecldata4b.ecl	48	27904	28256	13	NOT_IMPLEMENTED
ecldata4b.ecl	49	28256	28872	23	NOT_IMPLEMENTED
ecldata4b.ecl	50	28872	29488	23	NOT_IMPLEMENTED
ecldata4b.ecl	51	29488	30260	30	NOT_IMPLEMENTED
ecldata4b.ecl	52	30260	30592	17	NOT_IMPLEMENTED
ecldata4b.ecl	53	30592	30824	13	NOT_IMPLEMENTED
ecldata4b.ecl	54	30824	30988	8	NOT_IMPLEMENTED
ecldata4b.ecl	55	30988	33676	75	NOT_IMPLEMENTED
ecldata4b.ecl	56	33676	34532	28	NOT_IMPLEMENTED
ecldata4b.ecl	57	34532	34788	13	NOT_IMPLEMENTED
ecldata4b.ecl	58	34788	35004	11	NOT_IMPLEMENTED
ecldata4b.ecl	59	35004	35220	11	NOT_IMPLEMENTED
ecldata4b.ecl	60	35220	35436	11	NOT_IMPLEMENTED
ecldata4b.ecl	61	35436	35716	15	NOT_IMPLEMENTED
ecldata4b.ecl	62	35716	39276	122	NOT_IMPLEMENTED
ecldata4b.ecl	63	39276	39844	18	NOT_IMPLEMENTED
ecldata4b.ecl	64	39844	40236	14	NOT_IMPLEMENTED
ecldata4b.ecl	65	40236	40536	12	NOT_IMPLEMENTED
ecldata4b.ecl	66	40536	40624	4	NOT_IMPLEMENTED
ecldata4b.ecl	67	40624	42500	55	NOT_IMPLEMENTED
ecldata4b.ecl	68	42500	42916	15	NOT_IMPLEMENTED
ecldata4b.ecl	69	42916	43332	15	NOT_IMPLEMENTED
ecldata4b.ecl	70	43332	44284	46	NOT_IMPLEMENTED
ecldata4b.ecl	71	44284	45208	45	NOT_IMPLEMENTED
ecldata4b.ecl	72	45208	46132	45	NOT_IMPLEMENTED
ecldata4b.ecl	73	46132	47056	45	NOT_IMPLEMENTED
ecldata4b.ecl	74	47056	47148	4	NOT_IMPLEMENTED
ecldata4b.ecl	75	47148	48204	47	NOT_IMPLEMENTED
ecldata4b.ecl	76	48204	49304	49	NOT_IMPLEMENTED
ecldata4b.ecl	77	49304	50488	53	NOT_IMPLEMENTED
ecldata4bsp.ecl	0	360	588	10	NOT_IMPLEMENTED
ecldata4bsp.ecl	1	588	808	11	NOT_IMPLEMENTED
ecldata4bsp.ecl	2	808	1868	46	NOT_IMPLEMENTED
ecldata4bsp.ecl	3	1868	2016	4	NOT_IMPLEMENTED
ecldata4bsp.ecl	4	2016	2536	21	NOT_IMPLEMENTED
ecldata4bsp.ecl	5	2536	3924	55	NOT_IMPLEMENTED
ecldata4bsp.ecl	6	3924	4216	15	NOT_IMPLEMENTED
ecldata4bsp.ecl	7	4216	5372	51	NOT_IMPLEMENTED
ecldata4bsp.ecl	8	5372	6180	36	NOT_IMPLEMENTED
ecldata4bsp.ecl	9	6180	6472	15	NOT_IMPLEMENTED
ecldata4bsp.ecl	10	6472	6660	11	NOT_IMPLEMENTED
ecldata4bsp.ecl	11	6660	6800	8	NOT_IMPLEMENTED
ecldata4bsp.ecl	12	6800	6996	10	NOT_IMPLEMENTED
ecldata4bsp.ecl	13	6996	8348	58	NOT_IMPLEMENTED
ecldata4bsp.ecl	14	8348	8928	24	NOT_IMPLEMENTED
ecldata4bsp.ecl	15	8928	9204	14	NOT_IMPLEMENTED
ecldata4bsp.ecl	16	9204	10564	62	NOT_IMPLEMENTED
ecldata4bsp.ecl	17	10564	10936	16	NOT_IMPLEMENTED
ecldata4bsp.ecl	18	10936	11228	15	NOT_IMPLEMENTED
ecldata4bsp.ecl	19	11228	12000	32	NOT_IMPLEMENTED
ecldata4bsp.ecl	20	12000	12404	21	NOT_IMPLEMENTED
ecldata4bsp.ecl	21	12404	14136	39	NOT_IMPLEMENTED
ecldata4bsp.ecl	22	14136	14668	24	NOT_IMPLEMENTED
ecldata4bsp.ecl	23	14668	15960	56	NOT_IMPLEMENTED
ecldata4bsp.ecl	24	15960	16080	4	NOT_IMPLEMENTED
ecldata4bsp.ecl	25	16080	16356	14	NOT_IMPLEMENTED
ecldata4bsp.ecl	26	16356	18640	62	NOT_IMPLEMENTED
ecldata4bsp.ecl	27	18640	18916	10	NOT_IMPLEMENTED
ecldata4bsp.ecl	28	18916	19192	10	NOT_IMPLEMENTED
ecldata4bsp.ecl	29	19192	19468	10	NOT_IMPLEMENTED
ecldata4bsp.ecl	30	19468	19544	2	NOT_IMPLEMENTED
ecldata4bsp.ecl	31	19544	20436	40	NOT_IMPLEMENTED
ecldata4bsp.ecl	32	20436	22820	68	NOT_IMPLEMENTED
ecldata4bsp.ecl	33	22820	23172	13	NOT_IMPLEMENTED
ecldata4bsp.ecl	34	23172	23788	23	NOT_IMPLEMENTED
ecldata4bsp.ecl	35	23788	24404	23	NOT_IMPLEMENTED
ecldata4bsp.ecl	36	24404	25176	30	NOT_IMPLEMENTED
ecldata4bsp.ecl	37	25176	25508	17	NOT_IMPLEMENTED
ecldata4bsp.ecl	38	25508	25740	13	NOT_IMPLEMENTED
ecldata4bsp.ecl	39	25740	25904	8	NOT_IMPLEMENTED
ecldata4bsp.ecl	40	25904	28592	75	NOT_IMPLEMENTED
ecldata4bsp.ecl	41	28592	29448	28	NOT_IMPLEMENTED
ecldata4bsp.ecl	42	29448	29704	13	NOT_IMPLEMENTED
ecldata4bsp.ecl	43	29704	29920	11	NOT_IMPLEMENTED
ecldata4bsp.ecl	44	29920	30136	11	NOT_IMPLEMENTED
ecldata4bsp.ecl	45	30136	30352	11	NOT_IMPLEMENTED
ecldata4bsp.ecl	46	30352	30632	15	NOT_IMPLEMENTED
ecldata4bsp.ecl	47	30632	34192	122	NOT_IMPLEMENTED
ecldata4bsp.ecl	48	34192	34760	18	NOT_IMPLEMENTED
ecldata4bsp.ecl	49	34760	35152	14	NOT_IMPLEMENTED
ecldata4bsp.ecl	50	35152	35452	12	NOT_IMPLEMENTED
ecldata4bsp.ecl	51	35452	35540	4	NOT_IMPLEMENTED
ecldata4bsp.ecl	52	35540	37416	55	NOT_IMPLEMENTED
ecldata4bsp.ecl	53	37416	37832	15	NOT_IMPLEMENTED
ecldata4bsp.ecl	54	37832	38248	15	NOT_IMPLEMENTED
ecldata4bsp.ecl	55	38248	39200	46	NOT_IMPLEMENTED
ecldata4bsp.ecl	56	39200	40124	45	NOT_IMPLEMENTED
ecldata4bsp.ecl	57	40124	41048	45	NOT_IMPLEMENTED
ecldata4bsp.ecl	58	41048	41972	45	NOT_IMPLEMENTED
ecldata4bsp.ecl	59	41972	42064	4	NOT_IMPLEMENTED
ecldata4bsp.ecl	60	42064	43656	60	NOT_IMPLEMENTED
ecldata4bsp.ecl	61	43656	43992	11	NOT_IMPLEMENTED
ecldata4bsp.ecl	62	43992	44132	6	NOT_IMPLEMENTED
ecldata4bsp.ecl	63	44132	44408	14	NOT_IMPLEMENTED
ecldata4bsp.ecl	64	44408	44644	12	NOT_IMPLEMENTED
ecldata4bsp.ecl	65	44644	44880	12	NOT_IMPLEMENTED
ecldata4bsp.ecl	66	44880	45116	12	NOT_IMPLEMENTED
ecldata4bsp.ecl	67	45116	46172	47	NOT_IMPLEMENTED
ecldata4bsp.ecl	68	46172	47272	49	NOT_IMPLEMENTED
ecldata4bsp.ecl	69	47272	48456	53	NOT_IMPLEMENTED
ecldata4bsp.ecl	70	48456	50036	77	NOT_IMPLEMENTED
ecldata4bsp.ecl	71	50036	50124	4	NOT_IMPLEMENTED
ecldata5.ecl	0	432	812	18	NOT_IMPLEMENTED
ecldata5.ecl	1	812	888	2	NOT_IMPLEMENTED
ecldata5.ecl	2	888	2120	50	NOT_IMPLEMENTED
ecldata5.ecl	3	2120	2300	9	NOT_IMPLEMENTED
ecldata5.ecl	4	2300	2476	6	NOT_IMPLEMENTED
ecldata5.ecl	5	2476	2656	9	NOT_IMPLEMENTED
ecldata5.ecl	6	2656	2896	10	NOT_IMPLEMENTED
ecldata5.ecl	7	2896	3076	9	NOT_IMPLEMENTED
ecldata5.ecl	8	3076	3316	10	NOT_IMPLEMENTED
ecldata5.ecl	9	3316	4548	50	NOT_IMPLEMENTED
ecldata5.ecl	10	4548	5412	36	NOT_IMPLEMENTED
ecldata5.ecl	11	5412	5592	9	NOT_IMPLEMENTED
ecldata5.ecl	12	5592	5788	8	NOT_IMPLEMENTED
ecldata5.ecl	13	5788	5968	9	NOT_IMPLEMENTED
ecldata5.ecl	14	5968	6288	14	NOT_IMPLEMENTED
ecldata5.ecl	15	6288	7520	50	NOT_IMPLEMENTED
ecldata5.ecl	16	7520	7716	10	NOT_IMPLEMENTED
ecldata5.ecl	17	7716	7852	5	NOT_IMPLEMENTED
ecldata5.ecl	18	7852	8048	10	NOT_IMPLEMENTED
ecldata5.ecl	19	8048	8288	10	NOT_IMPLEMENTED
ecldata5.ecl	20	8288	8484	10	NOT_IMPLEMENTED
ecldata5.ecl	21	8484	8724	10	NOT_IMPLEMENTED
ecldata5.ecl	22	8724	9956	50	NOT_IMPLEMENTED
ecldata5.ecl	23	9956	10152	10	NOT_IMPLEMENTED
ecldata5.ecl	24	10152	10288	5	NOT_IMPLEMENTED
ecldata5.ecl	25	10288	10484	10	NOT_IMPLEMENTED
ecldata5.ecl	26	10484	10804	14	NOT_IMPLEMENTED
ecldata5.ecl	27	10804	11000	10	NOT_IMPLEMENTED
ecldata5.ecl	28	11000	11320	14	NOT_IMPLEMENTED
ecldata5.ecl	29	11320	11504	10	NOT_IMPLEMENTED
ecldata5.ecl	30	11504	11992	21	NOT_IMPLEMENTED
ecldata5.ecl	31	11992	12176	10	NOT_IMPLEMENTED
ecldata5.ecl	32	12176	12744	23	NOT_IMPLEMENTED
ecldata5.ecl	33	12744	12792	3	NOT_IMPLEMENTED
ecldata5.ecl	34	12792	13136	14	NOT_IMPLEMENTED
ecldata5.ecl	35	13136	13296	8	NOT_IMPLEMENTED
ecldata5.ecl	36	13296	13640	14	NOT_IMPLEMENTED
ecldata5.ecl	37	13640	13868	10	NOT_IMPLEMENTED
ecldata5.ecl	38	13868	14344	21	NOT_IMPLEMENTED
ecldata5.ecl	39	14344	15268	34	NOT_IMPLEMENTED
ecldata5.ecl	40	15268	16080	33	NOT_IMPLEMENTED
ecldata5.ecl	41	16080	16892	33	NOT_IMPLEMENTED
ecldata5.ecl	42	16892	17004	6	NOT_IMPLEMENTED
ecldata5.ecl	43	17004	17084	4	NOT_IMPLEMENTED
ecldata5.ecl	44	17084	17180	5	NOT_IMPLEMENTED
ecldata5.ecl	45	17180	17812	30	NOT_IMPLEMENTED
ecldata5.ecl	46	17812	18596	31	NOT_IMPLEMENTED
ecldata5.ecl	47	18596	19380	31	NOT_IMPLEMENTED
ecldata5.ecl	48	19380	19616	12	NOT_IMPLEMENTED
ecldata5.ecl	49	19616	19852	12	NOT_IMPLEMENTED
ecldata5.ecl	50	19852	19904	2	NOT_IMPLEMENTED
ecldata5.ecl	51	19904	20456	24	NOT_IMPLEMENTED
ecldata5.ecl	52	20456	20864	15	NOT_IMPLEMENTED
ecldata5.ecl	53	20864	21568	32	NOT_IMPLEMENTED
ecldata5.ecl	54	21568	22048	19	NOT_IMPLEMENTED
ecldata5.ecl	55	22048	22192	8	NOT_IMPLEMENTED
ecldata5.ecl	56	22192	23128	41	NOT_IMPLEMENTED
ecldata5.ecl	57	23128	23564	19	NOT_IMPLEMENTED
ecldata5.ecl	58	23564	23708	5	NOT_IMPLEMENTED
ecldata5.ecl	59	23708	23888	10	NOT_IMPLEMENTED
ecldata5.ecl	60	23888	24320	22	NOT_IMPLEMENTED
ecldata5.ecl	61	24320	24412	4	NOT_IMPLEMENTED
ecldata5.ecl	62	24412	26540	56	NOT_IMPLEMENTED
ecldata5.ecl	63	26540	28680	54	NOT_IMPLEMENTED
ecldata5.ecl	64	28680	28864	10	NOT_IMPLEMENTED
ecldata5.ecl	65	28864	29196	12	NOT_IMPLEMENTED
ecldata5.ecl	66	29196	30884	41	NOT_IMPLEMENTED
ecldata5.ecl	67	30884	31396	23	NOT_IMPLEMENTED
ecldata5.ecl	68	31396	31620	12	NOT_IMPLEMENTED
ecldata5.ecl	69	31620	31736	3	NOT_IMPLEMENTED
ecldata5.ecl	70	31736	31852	3	NOT_IMPLEMENTED
ecldata5.ecl	71	31852	32092	13	NOT_IMPLEMENTED
ecldata5.ecl	72	32092	32208	3	NOT_IMPLEMENTED
ecldata5.ecl	73	32208	32324	3	NOT_IMPLEMENTED
ecldata5.ecl	74	32324	32476	9	NOT_IMPLEMENTED
ecldata5.ecl	75	32476	34796	66	NOT_IMPLEMENTED
ecldata5.ecl	76	34796	34992	5	NOT_IMPLEMENTED
ecldata5.ecl	77	34992	35140	8	NOT_IMPLEMENTED
ecldata5.ecl	78	35140	36956	58	NOT_IMPLEMENTED
ecldata5.ecl	79	36956	37376	18	NOT_IMPLEMENTED
ecldata5.ecl	80	37376	37796	18	NOT_IMPLEMENTED
ecldata5.ecl	81	37796	38000	11	NOT_IMPLEMENTED
ecldata5.ecl	82	38000	38416	17	NOT_IMPLEMENTED
ecldata5.ecl	83	38416	38620	11	NOT_IMPLEMENTED
ecldata5.ecl	84	38620	39036	17	NOT_IMPLEMENTED
ecldata5.ecl	85	39036	39216	8	NOT_IMPLEMENTED
ecldata5.ecl	86	39216	39272	3	NOT_IMPLEMENTED
ecldata5.ecl	87	39272	40328	47	NOT_IMPLEMENTED
ecldata5.ecl	88	40328	41428	49	NOT_IMPLEMENTED
ecldata5.ecl	89	41428	42612	53	NOT_IMPLEMENTED
ecldata5sp.ecl	0	284	512	10	NOT_IMPLEMENTED
ecldata5sp.ecl	1	512	748	12	NOT_IMPLEMENTED
ecldata5sp.ecl	2	748	984	12	NOT_IMPLEMENTED
ecldata5sp.ecl	3	984	1036	2	NOT_IMPLEMENTED
ecldata5sp.ecl	4	1036	1588	24	NOT_IMPLEMENTED
ecldata5sp.ecl	5	1588	1996	15	NOT_IMPLEMENTED
ecldata5sp.ecl	6	1996	2700	32	NOT_IMPLEMENTED
ecldata5sp.ecl	7	2700	3180	19	NOT_IMPLEMENTED
ecldata5sp.ecl	8	3180	3324	8	NOT_IMPLEMENTED
ecldata5sp.ecl	9	3324	4260	41	NOT_IMPLEMENTED
ecldata5sp.ecl	10	4260	4696	19	NOT_IMPLEMENTED
ecldata5sp.ecl	11	4696	4840	5	NOT_IMPLEMENTED
ecldata5sp.ecl	12	4840	5020	10	NOT_IMPLEMENTED
ecldata5sp.ecl	13	5020	5452	22	NOT_IMPLEMENTED
ecldata5sp.ecl	14	5452	5544	4	NOT_IMPLEMENTED
ecldata5sp.ecl	15	5544	7672	56	NOT_IMPLEMENTED
ecldata5sp.ecl	16	7672	9812	54	NOT_IMPLEMENTED
ecldata5sp.ecl	17	9812	9996	10	NOT_IMPLEMENTED
ecldata5sp.ecl	18	9996	10328	12	NOT_IMPLEMENTED
ecldata5sp.ecl	19	10328	12016	41	NOT_IMPLEMENTED
ecldata5sp.ecl	20	12016	12528	23	NOT_IMPLEMENTED
ecldata5sp.ecl	21	12528	12752	12	NOT_IMPLEMENTED
ecldata5sp.ecl	22	12752	12868	3	NOT_IMPLEMENTED
ecldata5sp.ecl	23	12868	12984	3	NOT_IMPLEMENTED
ecldata5sp.ecl	24	12984	13224	13	NOT_IMPLEMENTED
ecldata5sp.ecl	25	13224	13340	3	NOT_IMPLEMENTED
ecldata5sp.ecl	26	13340	13456	3	NOT_IMPLEMENTED
ecldata5sp.ecl	27	13456	13608	9	NOT_IMPLEMENTED
ecldata5sp.ecl	28	13608	15928	66	NOT_IMPLEMENTED
ecldata5sp.ecl	29	15928	16124	5	NOT_IMPLEMENTED
ecldata5sp.ecl	30	16124	16272	8	NOT_IMPLEMENTED
ecldata5sp.ecl	31	16272	18088	58	NOT_IMPLEMENTED
ecldata5sp.ecl	32	18088	18508	18	NOT_IMPLEMENTED
ecldata5sp.ecl	33	18508	18928	18	NOT_IMPLEMENTED
ecldata5sp.ecl	34	18928	19132	11	NOT_IMPLEMENTED
ecldata5sp.ecl	35	19132	19548	17	NOT_IMPLEMENTED
ecldata5sp.ecl	36	19548	19752	11	NOT_IMPLEMENTED
ecldata5sp.ecl	37	19752	20168	17	NOT_IMPLEMENTED
ecldata5sp.ecl	38	20168	20348	8	NOT_IMPLEMENTED
ecldata5sp.ecl	39	20348	20404	3	NOT_IMPLEMENTED
ecldata5sp.ecl	40	20404	21924	59	NOT_IMPLEMENTED
ecldata5sp.ecl	41	21924	22120	5	NOT_IMPLEMENTED
ecldata5sp.ecl	42	22120	22268	8	NOT_IMPLEMENTED
ecldata5sp.ecl	43	22268	23464	49	NOT_IMPLEMENTED
ecldata5sp.ecl	44	23464	24288	35	NOT_IMPLEMENTED
ecldata5sp.ecl	45	24288	25088	31	NOT_IMPLEMENTED
ecldata5sp.ecl	46	25088	25352	8	NOT_IMPLEMENTED
ecldata5sp.ecl	47	25352	25540	7	NOT_IMPLEMENTED
ecldata5sp.ecl	48	25540	26332	37	NOT_IMPLEMENTED
ecldata5sp.ecl	49	26332	27388	47	NOT_IMPLEMENTED
ecldata5sp.ecl	50	27388	28488	49	NOT_IMPLEMENTED
ecldata5sp.ecl	51	28488	29672	53	NOT_IMPLEMENTED
ecldata5sp.ecl	52	29672	31060	67	NOT_IMPLEMENTED
ecldata6.ecl	0	424	984	25	NOT_IMPLEMENTED
ecldata6.ecl	1	984	1164	9	NOT_IMPLEMENTED
ecldata6.ecl	2	1164	1580	18	NOT_IMPLEMENTED
ecldata6.ecl	3	1580	1760	9	NOT_IMPLEMENTED
ecldata6.ecl	4	1760	1896	5	NOT_IMPLEMENTED
ecldata6.ecl	5	1896	2076	9	NOT_IMPLEMENTED
ecldata6.ecl	6	2076	2256	7	NOT_IMPLEMENTED
ecldata6.ecl	7	2256	2804	25	NOT_IMPLEMENTED
ecldata6.ecl	8	2804	3104	13	NOT_IMPLEMENTED
ecldata6.ecl	9	3104	3252	8	NOT_IMPLEMENTED
ecldata6.ecl	10	3252	3808	21	NOT_IMPLEMENTED
ecldata6.ecl	11	3808	3848	2	NOT_IMPLEMENTED
ecldata6.ecl	12	3848	4904	47	NOT_IMPLEMENTED
ecldata6.ecl	13	4904	6004	49	NOT_IMPLEMENTED
ecldata6.ecl	14	6004	7188	53	NOT_IMPLEMENTED
ecldata6.ecl	15	7188	7416	10	NOT_IMPLEMENTED
ecldata6.ecl	16	7416	7904	21	NOT_IMPLEMENTED
ecldata6.ecl	17	7904	8552	32	NOT_IMPLEMENTED
ecldata6.ecl	18	8552	9212	27	NOT_IMPLEMENTED
ecldata6.ecl	19	9212	9360	8	NOT_IMPLEMENTED
ecldata6.ecl	20	9360	9592	8	NOT_IMPLEMENTED
ecldata6.ecl	21	9592	11704	60	NOT_IMPLEMENTED
ecldata6.ecl	22	11704	12028	12	NOT_IMPLEMENTED
ecldata6.ecl	23	12028	12504	21	NOT_IMPLEMENTED
ecldata6.ecl	24	12504	12980	21	NOT_IMPLEMENTED
ecldata6.ecl	25	12980	13532	25	NOT_IMPLEMENTED
ecldata6.ecl	26	13532	13640	6	NOT_IMPLEMENTED
ecldata6.ecl	27	13640	13764	7	NOT_IMPLEMENTED
ecldata6.ecl	28	13764	14000	12	NOT_IMPLEMENTED
ecldata6.ecl	29	14000	14240	13	NOT_IMPLEMENTED
ecldata6.ecl	30	14240	14756	24	NOT_IMPLEMENTED
ecldata6.ecl	31	14756	14972	12	NOT_IMPLEMENTED
ecldata6.ecl	32	14972	15404	19	NOT_IMPLEMENTED
ecldata6.ecl	33	15404	15992	26	NOT_IMPLEMENTED
ecldata6.ecl	34	15992	16784	33	NOT_IMPLEMENTED
ecldata6.ecl	35	16784	17576	33	NOT_IMPLEMENTED
ecldata6.ecl	36	17576	18316	36	NOT_IMPLEMENTED
ecldata6.ecl	37	18316	18688	16	NOT_IMPLEMENTED
ecldata6.ecl	38	18688	19296	24	NOT_IMPLEMENTED
ecldata6.ecl	39	19296	19444	8	NOT_IMPLEMENTED
ecldata6.ecl	40	19444	20748	65	NOT_IMPLEMENTED
ecldata6.ecl	41	20748	20956	5	NOT_IMPLEMENTED
ecldata6.ecl	42	20956	21464	19	NOT_IMPLEMENTED
ecldata6.ecl	43	21464	21648	9	NOT_IMPLEMENTED
ecldata6.ecl	44	21648	22152	26	NOT_IMPLEMENTED
ecldata6.ecl	45	22152	22444	11	NOT_IMPLEMENTED
ecldata6.ecl	46	22444	22736	11	NOT_IMPLEMENTED
ecldata6.ecl	47	22736	23080	16	NOT_IMPLEMENTED
ecldata6.ecl	48	23080	23460	20	NOT_IMPLEMENTED
ecldata6.ecl	49	23460	23552	4	NOT_IMPLEMENTED
ecldata6.ecl	50	23552	24772	56	NOT_IMPLEMENTED
ecldata6.ecl	51	24772	25900	51	NOT_IMPLEMENTED
ecldata6.ecl	52	25900	27312	26	NOT_IMPLEMENTED
ecldata6.ecl	53	27312	27388	2	NOT_IMPLEMENTED
ecldata6.ecl	54	27388	27868	21	NOT_IMPLEMENTED
ecldata6.ecl	55	27868	28836	41	NOT_IMPLEMENTED
ecldata6.ecl	56	28836	30268	26	NOT_IMPLEMENTED
ecldata6.ecl	57	30268	30592	11	NOT_IMPLEMENTED
ecldata6.ecl	58	30592	30856	8	NOT_IMPLEMENTED
ecldata6.ecl	59	30856	31120	8	NOT_IMPLEMENTED
ecldata6.ecl	60	31120	31460	14	NOT_IMPLEMENTED
ecldata6.ecl	61	31460	31484	1	NOT_IMPLEMENTED
ecldata6.ecl	62	31484	32608	48	NOT_IMPLEMENTED
ecldata6.ecl	63	32608	34100	30	NOT_IMPLEMENTED
ecldata6.ecl	64	34100	34524	16	NOT_IMPLEMENTED
ecldata6.ecl	65	34524	34824	16	NOT_IMPLEMENTED
ecldata6.ecl	66	34824	35060	10	NOT_IMPLEMENTED
ecldata6.ecl	67	35060	35980	36	NOT_IMPLEMENTED
ecldata6.ecl	68	35980	37392	29	NOT_IMPLEMENTED
ecldata6.ecl	69	37392	37588	5	NOT_IMPLEMENTED
ecldata6.ecl	70	37588	37736	8	NOT_IMPLEMENTED
ecldata6.ecl	71	37736	39364	64	NOT_IMPLEMENTED
ecldata6.ecl	72	39364	39620	14	NOT_IMPLEMENTED
ecldata6.ecl	73	39620	42204	78	NOT_IMPLEMENTED
ecldata6.ecl	74	42204	42408	8	NOT_IMPLEMENTED
ecldata6.ecl	75	42408	42836	20	NOT_IMPLEMENTED
ecldata6.ecl	76	42836	42848	0	NOT_IMPLEMENTED
ecldata6.ecl	77	42848	44044	55	NOT_IMPLEMENTED
ecldata6.ecl	78	44044	45876	47	NOT_IMPLEMENTED
ecldata6.ecl	79	45876	46372	19	NOT_IMPLEMENTED
ecldata6.ecl	80	46372	46988	25	NOT_IMPLEMENTED
ecldata6.ecl	81	46988	47792	30	NOT_IMPLEMENTED
ecldata6.ecl	82	47792	48596	30	NOT_IMPLEMENTED
ecldata6.ecl	83	48596	48760	7	NOT_IMPLEMENTED
ecldata6.ecl	84	48760	50176	57	NOT_IMPLEMENTED
ecldata6.ecl	85	50176	50712	21	NOT_IMPLEMENTED
ecldata6.ecl	86	50712	50892	8	NOT_IMPLEMENTED
ecldata6.ecl	87	50892	50932	2	NOT_IMPLEMENTED
ecldata6sp.ecl	0	396	1452	47	NOT_IMPLEMENTED
ecldata6sp.ecl	1	1452	2552	49	NOT_IMPLEMENTED
ecldata6sp.ecl	2	2552	3736	53	NOT_IMPLEMENTED
ecldata6sp.ecl	3	3736	3964	10	NOT_IMPLEMENTED
ecldata6sp.ecl	4	3964	4452	21	NOT_IMPLEMENTED
ecldata6sp.ecl	5	4452	5100	32	NOT_IMPLEMENTED
ecldata6sp.ecl	6	5100	5760	27	NOT_IMPLEMENTED
ecldata6sp.ecl	7	5760	5908	8	NOT_IMPLEMENTED
ecldata6sp.ecl	8	5908	6140	8	NOT_IMPLEMENTED
ecldata6sp.ecl	9	6140	8252	60	NOT_IMPLEMENTED
ecldata6sp.ecl	10	8252	8576	12	NOT_IMPLEMENTED
ecldata6sp.ecl	11	8576	9052	21	NOT_IMPLEMENTED
ecldata6sp.ecl	12	9052	9528	21	NOT_IMPLEMENTED
ecldata6sp.ecl	13	9528	10080	25	NOT_IMPLEMENTED
ecldata6sp.ecl	14	10080	10188	6	NOT_IMPLEMENTED
ecldata6sp.ecl	15	10188	10312	7	NOT_IMPLEMENTED
ecldata6sp.ecl	16	10312	10548	12	NOT_IMPLEMENTED
ecldata6sp.ecl	17	10548	10788	13	NOT_IMPLEMENTED
ecldata6sp.ecl	18	10788	11304	24	NOT_IMPLEMENTED
ecldata6sp.ecl	19	11304	11520	12	NOT_IMPLEMENTED
ecldata6sp.ecl	20	11520	11952	19	NOT_IMPLEMENTED
ecldata6sp.ecl	21	11952	12540	26	NOT_IMPLEMENTED
ecldata6sp.ecl	22	12540	13332	33	NOT_IMPLEMENTED
ecldata6sp.ecl	23	13332	14124	33	NOT_IMPLEMENTED
ecldata6sp.ecl	24	14124	14864	36	NOT_IMPLEMENTED
ecldata6sp.ecl	25	14864	15236	16	NOT_IMPLEMENTED
ecldata6sp.ecl	26	15236	15844	24	NOT_IMPLEMENTED
ecldata6sp.ecl	27	15844	15992	8	NOT_IMPLEMENTED
ecldata6sp.ecl	28	15992	17296	65	NOT_IMPLEMENTED
ecldata6sp.ecl	29	17296	17504	5	NOT_IMPLEMENTED
ecldata6sp.ecl	30	17504	18012	19	NOT_IMPLEMENTED
ecldata6sp.ecl	31	18012	18196	9	NOT_IMPLEMENTED
ecldata6sp.ecl	32	18196	18700	26	NOT_IMPLEMENTED
ecldata6sp.ecl	33	18700	18992	11	NOT_IMPLEMENTED
ecldata6sp.ecl	34	18992	19284	11	NOT_IMPLEMENTED
ecldata6sp.ecl	35	19284	19628	16	NOT_IMPLEMENTED
ecldata6sp.ecl	36	19628	20008	20	NOT_IMPLEMENTED
ecldata6sp.ecl	37	20008	20100	4	NOT_IMPLEMENTED
ecldata6sp.ecl	38	20100	21320	56	NOT_IMPLEMENTED
ecldata6sp.ecl	39	21320	22448	51	NOT_IMPLEMENTED
ecldata6sp.ecl	40	22448	23860	26	NOT_IMPLEMENTED
ecldata6sp.ecl	41	23860	23936	2	NOT_IMPLEMENTED
ecldata6sp.ecl	42	23936	24416	21	NOT_IMPLEMENTED
ecldata6sp.ecl	43	24416	25384	41	NOT_IMPLEMENTED
ecldata6sp.ecl	44	25384	26816	26	NOT_IMPLEMENTED
ecldata6sp.ecl	45	26816	27140	11	NOT_IMPLEMENTED
ecldata6sp.ecl	46	27140	27404	8	NOT_IMPLEMENTED
ecldata6sp.ecl	47	27404	27668	8	NOT_IMPLEMENTED
ecldata6sp.ecl	48	27668	28008	14	NOT_IMPLEMENTED
ecldata6sp.ecl	49	28008	28032	1	NOT_IMPLEMENTED
ecldata6sp.ecl	50	28032	29156	48	NOT_IMPLEMENTED
ecldata6sp.ecl	51	29156	30648	30	NOT_IMPLEMENTED
ecldata6sp.ecl	52	30648	31072	16	NOT_IMPLEMENTED
ecldata6sp.ecl	53	31072	31372	16	NOT_IMPLEMENTED
ecldata6sp.ecl	54	31372	31608	10	NOT_IMPLEMENTED
ecldata6sp.ecl	55	31608	32528	36	NOT_IMPLEMENTED
ecldata6sp.ecl	56	32528	33940	29	NOT_IMPLEMENTED
ecldata6sp.ecl	57	33940	34136	5	NOT_IMPLEMENTED
ecldata6sp.ecl	58	34136	34284	8	NOT_IMPLEMENTED
ecldata6sp.ecl	59	34284	35912	64	NOT_IMPLEMENTED
ecldata6sp.ecl	60	35912	36168	14	NOT_IMPLEMENTED
ecldata6sp.ecl	61	36168	38752	78	NOT_IMPLEMENTED
ecldata6sp.ecl	62	38752	38956	8	NOT_IMPLEMENTED
ecldata6sp.ecl	63	38956	39384	20	NOT_IMPLEMENTED
ecldata6sp.ecl	64	39384	39396	0	NOT_IMPLEMENTED
ecldata6sp.ecl	65	39396	40592	55	NOT_IMPLEMENTED
ecldata6sp.ecl	66	40592	42424	47	NOT_IMPLEMENTED
ecldata6sp.ecl	67	42424	42920	19	NOT_IMPLEMENTED
ecldata6sp.ecl	68	42920	43536	25	NOT_IMPLEMENTED
ecldata6sp.ecl	69	43536	44340	30	NOT_IMPLEMENTED
ecldata6sp.ecl	70	44340	45144	30	NOT_IMPLEMENTED
ecldata6sp.ecl	71	45144	45308	7	NOT_IMPLEMENTED
ecldata6sp.ecl	72	45308	46724	57	NOT_IMPLEMENTED
ecldata6sp.ecl	73	46724	47260	21	NOT_IMPLEMENTED
ecldata6sp.ecl	74	47260	47440	8	NOT_IMPLEMENTED
ecldata6sp.ecl	75	47440	47480	2	NOT_IMPLEMENTED
ecldata6sp.ecl	76	47480	48200	25	NOT_IMPLEMENTED
ecldata6sp.ecl	77	48200	48276	2	NOT_IMPLEMENTED
ecldata6sp.ecl	78	48276	48428	7	NOT_IMPLEMENTED
ecldata6sp.ecl	79	48428	49148	28	NOT_IMPLEMENTED
ecldata6sp.ecl	80	49148	50720	74	NOT_IMPLEMENTED
ecldata7.ecl	0	428	988	25	NOT_IMPLEMENTED
ecldata7.ecl	1	988	1168	9	NOT_IMPLEMENTED
ecldata7.ecl	2	1168	1484	13	NOT_IMPLEMENTED
ecldata7.ecl	3	1484	1664	9	NOT_IMPLEMENTED
ecldata7.ecl	4	1664	1960	13	NOT_IMPLEMENTED
ecldata7.ecl	5	1960	2140	9	NOT_IMPLEMENTED
ecldata7.ecl	6	2140	2400	11	NOT_IMPLEMENTED
ecldata7.ecl	7	2400	2948	25	NOT_IMPLEMENTED
ecldata7.ecl	8	2948	3168	9	NOT_IMPLEMENTED
ecldata7.ecl	9	3168	3316	8	NOT_IMPLEMENTED
ecldata7.ecl	10	3316	3588	12	NOT_IMPLEMENTED
ecldata7.ecl	11	3588	4644	47	NOT_IMPLEMENTED
ecldata7.ecl	12	4644	5744	49	NOT_IMPLEMENTED
ecldata7.ecl	13	5744	6928	53	NOT_IMPLEMENTED
ecldata7.ecl	14	6928	7416	21	NOT_IMPLEMENTED
ecldata7.ecl	15	7416	8064	32	NOT_IMPLEMENTED
ecldata7.ecl	16	8064	8724	27	NOT_IMPLEMENTED
ecldata7.ecl	17	8724	8872	8	NOT_IMPLEMENTED
ecldata7.ecl	18	8872	9104	8	NOT_IMPLEMENTED
ecldata7.ecl	19	9104	11216	60	NOT_IMPLEMENTED
ecldata7.ecl	20	11216	11540	12	NOT_IMPLEMENTED
ecldata7.ecl	21	11540	11800	12	NOT_IMPLEMENTED
ecldata7.ecl	22	11800	12004	9	NOT_IMPLEMENTED
ecldata7.ecl	23	12004	12572	26	NOT_IMPLEMENTED
ecldata7.ecl	24	12572	13644	48	NOT_IMPLEMENTED
ecldata7.ecl	25	13644	14732	49	NOT_IMPLEMENTED
ecldata7.ecl	26	14732	14940	11	NOT_IMPLEMENTED
ecldata7.ecl	27	14940	15548	27	NOT_IMPLEMENTED
ecldata7.ecl	28	15548	16200	28	NOT_IMPLEMENTED
ecldata7.ecl	29	16200	16852	28	NOT_IMPLEMENTED
ecldata7.ecl	30	16852	17100	11	NOT_IMPLEMENTED
ecldata7.ecl	31	17100	18276	57	NOT_IMPLEMENTED
ecldata7.ecl	32	18276	19100	36	NOT_IMPLEMENTED
ecldata7.ecl	33	19100	19276	9	NOT_IMPLEMENTED
ecldata7.ecl	34	19276	20508	61	NOT_IMPLEMENTED
ecldata7.ecl	35	20508	20664	6	NOT_IMPLEMENTED
ecldata7.ecl	36	20664	21452	29	NOT_IMPLEMENTED
ecldata7.ecl	37	21452	21636	9	NOT_IMPLEMENTED
ecldata7.ecl	38	21636	22192	28	NOT_IMPLEMENTED
ecldata7.ecl	39	22192	22608	17	NOT_IMPLEMENTED
ecldata7.ecl	40	22608	22820	7	NOT_IMPLEMENTED
ecldata7.ecl	41	22820	22936	4	NOT_IMPLEMENTED
ecldata7.ecl	42	22936	23328	21	NOT_IMPLEMENTED
ecldata7.ecl	43	23328	23420	4	NOT_IMPLEMENTED
ecldata7.ecl	44	23420	24684	58	NOT_IMPLEMENTED
ecldata7.ecl	45	24684	25848	52	NOT_IMPLEMENTED
ecldata7.ecl	46	25848	26228	20	NOT_IMPLEMENTED
ecldata7.ecl	47	26228	26608	20	NOT_IMPLEMENTED
ecldata7.ecl	48	26608	26988	20	NOT_IMPLEMENTED
ecldata7.ecl	49	26988	27368	20	NOT_IMPLEMENTED
ecldata7.ecl	50	27368	29340	51	NOT_IMPLEMENTED
ecldata7.ecl	51	29340	29612	15	NOT_IMPLEMENTED
ecldata7.ecl	52	29612	30828	50	NOT_IMPLEMENTED
ecldata7.ecl	53	30828	31900	46	NOT_IMPLEMENTED
ecldata7.ecl	54	31900	32052	5	NOT_IMPLEMENTED
ecldata7.ecl	55	32052	33852	44	NOT_IMPLEMENTED
ecldata7.ecl	56	33852	34028	9	NOT_IMPLEMENTED
ecldata7.ecl	57	34028	34324	11	NOT_IMPLEMENTED
ecldata7.ecl	58	34324	35916	65	NOT_IMPLEMENTED
ecldata7.ecl	59	35916	36052	5	NOT_IMPLEMENTED
ecldata7.ecl	60	36052	36316	12	NOT_IMPLEMENTED
ecldata7.ecl	61	36316	37932	34	NOT_IMPLEMENTED
ecldata7.ecl	62	37932	38704	32	NOT_IMPLEMENTED
ecldata7.ecl	63	38704	39476	32	NOT_IMPLEMENTED
ecldata7.ecl	64	39476	39672	10	NOT_IMPLEMENTED
ecldata7.ecl	65	39672	40004	13	NOT_IMPLEMENTED
ecldata7.ecl	66	40004	40144	5	NOT_IMPLEMENTED
ecldata7.ecl	67	40144	41652	32	NOT_IMPLEMENTED
ecldata7.ecl	68	41652	42504	31	NOT_IMPLEMENTED
ecldata7.ecl	69	42504	43168	29	NOT_IMPLEMENTED
ecldata7.ecl	70	43168	43440	15	NOT_IMPLEMENTED
ecldata7.ecl	71	43440	46708	117	NOT_IMPLEMENTED
ecldata7.ecl	72	46708	47580	38	NOT_IMPLEMENTED
ecldata7.ecl	73	47580	50856	148	NOT_IMPLEMENTED
ecldata7.ecl	74	50856	53496	112	NOT_IMPLEMENTED
ecldata7.ecl	75	53496	54284	37	NOT_IMPLEMENTED
ecldata7.ecl	76	54284	55092	38	NOT_IMPLEMENTED
ecldata7.ecl	77	55092	56396	22	NOT_IMPLEMENTED
ecldata7.ecl	78	56396	56556	6	NOT_IMPLEMENTED
ecldata7.ecl	79	56556	56920	15	NOT_IMPLEMENTED
ecldata7.ecl	80	56920	58204	21	NOT_IMPLEMENTED
ecldata7.ecl	81	58204	58856	27	NOT_IMPLEMENTED
ecldata7.ecl	82	58856	60140	21	NOT_IMPLEMENTED
ecldata7.ecl	83	60140	60672	22	NOT_IMPLEMENTED
ecldata7.ecl	84	60672	61976	22	NOT_IMPLEMENTED
ecldata7.ecl	85	61976	62464	19	NOT_IMPLEMENTED
ecldata7.ecl	86	62464	62868	16	NOT_IMPLEMENTED
ecldata7.ecl	87	62868	64152	21	NOT_IMPLEMENTED
ecldata7.ecl	88	64152	66340	88	NOT_IMPLEMENTED
ecldata7sp.ecl	0	408	1464	47	NOT_IMPLEMENTED
ecldata7sp.ecl	1	1464	2564	49	NOT_IMPLEMENTED
ecldata7sp.ecl	2	2564	3748	53	NOT_IMPLEMENTED
ecldata7sp.ecl	3	3748	3976	10	NOT_IMPLEMENTED
ecldata7sp.ecl	4	3976	4464	21	NOT_IMPLEMENTED
ecldata7sp.ecl	5	4464	5112	32	NOT_IMPLEMENTED
ecldata7sp.ecl	6	5112	5772	27	NOT_IMPLEMENTED
ecldata7sp.ecl	7	5772	5920	8	NOT_IMPLEMENTED
ecldata7sp.ecl	8	5920	6152	8	NOT_IMPLEMENTED
ecldata7sp.ecl	9	6152	8264	60	NOT_IMPLEMENTED
ecldata7sp.ecl	10	8264	8588	12	NOT_IMPLEMENTED
ecldata7sp.ecl	11	8588	8848	12	NOT_IMPLEMENTED
ecldata7sp.ecl	12	8848	9052	9	NOT_IMPLEMENTED
ecldata7sp.ecl	13	9052	9620	26	NOT_IMPLEMENTED
ecldata7sp.ecl	14	9620	10692	48	NOT_IMPLEMENTED
ecldata7sp.ecl	15	10692	11780	49	NOT_IMPLEMENTED
ecldata7sp.ecl	16	11780	11988	11	NOT_IMPLEMENTED
ecldata7sp.ecl	17	11988	12596	27	NOT_IMPLEMENTED
ecldata7sp.ecl	18	12596	13248	28	NOT_IMPLEMENTED
ecldata7sp.ecl	19	13248	13900	28	NOT_IMPLEMENTED
ecldata7sp.ecl	20	13900	14148	11	NOT_IMPLEMENTED
ecldata7sp.ecl	21	14148	15324	57	NOT_IMPLEMENTED
ecldata7sp.ecl	22	15324	16148	36	NOT_IMPLEMENTED
ecldata7sp.ecl	23	16148	16324	9	NOT_IMPLEMENTED
ecldata7sp.ecl	24	16324	17556	61	NOT_IMPLEMENTED
ecldata7sp.ecl	25	17556	17712	6	NOT_IMPLEMENTED
ecldata7sp.ecl	26	17712	18500	29	NOT_IMPLEMENTED
ecldata7sp.ecl	27	18500	18684	9	NOT_IMPLEMENTED
ecldata7sp.ecl	28	18684	19240	28	NOT_IMPLEMENTED
ecldata7sp.ecl	29	19240	19656	17	NOT_IMPLEMENTED
ecldata7sp.ecl	30	19656	19868	7	NOT_IMPLEMENTED
ecldata7sp.ecl	31	19868	19984	4	NOT_IMPLEMENTED
ecldata7sp.ecl	32	19984	20376	21	NOT_IMPLEMENTED
ecldata7sp.ecl	33	20376	20468	4	NOT_IMPLEMENTED
ecldata7sp.ecl	34	20468	21732	58	NOT_IMPLEMENTED
ecldata7sp.ecl	35	21732	22896	52	NOT_IMPLEMENTED
ecldata7sp.ecl	36	22896	23276	20	NOT_IMPLEMENTED
ecldata7sp.ecl	37	23276	23656	20	NOT_IMPLEMENTED
ecldata7sp.ecl	38	23656	24036	20	NOT_IMPLEMENTED
ecldata7sp.ecl	39	24036	24416	20	NOT_IMPLEMENTED
ecldata7sp.ecl	40	24416	26388	51	NOT_IMPLEMENTED
ecldata7sp.ecl	41	26388	26660	15	NOT_IMPLEMENTED
ecldata7sp.ecl	42	26660	27876	50	NOT_IMPLEMENTED
ecldata7sp.ecl	43	27876	28948	46	NOT_IMPLEMENTED
ecldata7sp.ecl	44	28948	29100	5	NOT_IMPLEMENTED
ecldata7sp.ecl	45	29100	30900	44	NOT_IMPLEMENTED
ecldata7sp.ecl	46	30900	31076	9	NOT_IMPLEMENTED
ecldata7sp.ecl	47	31076	31372	11	NOT_IMPLEMENTED
ecldata7sp.ecl	48	31372	32964	65	NOT_IMPLEMENTED
ecldata7sp.ecl	49	32964	33100	5	NOT_IMPLEMENTED
ecldata7sp.ecl	50	33100	33364	12	NOT_IMPLEMENTED
ecldata7sp.ecl	51	33364	34980	34	NOT_IMPLEMENTED
ecldata7sp.ecl	52	34980	35752	32	NOT_IMPLEMENTED
ecldata7sp.ecl	53	35752	36524	32	NOT_IMPLEMENTED
ecldata7sp.ecl	54	36524	36720	10	NOT_IMPLEMENTED
ecldata7sp.ecl	55	36720	37052	13	NOT_IMPLEMENTED
ecldata7sp.ecl	56	37052	37192	5	NOT_IMPLEMENTED
ecldata7sp.ecl	57	37192	38700	32	NOT_IMPLEMENTED
ecldata7sp.ecl	58	38700	39552	31	NOT_IMPLEMENTED
ecldata7sp.ecl	59	39552	40216	29	NOT_IMPLEMENTED
ecldata7sp.ecl	60	40216	40488	15	NOT_IMPLEMENTED
ecldata7sp.ecl	61	40488	43756	117	NOT_IMPLEMENTED
ecldata7sp.ecl	62	43756	44628	38	NOT_IMPLEMENTED
ecldata7sp.ecl	63	44628	47904	148	NOT_IMPLEMENTED
ecldata7sp.ecl	64	47904	50544	112	NOT_IMPLEMENTED
ecldata7sp.ecl	65	50544	51332	37	NOT_IMPLEMENTED
ecldata7sp.ecl	66	51332	52140	38	NOT_IMPLEMENTED
ecldata7sp.ecl	67	52140	53444	22	NOT_IMPLEMENTED
ecldata7sp.ecl	68	53444	53604	6	NOT_IMPLEMENTED
ecldata7sp.ecl	69	53604	53968	15	NOT_IMPLEMENTED
ecldata7sp.ecl	70	53968	55252	21	NOT_IMPLEMENTED
ecldata7sp.ecl	71	55252	55904	27	NOT_IMPLEMENTED
ecldata7sp.ecl	72	55904	57188	21	NOT_IMPLEMENTED
ecldata7sp.ecl	73	57188	57720	22	NOT_IMPLEMENTED
ecldata7sp.ecl	74	57720	59024	22	NOT_IMPLEMENTED
ecldata7sp.ecl	75	59024	59512	19	NOT_IMPLEMENTED
ecldata7sp.ecl	76	59512	59916	16	NOT_IMPLEMENTED
ecldata7sp.ecl	77	59916	61200	21	NOT_IMPLEMENTED
ecldata7sp.ecl	78	61200	63388	88	NOT_IMPLEMENTED
ecldata7sp.ecl	79	63388	65888	112	NOT_IMPLEMENTED
ecldata7sp.ecl	80	65888	66516	27	NOT_IMPLEMENTED
ecldata7sp.ecl	81	66516	68488	90	NOT_IMPLEMENTED
ecldata7sp.ecl	82	68488	68672	8	NOT_IMPLEMENTED
ecldata7sp.ecl	83	68672	70684	95	NOT_IMPLEMENTED
ecldata8.ecl	0	696	880	10	NOT_IMPLEMENTED
ecldata8.ecl	1	880	1048	6	NOT_IMPLEMENTED
ecldata8.ecl	2	1048	1232	10	NOT_IMPLEMENTED
ecldata8.ecl	3	1232	1400	6	NOT_IMPLEMENTED
ecldata8.ecl	4	1400	1584	10	NOT_IMPLEMENTED
ecldata8.ecl	5	1584	1752	6	NOT_IMPLEMENTED
ecldata8.ecl	6	1752	1952	11	NOT_IMPLEMENTED
ecldata8.ecl	7	1952	2200	8	NOT_IMPLEMENTED
ecldata8.ecl	8	2200	2384	10	NOT_IMPLEMENTED
ecldata8.ecl	9	2384	2632	8	NOT_IMPLEMENTED
ecldata8.ecl	10	2632	3480	37	NOT_IMPLEMENTED
ecldata8.ecl	11	3480	4308	36	NOT_IMPLEMENTED
ecldata8.ecl	12	4308	4500	10	NOT_IMPLEMENTED
ecldata8.ecl	13	4500	4648	6	NOT_IMPLEMENTED
ecldata8.ecl	14	4648	4940	11	NOT_IMPLEMENTED
ecldata8.ecl	15	4940	5500	25	NOT_IMPLEMENTED
ecldata8.ecl	16	5500	5680	9	NOT_IMPLEMENTED
ecldata8.ecl	17	5680	5856	6	NOT_IMPLEMENTED
ecldata8.ecl	18	5856	6036	9	NOT_IMPLEMENTED
ecldata8.ecl	19	6036	6172	5	NOT_IMPLEMENTED
ecldata8.ecl	20	6172	6352	9	NOT_IMPLEMENTED
ecldata8.ecl	21	6352	6488	5	NOT_IMPLEMENTED
ecldata8.ecl	22	6488	7244	34	NOT_IMPLEMENTED
ecldata8.ecl	23	7244	7424	9	NOT_IMPLEMENTED
ecldata8.ecl	24	7424	7560	5	NOT_IMPLEMENTED
ecldata8.ecl	25	7560	7740	9	NOT_IMPLEMENTED
ecldata8.ecl	26	7740	7876	5	NOT_IMPLEMENTED
ecldata8.ecl	27	7876	8056	9	NOT_IMPLEMENTED
ecldata8.ecl	28	8056	8212	6	NOT_IMPLEMENTED
ecldata8.ecl	29	8212	9404	54	NOT_IMPLEMENTED
ecldata8.ecl	30	9404	9448	2	NOT_IMPLEMENTED
ecldata8.ecl	31	9448	9628	9	NOT_IMPLEMENTED
ecldata8.ecl	32	9628	9764	5	NOT_IMPLEMENTED
ecldata8.ecl	33	9764	9944	9	NOT_IMPLEMENTED
ecldata8.ecl	34	9944	10076	5	NOT_IMPLEMENTED
ecldata8.ecl	35	10076	10256	9	NOT_IMPLEMENTED
ecldata8.ecl	36	10256	10412	6	NOT_IMPLEMENTED
ecldata8.ecl	37	10412	10592	9	NOT_IMPLEMENTED
ecldata8.ecl	38	10592	10744	6	NOT_IMPLEMENTED
ecldata8.ecl	39	10744	10924	9	NOT_IMPLEMENTED
ecldata8.ecl	40	10924	11080	6	NOT_IMPLEMENTED
ecldata8.ecl	41	11080	11276	8	NOT_IMPLEMENTED
ecldata8.ecl	42	11276	11472	8	NOT_IMPLEMENTED
ecldata8.ecl	43	11472	11668	8	NOT_IMPLEMENTED
ecldata8.ecl	44	11668	11864	8	NOT_IMPLEMENTED
ecldata8.ecl	45	11864	11912	3	NOT_IMPLEMENTED
ecldata8.ecl	46	11912	12968	47	NOT_IMPLEMENTED
ecldata8.ecl	47	12968	14068	49	NOT_IMPLEMENTED
ecldata8.ecl	48	14068	15252	53	NOT_IMPLEMENTED
ecldata8.ecl	49	15252	15480	10	NOT_IMPLEMENTED
ecldata8.ecl	50	15480	15968	21	NOT_IMPLEMENTED
ecldata8.ecl	51	15968	17116	43	NOT_IMPLEMENTED
ecldata8.ecl	52	17116	18364	39	NOT_IMPLEMENTED
ecldata8.ecl	53	18364	19028	24	NOT_IMPLEMENTED
ecldata8.ecl	54	19028	19172	8	NOT_IMPLEMENTED
ecldata8.ecl	55	19172	19380	11	NOT_IMPLEMENTED
ecldata8.ecl	56	19380	20820	54	NOT_IMPLEMENTED
ecldata8.ecl	57	20820	21384	22	NOT_IMPLEMENTED
ecldata8.ecl	58	21384	21448	2	NOT_IMPLEMENTED
ecldata8.ecl	59	21448	21656	11	NOT_IMPLEMENTED
ecldata8.ecl	60	21656	22740	39	NOT_IMPLEMENTED
ecldata8.ecl	61	22740	23988	39	NOT_IMPLEMENTED
ecldata8.ecl	62	23988	24652	24	NOT_IMPLEMENTED
ecldata8.ecl	63	24652	24796	8	NOT_IMPLEMENTED
ecldata8.ecl	64	24796	25868	48	NOT_IMPLEMENTED
ecldata8.ecl	65	25868	26104	12	NOT_IMPLEMENTED
ecldata8.ecl	66	26104	26656	24	NOT_IMPLEMENTED
ecldata8.ecl	67	26656	27108	17	NOT_IMPLEMENTED
ecldata8.ecl	68	27108	27624	26	NOT_IMPLEMENTED
ecldata8.ecl	69	27624	28076	17	NOT_IMPLEMENTED
ecldata8.ecl	70	28076	28592	26	NOT_IMPLEMENTED
ecldata8.ecl	71	28592	29044	17	NOT_IMPLEMENTED
ecldata8.ecl	72	29044	29576	27	NOT_IMPLEMENTED
ecldata8.ecl	73	29576	29824	10	NOT_IMPLEMENTED
ecldata8.ecl	74	29824	30340	26	NOT_IMPLEMENTED
ecldata8.ecl	75	30340	30588	10	NOT_IMPLEMENTED
ecldata8.ecl	76	30588	31132	28	NOT_IMPLEMENTED
ecldata8.ecl	77	31132	31476	14	NOT_IMPLEMENTED
ecldata8.ecl	78	31476	32036	29	NOT_IMPLEMENTED
ecldata8.ecl	79	32036	32380	14	NOT_IMPLEMENTED
ecldata8.ecl	80	32380	32924	28	NOT_IMPLEMENTED
ecldata8.ecl	81	32924	33144	8	NOT_IMPLEMENTED
ecldata8.ecl	82	33144	33600	23	NOT_IMPLEMENTED
ecldata8.ecl	83	33600	34056	23	NOT_IMPLEMENTED
ecldata8.ecl	84	34056	34480	22	NOT_IMPLEMENTED
ecldata8.ecl	85	34480	34572	4	NOT_IMPLEMENTED
ecldata8.ecl	86	34572	35756	54	NOT_IMPLEMENTED
ecldata8.ecl	87	35756	36900	52	NOT_IMPLEMENTED
ecldata8.ecl	88	36900	38128	55	NOT_IMPLEMENTED
ecldata8.ecl	89	38128	38172	2	NOT_IMPLEMENTED
ecldata8.ecl	90	38172	38212	2	NOT_IMPLEMENTED
ecldata8.ecl	91	38212	39236	45	NOT_IMPLEMENTED
ecldata8.ecl	92	39236	40688	65	NOT_IMPLEMENTED
ecldata8.ecl	93	40688	41716	37	NOT_IMPLEMENTED
ecldata8.ecl	94	41716	41972	9	NOT_IMPLEMENTED
ecldata8.ecl	95	41972	42104	5	NOT_IMPLEMENTED
ecldata8.ecl	96	42104	42284	9	NOT_IMPLEMENTED
ecldata8.ecl	97	42284	43452	50	NOT_IMPLEMENTED
ecldata8.ecl	98	43452	46440	101	NOT_IMPLEMENTED
ecldata8.ecl	99	46440	46860	16	NOT_IMPLEMENTED
ecldata8.ecl	100	46860	47632	27	NOT_IMPLEMENTED
ecldata8.ecl	101	47632	47812	10	NOT_IMPLEMENTED
ecldata8.ecl	102	47812	47968	4	NOT_IMPLEMENTED
ecldata8.ecl	103	47968	49384	57	NOT_IMPLEMENTED
ecldata8.ecl	104	49384	49700	17	NOT_IMPLEMENTED
ecldata8.ecl	105	49700	49896	5	NOT_IMPLEMENTED
ecldata8.ecl	106	49896	50036	5	NOT_IMPLEMENTED
ecldata8.ecl	107	50036	50156	4	NOT_IMPLEMENTED
ecldata8.ecl	108	50156	50952	27	NOT_IMPLEMENTED
ecldata8.ecl	109	50952	51112	9	NOT_IMPLEMENTED
ecldata8.ecl	110	51112	51284	7	NOT_IMPLEMENTED
ecldata8.ecl	111	51284	51720	19	NOT_IMPLEMENTED
ecldata8.ecl	112	51720	51892	7	NOT_IMPLEMENTED
ecldata8.ecl	113	51892	52540	23	NOT_IMPLEMENTED
ecldata8.ecl	114	52540	52752	12	NOT_IMPLEMENTED
ecldata8.ecl	115	52752	52944	6	NOT_IMPLEMENTED
ecldata8.ecl	116	52944	53224	11	NOT_IMPLEMENTED
ecldata8.ecl	117	53224	53852	30	NOT_IMPLEMENTED
ecldata8.ecl	118	53852	54520	24	NOT_IMPLEMENTED
ecldata8.ecl	119	54520	54768	14	NOT_IMPLEMENTED
ecldata8.ecl	120	54768	55048	10	NOT_IMPLEMENTED
ecldata8.ecl	121	55048	55328	10	NOT_IMPLEMENTED
ecldata8.ecl	122	55328	55692	14	NOT_IMPLEMENTED
ecldata8.ecl	123	55692	56056	14	NOT_IMPLEMENTED
ecldata8.ecl	124	56056	56128	3	NOT_IMPLEMENTED
ecldata8.ecl	125	56128	56300	7	NOT_IMPLEMENTED
ecldata8.ecl	126	56300	57588	57	NOT_IMPLEMENTED
ecldata8.ecl	127	57588	58488	31	NOT_IMPLEMENTED
ecldata8.ecl	128	58488	58664	7	NOT_IMPLEMENTED
ecldata8.ecl	129	58664	58776	4	NOT_IMPLEMENTED
ecldata8.ecl	130	58776	58980	8	NOT_IMPLEMENTED
ecldata8.ecl	131	58980	60024	44	NOT_IMPLEMENTED
ecldata8.ecl	132	60024	60096	3	NOT_IMPLEMENTED
ecldata8.ecl	133	60096	60372	10	NOT_IMPLEMENTED
ecldata8.ecl	134	60372	60520	5	NOT_IMPLEMENTED
ecldata8.ecl	135	60520	60668	5	NOT_IMPLEMENTED
ecldata8.ecl	136	60668	60956	14	NOT_IMPLEMENTED
ecldata8.ecl	137	60956	61160	10	NOT_IMPLEMENTED
ecldata8.ecl	138	61160	61328	8	NOT_IMPLEMENTED
ecldata8.ecl	139	61328	61532	10	NOT_IMPLEMENTED
ecldata8.ecl	140	61532	61736	10	NOT_IMPLEMENTED
ecldata8.ecl	141	61736	62548	30	NOT_IMPLEMENTED
ecldata8.ecl	142	62548	62708	7	NOT_IMPLEMENTED
ecldata8.ecl	143	62708	63468	27	NOT_IMPLEMENTED
ecldata8.ecl	144	63468	63916	20	NOT_IMPLEMENTED
ecldata8.ecl	145	63916	64116	6	NOT_IMPLEMENTED
ecldata8.ecl	146	64116	64236	4	NOT_IMPLEMENTED
ecldata8.ecl	147	64236	64384	6	NOT_IMPLEMENTED
ecldata8.ecl	148	64384	64552	7	NOT_IMPLEMENTED
ecldata8.ecl	149	64552	69508	247	NOT_IMPLEMENTED
ecldata8.ecl	150	69508	69788	17	NOT_IMPLEMENTED
ecldata8.ecl	151	69788	70068	17	NOT_IMPLEMENTED
ecldata8.ecl	152	70068	71148	38	NOT_IMPLEMENTED
ecldata8.ecl	153	71148	72204	37	NOT_IMPLEMENTED
ecldata8.ecl	154	72204	73604	45	NOT_IMPLEMENTED
ecldata8.ecl	155	73604	75076	49	NOT_IMPLEMENTED
ecldata8sp.ecl	0	540	1596	47	NOT_IMPLEMENTED
ecldata8sp.ecl	1	1596	2696	49	NOT_IMPLEMENTED
ecldata8sp.ecl	2	2696	3880	53	NOT_IMPLEMENTED
ecldata8sp.ecl	3	3880	4108	10	NOT_IMPLEMENTED
ecldata8sp.ecl	4	4108	4596	21	NOT_IMPLEMENTED
ecldata8sp.ecl	5	4596	5744	43	NOT_IMPLEMENTED
ecldata8sp.ecl	6	5744	6992	39	NOT_IMPLEMENTED
ecldata8sp.ecl	7	6992	7656	24	NOT_IMPLEMENTED
ecldata8sp.ecl	8	7656	7800	8	NOT_IMPLEMENTED
ecldata8sp.ecl	9	7800	8008	11	NOT_IMPLEMENTED
ecldata8sp.ecl	10	8008	9448	54	NOT_IMPLEMENTED
ecldata8sp.ecl	11	9448	10012	22	NOT_IMPLEMENTED
ecldata8sp.ecl	12	10012	10076	2	NOT_IMPLEMENTED
ecldata8sp.ecl	13	10076	10284	11	NOT_IMPLEMENTED
ecldata8sp.ecl	14	10284	11368	39	NOT_IMPLEMENTED
ecldata8sp.ecl	15	11368	12616	39	NOT_IMPLEMENTED
ecldata8sp.ecl	16	12616	13280	24	NOT_IMPLEMENTED
ecldata8sp.ecl	17	13280	13424	8	NOT_IMPLEMENTED
ecldata8sp.ecl	18	13424	14496	48	NOT_IMPLEMENTED
ecldata8sp.ecl	19	14496	14732	12	NOT_IMPLEMENTED
ecldata8sp.ecl	20	14732	15284	24	NOT_IMPLEMENTED
ecldata8sp.ecl	21	15284	15736	17	NOT_IMPLEMENTED
ecldata8sp.ecl	22	15736	16252	26	NOT_IMPLEMENTED
ecldata8sp.ecl	23	16252	16704	17	NOT_IMPLEMENTED
ecldata8sp.ecl	24	16704	17220	26	NOT_IMPLEMENTED
ecldata8sp.ecl	25	17220	17672	17	NOT_IMPLEMENTED
ecldata8sp.ecl	26	17672	18204	27	NOT_IMPLEMENTED
ecldata8sp.ecl	27	18204	18452	10	NOT_IMPLEMENTED
ecldata8sp.ecl	28	18452	18968	26	NOT_IMPLEMENTED
ecldata8sp.ecl	29	18968	19216	10	NOT_IMPLEMENTED
ecldata8sp.ecl	30	19216	19760	28	NOT_IMPLEMENTED
ecldata8sp.ecl	31	19760	20104	14	NOT_IMPLEMENTED
ecldata8sp.ecl	32	20104	20664	29	NOT_IMPLEMENTED
ecldata8sp.ecl	33	20664	21008	14	NOT_IMPLEMENTED
ecldata8sp.ecl	34	21008	21552	28	NOT_IMPLEMENTED
ecldata8sp.ecl	35	21552	21772	8	NOT_IMPLEMENTED
ecldata8sp.ecl	36	21772	22228	23	NOT_IMPLEMENTED
ecldata8sp.ecl	37	22228	22684	23	NOT_IMPLEMENTED
ecldata8sp.ecl	38	22684	23108	22	NOT_IMPLEMENTED
ecldata8sp.ecl	39	23108	23200	4	NOT_IMPLEMENTED
ecldata8sp.ecl	40	23200	24384	54	NOT_IMPLEMENTED
ecldata8sp.ecl	41	24384	25528	52	NOT_IMPLEMENTED
ecldata8sp.ecl	42	25528	26756	55	NOT_IMPLEMENTED
ecldata8sp.ecl	43	26756	26800	2	NOT_IMPLEMENTED
ecldata8sp.ecl	44	26800	26840	2	NOT_IMPLEMENTED
ecldata8sp.ecl	45	26840	27864	45	NOT_IMPLEMENTED
ecldata8sp.ecl	46	27864	29316	65	NOT_IMPLEMENTED
ecldata8sp.ecl	47	29316	30344	37	NOT_IMPLEMENTED
ecldata8sp.ecl	48	30344	30600	9	NOT_IMPLEMENTED
ecldata8sp.ecl	49	30600	30732	5	NOT_IMPLEMENTED
ecldata8sp.ecl	50	30732	30912	9	NOT_IMPLEMENTED
ecldata8sp.ecl	51	30912	32080	50	NOT_IMPLEMENTED
ecldata8sp.ecl	52	32080	35068	101	NOT_IMPLEMENTED
ecldata8sp.ecl	53	35068	35488	16	NOT_IMPLEMENTED
ecldata8sp.ecl	54	35488	36260	27	NOT_IMPLEMENTED
ecldata8sp.ecl	55	36260	36440	10	NOT_IMPLEMENTED
ecldata8sp.ecl	56	36440	36596	4	NOT_IMPLEMENTED
ecldata8sp.ecl	57	36596	38012	57	NOT_IMPLEMENTED
ecldata8sp.ecl	58	38012	38328	17	NOT_IMPLEMENTED
ecldata8sp.ecl	59	38328	38524	5	NOT_IMPLEMENTED
ecldata8sp.ecl	60	38524	38664	5	NOT_IMPLEMENTED
ecldata8sp.ecl	61	38664	38784	4	NOT_IMPLEMENTED
ecldata8sp.ecl	62	38784	39580	27	NOT_IMPLEMENTED
ecldata8sp.ecl	63	39580	39740	9	NOT_IMPLEMENTED
ecldata8sp.ecl	64	39740	39912	7	NOT_IMPLEMENTED
ecldata8sp.ecl	65	39912	40348	19	NOT_IMPLEMENTED
ecldata8sp.ecl	66	40348	40520	7	NOT_IMPLEMENTED
ecldata8sp.ecl	67	40520	41168	23	NOT_IMPLEMENTED
ecldata8sp.ecl	68	41168	41380	12	NOT_IMPLEMENTED
ecldata8sp.ecl	69	41380	41572	6	NOT_IMPLEMENTED
ecldata8sp.ecl	70	41572	41852	11	NOT_IMPLEMENTED
ecldata8sp.ecl	71	41852	42480	30	NOT_IMPLEMENTED
ecldata8sp.ecl	72	42480	43148	24	NOT_IMPLEMENTED
ecldata8sp.ecl	73	43148	43396	14	NOT_IMPLEMENTED
ecldata8sp.ecl	74	43396	43676	10	NOT_IMPLEMENTED
ecldata8sp.ecl	75	43676	43956	10	NOT_IMPLEMENTED
ecldata8sp.ecl	76	43956	44320	14	NOT_IMPLEMENTED
ecldata8sp.ecl	77	44320	44684	14	NOT_IMPLEMENTED
ecldata8sp.ecl	78	44684	44756	3	NOT_IMPLEMENTED
ecldata8sp.ecl	79	44756	44928	7	NOT_IMPLEMENTED
ecldata8sp.ecl	80	44928	46216	57	NOT_IMPLEMENTED
ecldata8sp.ecl	81	46216	47116	31	NOT_IMPLEMENTED
ecldata8sp.ecl	82	47116	47292	7	NOT_IMPLEMENTED
ecldata8sp.ecl	83	47292	47404	4	NOT_IMPLEMENTED
ecldata8sp.ecl	84	47404	47608	8	NOT_IMPLEMENTED
ecldata8sp.ecl	85	47608	48652	44	NOT_IMPLEMENTED
ecldata8sp.ecl	86	48652	48724	3	NOT_IMPLEMENTED
ecldata8sp.ecl	87	48724	49000	10	NOT_IMPLEMENTED
ecldata8sp.ecl	88	49000	49148	5	NOT_IMPLEMENTED
ecldata8sp.ecl	89	49148	49296	5	NOT_IMPLEMENTED
ecldata8sp.ecl	90	49296	49584	14	NOT_IMPLEMENTED
ecldata8sp.ecl	91	49584	49788	10	NOT_IMPLEMENTED
ecldata8sp.ecl	92	49788	49956	8	NOT_IMPLEMENTED
ecldata8sp.ecl	93	49956	50160	10	NOT_IMPLEMENTED
ecldata8sp.ecl	94	50160	50364	10	NOT_IMPLEMENTED
ecldata8sp.ecl	95	50364	51176	30	NOT_IMPLEMENTED
ecldata8sp.ecl	96	51176	51336	7	NOT_IMPLEMENTED
ecldata8sp.ecl	97	51336	52096	27	NOT_IMPLEMENTED
ecldata8sp.ecl	98	52096	52544	20	NOT_IMPLEMENTED
ecldata8sp.ecl	99	52544	52744	6	NOT_IMPLEMENTED
ecldata8sp.ecl	100	52744	52864	4	NOT_IMPLEMENTED
ecldata8sp.ecl	101	52864	53012	6	NOT_IMPLEMENTED
ecldata8sp.ecl	102	53012	53180	7	NOT_IMPLEMENTED
ecldata8sp.ecl	103	53180	58136	247	NOT_IMPLEMENTED
ecldata8sp.ecl	104	58136	58416	17	NOT_IMPLEMENTED
ecldata8sp.ecl	105	58416	58696	17	NOT_IMPLEMENTED
ecldata8sp.ecl	106	58696	59776	38	NOT_IMPLEMENTED
ecldata8sp.ecl	107	59776	60832	37	NOT_IMPLEMENTED
ecldata8sp.ecl	108	60832	62232	45	NOT_IMPLEMENTED
ecldata8sp.ecl	109	62232	63704	49	NOT_IMPLEMENTED
ecldata8sp.ecl	110	63704	65916	103	NOT_IMPLEMENTED
ecldata8sp.ecl	111	65916	68992	103	NOT_IMPLEMENTED
ecldata8sp.ecl	112	68992	69368	15	NOT_IMPLEMENTED
ecldata8sp.ecl	113	69368	70924	56	NOT_IMPLEMENTED
ecldata8sp.ecl	114	70924	71488	22	NOT_IMPLEMENTED
ecldata8sp.ecl	115	71488	71552	2	NOT_IMPLEMENTED
ecldata8sp.ecl	116	71552	74332	132	NOT_IMPLEMENTED
ecldata_al.ecl	0	108	336	10	NOT_IMPLEMENTED
ecldata_al.ecl	1	336	1456	42	NOT_IMPLEMENTED
ecldata_al.ecl	2	1456	2276	39	NOT_IMPLEMENTED
ecldata_al.ecl	3	2276	2728	17	NOT_IMPLEMENTED
ecldata_al.ecl	4	2728	2816	3	NOT_IMPLEMENTED
ecldata_al.ecl	5	2816	3872	47	NOT_IMPLEMENTED
ecldata_al.ecl	6	3872	4972	49	NOT_IMPLEMENTED
ecldata_al.ecl	7	4972	6156	53	NOT_IMPLEMENTED
ecldata_al.ecl	8	6156	6740	30	NOT_IMPLEMENTED
ecldata_rm.ecl	0	108	336	10	NOT_IMPLEMENTED
ecldata_rm.ecl	1	336	1192	31	NOT_IMPLEMENTED
ecldata_rm.ecl	2	1192	1412	9	NOT_IMPLEMENTED
ecldata_rm.ecl	3	1412	1632	9	NOT_IMPLEMENTED
ecldata_rm.ecl	4	1632	1876	10	NOT_IMPLEMENTED
ecldata_rm.ecl	5	1876	2932	47	NOT_IMPLEMENTED
ecldata_rm.ecl	6	2932	4032	49	NOT_IMPLEMENTED
ecldata_rm.ecl	7	4032	5216	53	NOT_IMPLEMENTED
ecldata_rm.ecl	8	5216	5800	30	NOT_IMPLEMENTED
ecldata_sk.ecl	0	112	340	10	NOT_IMPLEMENTED
ecldata_sk.ecl	1	340	1152	29	NOT_IMPLEMENTED
ecldata_sk.ecl	2	1152	1632	18	NOT_IMPLEMENTED
ecldata_sk.ecl	3	1632	1852	9	NOT_IMPLEMENTED
ecldata_sk.ecl	4	1852	2072	10	NOT_IMPLEMENTED
ecldata_sk.ecl	5	2072	2164	4	NOT_IMPLEMENTED
ecldata_sk.ecl	6	2164	3220	47	NOT_IMPLEMENTED
ecldata_sk.ecl	7	3220	4320	49	NOT_IMPLEMENTED
ecldata_sk.ecl	8	4320	5504	53	NOT_IMPLEMENTED
ecldata_sk.ecl	9	5504	6088	30	NOT_IMPLEMENTED
ecldata_yk.ecl	0	152	380	10	NOT_IMPLEMENTED
ecldata_yk.ecl	1	380	1436	47	NOT_IMPLEMENTED
ecldata_yk.ecl	2	1436	2536	49	NOT_IMPLEMENTED
ecldata_yk.ecl	3	2536	3720	53	NOT_IMPLEMENTED
ecldata_yk.ecl	4	3720	10756	309	NOT_IMPLEMENTED
ecldata_yk.ecl	5	10756	11788	41	NOT_IMPLEMENTED
ecldata_yk.ecl	6	11788	12872	43	NOT_IMPLEMENTED
ecldata_yk.ecl	7	12872	13956	43	NOT_IMPLEMENTED
ecldata_yk.ecl	8	13956	15040	43	NOT_IMPLEMENTED
ecldata_yk.ecl	9	15040	16048	40	NOT_IMPLEMENTED
ecldata_yk.ecl	10	16048	17056	40	NOT_IMPLEMENTED
ecldata_yk.ecl	11	17056	18140	43	NOT_IMPLEMENTED
ecldata_yk.ecl	12	18140	19148	40	NOT_IMPLEMENTED
ecldata_yk.ecl	13	19148	20232	43	NOT_IMPLEMENTED
ecldata_yk.ecl	14	20232	21220	39	NOT_IMPLEMENTED
ecldata_yk.ecl	15	21220	22304	43	NOT_IMPLEMENTED
ecldata_yk.ecl	16	22304	22396	4	NOT_IMPLEMENTED
ecldata_yk.ecl	17	22396	23608	55	NOT_IMPLEMENTED
ecldata_yk.ecl	18	23608	24192	30	NOT_IMPLEMENTED
ecldata_yk.ecl	19	24192	24288	5	NOT_IMPLEMENTED
ecldata_ym.ecl	0	120	348	10	NOT_IMPLEMENTED
ecldata_ym.ecl	1	348	1176	31	NOT_IMPLEMENTED
ecldata_ym.ecl	2	1176	1308	7	NOT_IMPLEMENTED
ecldata_ym.ecl	3	1308	1576	11	NOT_IMPLEMENTED
ecldata_ym.ecl	4	1576	1800	6	NOT_IMPLEMENTED
ecldata_ym.ecl	5	1800	2148	12	NOT_IMPLEMENTED
ecldata_ym.ecl	6	2148	2240	4	NOT_IMPLEMENTED
ecldata_ym.ecl	7	2240	3296	47	NOT_IMPLEMENTED
ecldata_ym.ecl	8	3296	4396	49	NOT_IMPLEMENTED
ecldata_ym.ecl	9	4396	5580	53	NOT_IMPLEMENTED
ecldata_ym.ecl	10	5580	6164	30	NOT_IMPLEMENTED
ecldata_ym.ecl	11	6164	7368	54	NOT_IMPLEMENTED
ecldata_yy.ecl	0	120	348	10	NOT_IMPLEMENTED
ecldata_yy.ecl	1	348	3152	130	NOT_IMPLEMENTED
ecldata_yy.ecl	2	3152	3424	9	NOT_IMPLEMENTED
ecldata_yy.ecl	3	3424	3696	9	NOT_IMPLEMENTED
ecldata_yy.ecl	4	3696	3968	9	NOT_IMPLEMENTED
ecldata_yy.ecl	5	3968	4624	29	NOT_IMPLEMENTED
ecldata_yy.ecl	6	4624	5280	29	NOT_IMPLEMENTED
ecldata_yy.ecl	7	5280	5552	9	NOT_IMPLEMENTED
ecldata_yy.ecl	8	5552	6608	47	NOT_IMPLEMENTED
ecldata_yy.ecl	9	6608	7708	49	NOT_IMPLEMENTED
ecldata_yy.ecl	10	7708	8892	53	NOT_IMPLEMENTED
ecldata_yy.ecl	11	8892	9476	30	NOT_IMPLEMENTED
